{
"type": "FeatureCollection",
"name": "Plymouth_Intersections_Prepped",
"crs": { "type": "name", "properties": { "name": "urn:ogc:def:crs:EPSG::26915" } },
"features": [
{ "type": "Feature", "properties": { "OBJECTID": 9693, "POINT_X": 458802.9478000002, "POINT_Y": 4981041.3396000005, "Roads": [ [ 1, 2, 3 ] ], "NeighboringIntersections": "[[{1: 3.609775716309427}]]" }, "geometry": { "type": "Point", "coordinates": [ 458802.947800000198185, 4981041.339600000530481 ] } },
{ "type": "Feature", "properties": { "OBJECTID": 9694, "POINT_X": 458803.207, "POINT_Y": 4981097.819, "Roads": [ [ 3, 4, 5 ] ], "NeighboringIntersections": "[[{0: 3.609775716309427, 2: 6.592381869682377, 16: 4.646860334289368}]]" }, "geometry": { "type": "Point", "coordinates": [ 458803.207000000402331, 4981097.81900000013411 ] } },
{ "type": "Feature", "properties": { "OBJECTID": 9695, "POINT_X": 458804.20660000015, "POINT_Y": 4981200.9612000007, "Roads": [ [ 4, 6, 7 ] ], "NeighboringIntersections": "[[{1: 6.592381869682377, 3: 13.158338313455822}]]" }, "geometry": { "type": "Point", "coordinates": [ 458804.206600000150502, 4981200.961200000718236 ] } },
{ "type": "Feature", "properties": { "OBJECTID": 9697, "POINT_X": 458806.66050000023, "POINT_Y": 4981406.8271999992, "Roads": [ [ 7, 8, 29 ] ], "NeighboringIntersections": "[[{2: 13.158338313455822, 4: 26.133721680494766, 17: 4.525536873038453}]]" }, "geometry": { "type": "Point", "coordinates": [ 458806.660500000230968, 4981406.827199999243021 ] } },
{ "type": "Feature", "properties": { "OBJECTID": 9701, "POINT_X": 458810.228, "POINT_Y": 4981815.7103000004, "Roads": [ [ 8, 9, 139 ] ], "NeighboringIntersections": "[[{3: 26.133721680494766, 5: 8.129017678937336, 75: 21.580939009970987}]]" }, "geometry": { "type": "Point", "coordinates": [ 458810.228000000119209, 4981815.71030000038445 ] } },
{ "type": "Feature", "properties": { "OBJECTID": 9703, "POINT_X": 458811.48, "POINT_Y": 4981942.894, "Roads": [ [ 9, 10, 44 ] ], "NeighboringIntersections": "[[{4: 8.129017678937336, 6: 13.922471308239203}]]" }, "geometry": { "type": "Point", "coordinates": [ 458811.480000000447035, 4981942.893999999389052 ] } },
{ "type": "Feature", "properties": { "OBJECTID": 9706, "POINT_X": 458813.6244000001, "POINT_Y": 4982160.72, "Roads": [ [ 10, 11, 95 ] ], "NeighboringIntersections": "[[{5: 13.922471308239203, 7: 12.836828322110339}]]" }, "geometry": { "type": "Point", "coordinates": [ 458813.624400000087917, 4982160.720000000670552 ] } },
{ "type": "Feature", "properties": { "OBJECTID": 9709, "POINT_X": 458816.00009999983, "POINT_Y": 4982361.5560999997, "Roads": [ [ 11, 12, 13, 62 ] ], "NeighboringIntersections": "[[{6: 12.836828322110339, 33: 5.661270857485963}]]" }, "geometry": { "type": "Point", "coordinates": [ 458816.000099999830127, 4982361.556099999696016 ] } },
{ "type": "Feature", "properties": { "OBJECTID": 9724, "POINT_X": 458833.2297, "POINT_Y": 4984083.3899000008, "Roads": [ [ 14, 32, 70 ] ], "NeighboringIntersections": "[[{9: 10.664272260298835, 18: 19.211206673735717, 38: 7.456940462670443}]]" }, "geometry": { "type": "Point", "coordinates": [ 458833.229700000025332, 4984083.38990000076592 ] } },
{ "type": "Feature", "properties": { "OBJECTID": 9727, "POINT_X": 458834.8909, "POINT_Y": 4984250.2391, "Roads": [ [ 14, 15, 16 ] ], "NeighboringIntersections": "[[{8: 10.664272260298835, 10: 18.04356835442149, 37: 21.06666125099981}]]" }, "geometry": { "type": "Point", "coordinates": [ 458834.8909, 4984250.239099999889731 ] } },
{ "type": "Feature", "properties": { "OBJECTID": 9732, "POINT_X": 458837.4598000003, "POINT_Y": 4984532.5442999993, "Roads": [ [ 15, 18, 33 ] ], "NeighboringIntersections": "[[{9: 18.04356835442149, 19: 3.402006941247826}]]" }, "geometry": { "type": "Point", "coordinates": [ 458837.459800000302494, 4984532.544299999251962 ] } },
{ "type": "Feature", "properties": { "OBJECTID": 9739, "POINT_X": 458841.76659999974, "POINT_Y": 4986847.3194999993, "Roads": [ [ 19, 21, 55 ] ], "NeighboringIntersections": "[[{12: 11.387832514511876, 29: 5.16265329077452}]]" }, "geometry": { "type": "Point", "coordinates": [ 458841.76659999974072, 4986847.319499999284744 ] } },
{ "type": "Feature", "properties": { "OBJECTID": 9746, "POINT_X": 458848.28359999973, "POINT_Y": 4986669.2606000006, "Roads": [ [ 20, 21, 23, 83 ] ], "NeighboringIntersections": "[[{11: 11.387832514511876, 47: 7.512352796984078}]]" }, "geometry": { "type": "Point", "coordinates": [ 458848.283599999733269, 4986669.260600000619888 ] } },
{ "type": "Feature", "properties": { "OBJECTID": 9751, "POINT_X": 458852.6361999996, "POINT_Y": 4987562.0682999995, "Roads": [ [ 17, 22, 61 ] ], "NeighboringIntersections": "[[{32: 5.685018480543984}]]" }, "geometry": { "type": "Point", "coordinates": [ 458852.636199999600649, 4987562.068299999460578 ] } },
{ "type": "Feature", "properties": { "OBJECTID": 9766, "POINT_X": 458863.58579999954, "POINT_Y": 4986144.2792000007, "Roads": [ [ 24, 25, 149 ] ], "NeighboringIntersections": "[[{79: 16.77555797429364}]]" }, "geometry": { "type": "Point", "coordinates": [ 458863.585799999535084, 4986144.279200000688434 ] } },
{ "type": "Feature", "properties": { "OBJECTID": 9776, "POINT_X": 458875.51350000035, "POINT_Y": 4981460.0405000001, "Roads": [ [ 26, 30, 77 ] ], "NeighboringIntersections": "[[{26: 8.056957391471673, 17: 3.3236950872803726}]]" }, "geometry": { "type": "Point", "coordinates": [ 458875.513500000350177, 4981460.040500000119209 ] } },
{ "type": "Feature", "properties": { "OBJECTID": 9777, "POINT_X": 458875.90909999982, "POINT_Y": 4981097.0068999995, "Roads": [ [ 5, 27, 28 ] ], "NeighboringIntersections": "[[{1: 4.646860334289368, 41: 5.79462685305027}]]" }, "geometry": { "type": "Point", "coordinates": [ 458875.909099999815226, 4981097.006899999454618 ] } },
{ "type": "Feature", "properties": { "OBJECTID": 9779, "POINT_X": 458877.4578999998, "POINT_Y": 4981408.073000001, "Roads": [ [ 29, 30, 47 ] ], "NeighboringIntersections": "[[{3: 4.525536873038453, 15: 3.3236950872803726, 24: 4.943565299255656}]]" }, "geometry": { "type": "Point", "coordinates": [ 458877.457899999804795, 4981408.073000000789762 ] } },
{ "type": "Feature", "properties": { "OBJECTID": 9790, "POINT_X": 458889.70839999989, "POINT_Y": 4983816.0758999996, "Roads": [ [ 32, 52, 81 ] ], "NeighboringIntersections": "[[{8: 19.211206673735717, 46: 5.48749832822797}]]" }, "geometry": { "type": "Point", "coordinates": [ 458889.708399999886751, 4983816.075899999588728 ] } },
{ "type": "Feature", "properties": { "OBJECTID": 9791, "POINT_X": 458890.67779999971, "POINT_Y": 4984531.4542999994, "Roads": [ [ 33, 34, 69 ] ], "NeighboringIntersections": "[[{10: 3.402006941247826, 37: 4.807537539559137}]]" }, "geometry": { "type": "Point", "coordinates": [ 458890.677799999713898, 4984531.454299999400973 ] } },
{ "type": "Feature", "properties": { "OBJECTID": 9792, "POINT_X": 458890.91970000044, "POINT_Y": 4989114.2664000001, "Roads": [ [ 0, 35, 36, 93 ] ], "NeighboringIntersections": "[[{52: 6.65488750091407}]]" }, "geometry": { "type": "Point", "coordinates": [ 458890.919700000435114, 4989114.2664 ] } },
{ "type": "Feature", "properties": { "OBJECTID": 9795, "POINT_X": 458892.62530000042, "POINT_Y": 4987014.0012999997, "Roads": [ [ 37, 38, 73 ] ], "NeighboringIntersections": "[[{40: 13.661925163690144}]]" }, "geometry": { "type": "Point", "coordinates": [ 458892.625300000421703, 4987014.001299999654293 ] } },
{ "type": "Feature", "properties": { "OBJECTID": 9799, "POINT_X": 458894.9616, "POINT_Y": 4987236.103, "Roads": [ [ 41, 42 ] ], "NeighboringIntersections": "[[{31: 31.988548694128013}]]" }, "geometry": { "type": "Point", "coordinates": [ 458894.961600000038743, 4987236.103000000119209 ] } },
{ "type": "Feature", "properties": { "OBJECTID": 9805, "POINT_X": 458903.51779999956, "POINT_Y": 4982560.4052000009, "Roads": [ [ 45, 46, 63 ] ], "NeighboringIntersections": "[[{33: 14.27335465289421}]]" }, "geometry": { "type": "Point", "coordinates": [ 458903.517799999564886, 4982560.405200000852346 ] } },
{ "type": "Feature", "properties": { "OBJECTID": 9809, "POINT_X": 458905.27309999987, "POINT_Y": 4981338.5566000007, "Roads": [ [ 31, 47, 85 ] ], "NeighboringIntersections": "[[{17: 4.943565299255656, 48: 5.06387545866836}]]" }, "geometry": { "type": "Point", "coordinates": [ 458905.27309999987483, 4981338.556600000709295 ] } },
{ "type": "Feature", "properties": { "OBJECTID": 9812, "POINT_X": 458906.7571, "POINT_Y": 4988526.7781000007, "Roads": [ [ 48, 71, 134 ] ], "NeighboringIntersections": "[[{39: 6.224965428972035, 72: 24.53866109872803}]]" }, "geometry": { "type": "Point", "coordinates": [ 458906.757100000046194, 4988526.778100000694394 ] } },
{ "type": "Feature", "properties": { "OBJECTID": 9817, "POINT_X": 458911.70959999971, "POINT_Y": 4981573.5579000004, "Roads": [ [ 26, 50, 140 ] ], "NeighboringIntersections": "[[{15: 8.056957391471673, 75: 13.539608184936764}]]" }, "geometry": { "type": "Point", "coordinates": [ 458911.709599999710917, 4981573.557900000363588 ] } },
{ "type": "Feature", "properties": { "OBJECTID": 9820, "POINT_X": 458912.7111, "POINT_Y": 4987765.953, "Roads": [ [ 51, 222, 302 ] ], "NeighboringIntersections": "[[{123: 25.82315588157993}]]" }, "geometry": { "type": "Point", "coordinates": [ 458912.711099999956787, 4987765.95299999974668 ] } },
{ "type": "Feature", "properties": { "OBJECTID": 9831, "POINT_X": 458922.59439999983, "POINT_Y": 4986311.0031000003, "Roads": [ [ 53, 54, 115, 131 ] ], "NeighboringIntersections": "[[{65: 5.8153150851444435}]]" }, "geometry": { "type": "Point", "coordinates": [ 458922.594399999827147, 4986311.003100000321865 ] } },
{ "type": "Feature", "properties": { "OBJECTID": 9837, "POINT_X": 458928.1353000002, "POINT_Y": 4986871.1519000009, "Roads": [ [ 55, 56, 74 ] ], "NeighboringIntersections": "[[{11: 5.16265329077452, 40: 1.6522779234715372}]]" }, "geometry": { "type": "Point", "coordinates": [ 458928.135300000198185, 4986871.151900000870228 ] } },
{ "type": "Feature", "properties": { "OBJECTID": 9841, "POINT_X": 458933.3322000001, "POINT_Y": 4985988.5159000009, "Roads": [ [ 58, 78, 108 ] ], "NeighboringIntersections": "[[{43: 12.904627636311748, 61: 5.835089121343441}]]" }, "geometry": { "type": "Point", "coordinates": [ 458933.332200000062585, 4985988.515900000929832 ] } },
{ "type": "Feature", "properties": { "OBJECTID": 9844, "POINT_X": 458934.07149999961, "POINT_Y": 4987472.8378999997, "Roads": [ [ 42, 59 ] ], "NeighboringIntersections": "[[{22: 31.988548694128013, 32: 3.9603561265808223}]]" }, "geometry": { "type": "Point", "coordinates": [ 458934.07149999961257, 4987472.837899999693036 ] } },
{ "type": "Feature", "properties": { "OBJECTID": 9852, "POINT_X": 458939.486, "POINT_Y": 4987542.853, "Roads": [ [ 59, 61, 164 ] ], "NeighboringIntersections": "[[{31: 3.9603561265808223, 13: 5.685018480543984, 87: 17.369665911628022}]]" }, "geometry": { "type": "Point", "coordinates": [ 458939.485999999567866, 4987542.853000000119209 ] } },
{ "type": "Feature", "properties": { "OBJECTID": 9853, "POINT_X": 458940.95419999957, "POINT_Y": 4982343.8146000002, "Roads": [ [ 62, 63, 114 ] ], "NeighboringIntersections": "[[{7: 5.661270857485963, 23: 14.27335465289421, 64: 3.6536406471131793}]]" }, "geometry": { "type": "Point", "coordinates": [ 458940.954199999570847, 4982343.814600000157952 ] } },
{ "type": "Feature", "properties": { "OBJECTID": 9854, "POINT_X": 458941.4338999996, "POINT_Y": 4986548.8619, "Roads": [ [ 64, 65, 116 ] ], "NeighboringIntersections": "[[{47: 4.5981284681782295, 65: 14.041704875595999}]]" }, "geometry": { "type": "Point", "coordinates": [ 458941.433899999596179, 4986548.8619 ] } },
{ "type": "Feature", "properties": { "OBJECTID": 9856, "POINT_X": 458942.35240000021, "POINT_Y": 4988066.447000001, "Roads": [ [ 57, 66, 67 ] ], "NeighboringIntersections": "[[{36: 15.9663430460026, 73: 17.389126925760014}]]" }, "geometry": { "type": "Point", "coordinates": [ 458942.352400000207126, 4988066.447000000625849 ] } },
{ "type": "Feature", "properties": { "OBJECTID": 9857, "POINT_X": 458942.642, "POINT_Y": 4988298.3546999991, "Roads": [ [ 66, 68, 124 ] ], "NeighboringIntersections": "[[{35: 15.9663430460026, 39: 10.738399750544529, 68: 8.8480498942975}]]" }, "geometry": { "type": "Point", "coordinates": [ 458942.642, 4988298.354699999094009 ] } },
{ "type": "Feature", "properties": { "OBJECTID": 9865, "POINT_X": 458945.4598000003, "POINT_Y": 4984487.7413, "Roads": [ [ 16, 69, 169 ] ], "NeighboringIntersections": "[[{9: 21.06666125099981, 19: 4.807537539559137, 90: 16.540842683392082}]]" }, "geometry": { "type": "Point", "coordinates": [ 458945.459800000302494, 4984487.74129999987781 ] } },
{ "type": "Feature", "properties": { "OBJECTID": 9868, "POINT_X": 458948.57909999974, "POINT_Y": 4984072.326, "Roads": [ [ 60, 70, 111 ] ], "NeighboringIntersections": "[[{8: 7.456940462670443, 62: 4.61755893671382}]]" }, "geometry": { "type": "Point", "coordinates": [ 458948.57909999974072, 4984072.325999999418855 ] } },
{ "type": "Feature", "properties": { "OBJECTID": 9870, "POINT_X": 458953.6671000002, "POINT_Y": 4988442.6971000005, "Roads": [ [ 68, 71, 72, 135 ] ], "NeighboringIntersections": "[[{36: 10.738399750544529, 25: 6.224965428972035, 72: 9.879126264642721}]]" }, "geometry": { "type": "Point", "coordinates": [ 458953.667100000195205, 4988442.697100000455976 ] } },
{ "type": "Feature", "properties": { "OBJECTID": 9871, "POINT_X": 458953.76829999965, "POINT_Y": 4986885.8446999993, "Roads": [ [ 73, 74, 102 ] ], "NeighboringIntersections": "[[{21: 13.661925163690144, 29: 1.6522779234715372, 57: 4.4850858517937215}]]" }, "geometry": { "type": "Point", "coordinates": [ 458953.768299999646842, 4986885.844699999317527 ] } },
{ "type": "Feature", "properties": { "OBJECTID": 9874, "POINT_X": 458955.4411000004, "POINT_Y": 4981132.4516000003, "Roads": [ [ 28, 75, 87 ] ], "NeighboringIntersections": "[[{16: 5.79462685305027, 50: 2.754165231038845}]]" }, "geometry": { "type": "Point", "coordinates": [ 458955.441100000403821, 4981132.45160000026226 ] } },
{ "type": "Feature", "properties": { "OBJECTID": 9878, "POINT_X": 458957.5736999996, "POINT_Y": 4985648.4404000007, "Roads": [ [ 49, 76, 121 ] ], "NeighboringIntersections": "[[{44: 6.387126593216171, 67: 6.97318365209851}]]" }, "geometry": { "type": "Point", "coordinates": [ 458957.573699999600649, 4985648.440400000661612 ] } },
{ "type": "Feature", "properties": { "OBJECTID": 9883, "POINT_X": 458963.64609999955, "POINT_Y": 4985809.9023000002, "Roads": [ [ 78, 79, 110 ] ], "NeighboringIntersections": "[[{30: 12.904627636311748, 44: 4.532018828544608}]]" }, "geometry": { "type": "Point", "coordinates": [ 458963.646099999547005, 4985809.902300000190735 ] } },
{ "type": "Feature", "properties": { "OBJECTID": 9884, "POINT_X": 458963.97350000031, "POINT_Y": 4985740.7225000001, "Roads": [ [ 76, 79, 117 ] ], "NeighboringIntersections": "[[{42: 6.387126593216171, 43: 4.532018828544608}]]" }, "geometry": { "type": "Point", "coordinates": [ 458963.973500000312924, 4985740.722500000149012 ] } },
{ "type": "Feature", "properties": { "OBJECTID": 9886, "POINT_X": 458965.7928, "POINT_Y": 4990068.1279000007, "Roads": [ [ 40, 80, 98 ] ], "NeighboringIntersections": "[[{93: 28.435853739210398, 55: 4.7052576038394}]]" }, "geometry": { "type": "Point", "coordinates": [ 458965.792799999937415, 4990068.127900000661612 ] } },
{ "type": "Feature", "properties": { "OBJECTID": 9888, "POINT_X": 458967.86409999989, "POINT_Y": 4983787.962, "Roads": [ [ 81, 82, 138 ] ], "NeighboringIntersections": "[[{18: 5.48749832822797, 74: 9.432581445562732}]]" }, "geometry": { "type": "Point", "coordinates": [ 458967.864099999889731, 4983787.96199999935925 ] } },
{ "type": "Feature", "properties": { "OBJECTID": 9890, "POINT_X": 458970.01009999961, "POINT_Y": 4986622.6382, "Roads": [ [ 65, 83, 84, 123 ] ], "NeighboringIntersections": "[[{34: 4.5981284681782295, 12: 7.512352796984078, 58: 7.6989098986155495}]]" }, "geometry": { "type": "Point", "coordinates": [ 458970.010099999606609, 4986622.6382 ] } },
{ "type": "Feature", "properties": { "OBJECTID": 9901, "POINT_X": 458979.50729999971, "POINT_Y": 4981314.3037, "Roads": [ [ 85, 86, 155 ] ], "NeighboringIntersections": "[[{24: 5.06387545866836, 82: 12.956986993409148}]]" }, "geometry": { "type": "Point", "coordinates": [ 458979.507299999706447, 4981314.3037 ] } },
{ "type": "Feature", "properties": { "OBJECTID": 9904, "POINT_X": 458985.16629999969, "POINT_Y": 4985052.5878, "Roads": [ [ 88, 97, 119 ] ], "NeighboringIntersections": "[[{53: 18.17991304269482, 54: 3.435540956048389}]]" }, "geometry": { "type": "Point", "coordinates": [ 458985.166299999691546, 4985052.587799999862909 ] } },
{ "type": "Feature", "properties": { "OBJECTID": 9905, "POINT_X": 458986.98269999959, "POINT_Y": 4981161.7786999997, "Roads": [ [ 75, 89, 90 ] ], "NeighboringIntersections": "[[{41: 2.754165231038845, 82: 11.477863285696104}]]" }, "geometry": { "type": "Point", "coordinates": [ 458986.982699999585748, 4981161.778699999675155 ] } },
{ "type": "Feature", "properties": { "OBJECTID": 9908, "POINT_X": 458989.52840000018, "POINT_Y": 4984908.1597000007, "Roads": [ [ 91, 92, 100 ] ], "NeighboringIntersections": "[[{54: 6.033447086500971, 56: 8.27838754588465}]]" }, "geometry": { "type": "Point", "coordinates": [ 458989.528400000184774, 4984908.159700000658631 ] } },
{ "type": "Feature", "properties": { "OBJECTID": 9910, "POINT_X": 458991.85219999962, "POINT_Y": 4989096.2618000004, "Roads": [ [ 93, 94, 173 ] ], "NeighboringIntersections": "[[{20: 6.65488750091407, 59: 15.219288746770323, 92: 18.496792263310983}]]" }, "geometry": { "type": "Point", "coordinates": [ 458991.85219999961555, 4989096.261800000444055 ] } },
{ "type": "Feature", "properties": { "OBJECTID": 9916, "POINT_X": 458997.34640000015, "POINT_Y": 4985280.1988999993, "Roads": [ [ 88, 96, 158 ] ], "NeighboringIntersections": "[[{49: 18.17991304269482, 67: 20.308373649289276, 84: 11.90225777261194}]]" }, "geometry": { "type": "Point", "coordinates": [ 458997.346400000154972, 4985280.198899999260902 ] } },
{ "type": "Feature", "properties": { "OBJECTID": 9919, "POINT_X": 458998.59350000042, "POINT_Y": 4985001.4085000008, "Roads": [ [ 92, 97, 132 ] ], "NeighboringIntersections": "[[{51: 6.033447086500971, 49: 3.435540956048389, 71: 5.263530117714907}]]" }, "geometry": { "type": "Point", "coordinates": [ 458998.593500000424683, 4985001.408500000834465 ] } },
{ "type": "Feature", "properties": { "OBJECTID": 9920, "POINT_X": 458999.4232000001, "POINT_Y": 4990007.1049000006, "Roads": [ [ 98, 106, 118 ] ], "NeighboringIntersections": "[[{45: 4.7052576038394, 60: 10.001987212371962, 66: 5.424906449065379}]]" }, "geometry": { "type": "Point", "coordinates": [ 458999.423200000077486, 4990007.104900000616908 ] } },
{ "type": "Feature", "properties": { "OBJECTID": 9926, "POINT_X": 459003.49469999969, "POINT_Y": 4984783.6241999995, "Roads": [ [ 99, 100, 113 ] ], "NeighboringIntersections": "[[{51: 8.27838754588465, 63: 6.9493708007675945}]]" }, "geometry": { "type": "Point", "coordinates": [ 459003.494699999690056, 4984783.624199999496341 ] } },
{ "type": "Feature", "properties": { "OBJECTID": 9931, "POINT_X": 459008.20409999974, "POINT_Y": 4986836.4840999991, "Roads": [ [ 102, 104, 150 ] ], "NeighboringIntersections": "[[{40: 4.4850858517937215, 58: 4.779301080823798}]]" }, "geometry": { "type": "Point", "coordinates": [ 459008.20409999974072, 4986836.484099999070168 ] } },
{ "type": "Feature", "properties": { "OBJECTID": 9932, "POINT_X": 459008.3564, "POINT_Y": 4986751.0228000004, "Roads": [ [ 84, 103, 104, 146 ] ], "NeighboringIntersections": "[[{47: 7.6989098986155495, 57: 4.779301080823798}]]" }, "geometry": { "type": "Point", "coordinates": [ 459008.356399999931455, 4986751.02280000038445 ] } },
{ "type": "Feature", "properties": { "OBJECTID": 9940, "POINT_X": 459016.66160000023, "POINT_Y": 4989329.534, "Roads": [ [ 94, 105, 151 ] ], "NeighboringIntersections": "[[{52: 15.219288746770323, 80: 8.19622926258958}]]" }, "geometry": { "type": "Point", "coordinates": [ 459016.661600000225008, 4989329.534 ] } },
{ "type": "Feature", "properties": { "OBJECTID": 9941, "POINT_X": 459016.70959999971, "POINT_Y": 4989910.1939000003, "Roads": [ [ 106, 107 ] ], "NeighboringIntersections": "[[{55: 10.001987212371962, 66: 7.095567720294032}]]" }, "geometry": { "type": "Point", "coordinates": [ 459016.709599999710917, 4989910.193900000303984 ] } },
{ "type": "Feature", "properties": { "OBJECTID": 9946, "POINT_X": 459018.20590000041, "POINT_Y": 4986011.0206000004, "Roads": [ [ 101, 108, 109, 147 ] ], "NeighboringIntersections": "[[{30: 5.835089121343441, 78: 6.359633567960378}]]" }, "geometry": { "type": "Point", "coordinates": [ 459018.205900000408292, 4986011.020600000396371 ] } },
{ "type": "Feature", "properties": { "OBJECTID": 9947, "POINT_X": 459019.509, "POINT_Y": 4984076.6596000008, "Roads": [ [ 39, 111, 127 ] ], "NeighboringIntersections": "[[{38: 4.61755893671382, 69: 4.167944099093374}]]" }, "geometry": { "type": "Point", "coordinates": [ 459019.50899999961257, 4984076.659600000828505 ] } },
{ "type": "Feature", "properties": { "OBJECTID": 9949, "POINT_X": 459019.98770000041, "POINT_Y": 4984678.6933999993, "Roads": [ [ 112, 113, 180 ] ], "NeighboringIntersections": "[[{56: 6.9493708007675945, 96: 9.227209048544314}]]" }, "geometry": { "type": "Point", "coordinates": [ 459019.987700000405312, 4984678.693399999290705 ] } },
{ "type": "Feature", "properties": { "OBJECTID": 9952, "POINT_X": 459022.34559999965, "POINT_Y": 4982349.3363000005, "Roads": [ [ 114, 141, 142 ] ], "NeighboringIntersections": "[[{33: 3.6536406471131793, 76: 3.9261973104997483}]]" }, "geometry": { "type": "Point", "coordinates": [ 459022.345599999651313, 4982349.336300000548363 ] } },
{ "type": "Feature", "properties": { "OBJECTID": 9954, "POINT_X": 459022.9446, "POINT_Y": 4986330.1188999992, "Roads": [ [ 115, 116, 126 ] ], "NeighboringIntersections": "[[{28: 5.8153150851444435, 34: 14.041704875595999}]]" }, "geometry": { "type": "Point", "coordinates": [ 459022.944600000046194, 4986330.118899999186397 ] } },
{ "type": "Feature", "properties": { "OBJECTID": 9967, "POINT_X": 459034.43450000044, "POINT_Y": 4989931.1154999994, "Roads": [ [ 107, 118 ] ], "NeighboringIntersections": "[[{60: 7.095567720294032, 55: 5.424906449065379}]]" }, "geometry": { "type": "Point", "coordinates": [ 459034.434500000439584, 4989931.115499999374151 ] } },
{ "type": "Feature", "properties": { "OBJECTID": 9978, "POINT_X": 459042.5674000001, "POINT_Y": 4985580.1128000002, "Roads": [ [ 96, 121, 122, 303 ] ], "NeighboringIntersections": "[[{53: 20.308373649289276, 42: 6.97318365209851, 98: 21.524669965157244, 168: 39.94618736507458}]]" }, "geometry": { "type": "Point", "coordinates": [ 459042.567400000058115, 4985580.112800000235438 ] } },
{ "type": "Feature", "properties": { "OBJECTID": 9998, "POINT_X": 459062.5455, "POINT_Y": 4988237.1071000006, "Roads": [ [ 124, 125, 137 ] ], "NeighboringIntersections": "[[{36: 8.8480498942975, 77: 10.835779934736573, 73: 3.7486150991668263}]]" }, "geometry": { "type": "Point", "coordinates": [ 459062.5455, 4988237.107100000604987 ] } },
{ "type": "Feature", "properties": { "OBJECTID": 10001, "POINT_X": 459067.70349999983, "POINT_Y": 4984119.1848000009, "Roads": [ [ 127, 128, 163 ] ], "NeighboringIntersections": "[[{62: 4.167944099093374, 81: 8.803107803559918}]]" }, "geometry": { "type": "Point", "coordinates": [ 459067.703499999828637, 4984119.184800000861287 ] } },
{ "type": "Feature", "properties": { "OBJECTID": 10002, "POINT_X": 459067.70839999989, "POINT_Y": 4987353.6848000009, "Roads": [ [ 120, 129, 130 ] ], "NeighboringIntersections": "[[{87: 7.851271477607131}]]" }, "geometry": { "type": "Point", "coordinates": [ 459067.708399999886751, 4987353.684800000861287 ] } },
{ "type": "Feature", "properties": { "OBJECTID": 10006, "POINT_X": 459069.741, "POINT_Y": 4984968.6278000008, "Roads": [ [ 132, 133, 157 ] ], "NeighboringIntersections": "[[{54: 5.263530117714907, 84: 18.859086208336016, 83: 8.112581856323734}]]" }, "geometry": { "type": "Point", "coordinates": [ 459069.74100000038743, 4984968.627800000831485 ] } },
{ "type": "Feature", "properties": { "OBJECTID": 10007, "POINT_X": 459072.31790000014, "POINT_Y": 4988370.6066999994, "Roads": [ [ 134, 135, 144 ] ], "NeighboringIntersections": "[[{25: 24.53866109872803, 39: 9.879126264642721, 77: 2.786377734545952}]]" }, "geometry": { "type": "Point", "coordinates": [ 459072.317900000140071, 4988370.606699999421835 ] } },
{ "type": "Feature", "properties": { "OBJECTID": 10008, "POINT_X": 459078.55989999976, "POINT_Y": 4988181.0463999994, "Roads": [ [ 67, 136, 137 ] ], "NeighboringIntersections": "[[{35: 17.389126925760014, 68: 3.7486150991668263}]]" }, "geometry": { "type": "Point", "coordinates": [ 459078.559899999760091, 4988181.046399999409914 ] } },
{ "type": "Feature", "properties": { "OBJECTID": 10014, "POINT_X": 459089.28710000031, "POINT_Y": 4983714.2490999997, "Roads": [ [ 138, 175, 201 ] ], "NeighboringIntersections": "[[{46: 9.432581445562732, 110: 16.835936795905074}]]" }, "geometry": { "type": "Point", "coordinates": [ 459089.287100000306964, 4983714.249099999666214 ] } },
{ "type": "Feature", "properties": { "OBJECTID": 10023, "POINT_X": 459094.70569999982, "POINT_Y": 4981657.2729000002, "Roads": [ [ 139, 140, 161 ] ], "NeighboringIntersections": "[[{4: 21.580939009970987, 26: 13.539608184936764, 85: 6.931441183092371}]]" }, "geometry": { "type": "Point", "coordinates": [ 459094.705699999816716, 4981657.272900000214577 ] } },
{ "type": "Feature", "properties": { "OBJECTID": 10035, "POINT_X": 459107.66660000011, "POINT_Y": 4982369.5249000005, "Roads": [ [ 142, 143, 171 ] ], "NeighboringIntersections": "[[{64: 3.9261973104997483, 91: 4.099095046289151}]]" }, "geometry": { "type": "Point", "coordinates": [ 459107.666600000113249, 4982369.524900000542402 ] } },
{ "type": "Feature", "properties": { "OBJECTID": 10039, "POINT_X": 459114.9291000003, "POINT_Y": 4988379.8242000006, "Roads": [ [ 125, 144, 145 ] ], "NeighboringIntersections": "[[{68: 10.835779934736573, 72: 2.786377734545952, 99: 33.674947390241684}]]" }, "geometry": { "type": "Point", "coordinates": [ 459114.929100000299513, 4988379.824200000613928 ] } },
{ "type": "Feature", "properties": { "OBJECTID": 10043, "POINT_X": 459116.9764, "POINT_Y": 4986009.8071, "Roads": [ [ 147, 148, 162, 176 ] ], "NeighboringIntersections": "[[{61: 6.359633567960378, 79: 9.418254668718683, 86: 12.24496353732207, 94: 6.3621248925320915}]]" }, "geometry": { "type": "Point", "coordinates": [ 459116.976400000043213, 4986009.807099999859929 ] } },
{ "type": "Feature", "properties": { "OBJECTID": 10049, "POINT_X": 459123.6853, "POINT_Y": 4986155.1084000003, "Roads": [ [ 148, 149, 285 ] ], "NeighboringIntersections": "[[{78: 9.418254668718683, 14: 16.77555797429364, 157: 25.850311793615038}]]" }, "geometry": { "type": "Point", "coordinates": [ 459123.685300000011921, 4986155.10840000025928 ] } },
{ "type": "Feature", "properties": { "OBJECTID": 10061, "POINT_X": 459137.1179, "POINT_Y": 4989311.5976, "Roads": [ [ 151, 168 ] ], "NeighboringIntersections": "[[{59: 8.19622926258958, 89: 42.18656810624213}]]" }, "geometry": { "type": "Point", "coordinates": [ 459137.117899999953806, 4989311.5976 ] } },
{ "type": "Feature", "properties": { "OBJECTID": 10066, "POINT_X": 459140.3778, "POINT_Y": 4984231.597, "Roads": [ [ 128, 152, 165 ] ], "NeighboringIntersections": "[[{69: 8.803107803559918, 90: 21.568278713558648}]]" }, "geometry": { "type": "Point", "coordinates": [ 459140.377799999900162, 4984231.596999999135733 ] } },
{ "type": "Feature", "properties": { "OBJECTID": 10074, "POINT_X": 459150.56039999984, "POINT_Y": 4981221.5477000009, "Roads": [ [ 90, 155, 156 ] ], "NeighboringIntersections": "[[{50: 11.477863285696104, 48: 12.956986993409148, 95: 6.584536723888949}]]" }, "geometry": { "type": "Point", "coordinates": [ 459150.560399999842048, 4981221.547700000926852 ] } },
{ "type": "Feature", "properties": { "OBJECTID": 10082, "POINT_X": 459160.67150000017, "POINT_Y": 4984884.7573000006, "Roads": [ [ 154, 157, 192 ] ], "NeighboringIntersections": "[[{71: 8.112581856323734, 103: 7.311198110334831}]]" }, "geometry": { "type": "Point", "coordinates": [ 459160.671500000171363, 4984884.75730000063777 ] } },
{ "type": "Feature", "properties": { "OBJECTID": 10084, "POINT_X": 459162.0444, "POINT_Y": 4985222.9893999994, "Roads": [ [ 133, 158, 159, 195 ] ], "NeighboringIntersections": "[[{71: 18.859086208336016, 53: 11.90225777261194, 105: 7.342573578512813}]]" }, "geometry": { "type": "Point", "coordinates": [ 459162.044400000013411, 4985222.989399999380112 ] } },
{ "type": "Feature", "properties": { "OBJECTID": 10088, "POINT_X": 459169.32919999957, "POINT_Y": 4981579.2775, "Roads": [ [ 160, 161, 203 ] ], "NeighboringIntersections": "[[{75: 6.931441183092371, 111: 13.976900426118663}]]" }, "geometry": { "type": "Point", "coordinates": [ 459169.329199999570847, 4981579.277499999850988 ] } },
{ "type": "Feature", "properties": { "OBJECTID": 10091, "POINT_X": 459174.56510000024, "POINT_Y": 4985832.008, "Roads": [ [ 153, 162, 184 ] ], "NeighboringIntersections": "[[{78: 12.24496353732207, 98: 5.072925690580678}]]" }, "geometry": { "type": "Point", "coordinates": [ 459174.565100000239909, 4985832.007999999448657 ] } },
{ "type": "Feature", "properties": { "OBJECTID": 10093, "POINT_X": 459179.0, "POINT_Y": 4987430.3434999995, "Roads": [ [ 130, 164, 208 ] ], "NeighboringIntersections": "[[{70: 7.851271477607131, 32: 17.369665911628022, 115: 13.370292903651947}]]" }, "geometry": { "type": "Point", "coordinates": [ 459179.0, 4987430.343499999493361 ] } },
{ "type": "Feature", "properties": { "OBJECTID": 10098, "POINT_X": 459185.393, "POINT_Y": 4990339.0141000003, "Roads": [ [ 166, 167, 249 ] ], "NeighboringIntersections": "[[{138: 13.675021787812161}]]" }, "geometry": { "type": "Point", "coordinates": [ 459185.393000000156462, 4990339.01410000026226 ] } },
{ "type": "Feature", "properties": { "OBJECTID": 10100, "POINT_X": 459185.85539999977, "POINT_Y": 4989029.5988999996, "Roads": [ [ 168, 174 ] ], "NeighboringIntersections": "[[{80: 42.18656810624213, 92: 9.472799051773888}]]" }, "geometry": { "type": "Point", "coordinates": [ 459185.855399999767542, 4989029.598899999633431 ] } },
{ "type": "Feature", "properties": { "OBJECTID": 10107, "POINT_X": 459192.5028, "POINT_Y": 4984550.0116000008, "Roads": [ [ 152, 169, 170 ] ], "NeighboringIntersections": "[[{81: 21.568278713558648, 37: 16.540842683392082, 96: 9.003466828894824}]]" }, "geometry": { "type": "Point", "coordinates": [ 459192.502799999900162, 4984550.011600000783801 ] } },
{ "type": "Feature", "properties": { "OBJECTID": 10111, "POINT_X": 459195.56919999979, "POINT_Y": 4982395.3686999995, "Roads": [ [ 171, 172, 217 ] ], "NeighboringIntersections": "[[{76: 4.099095046289151, 119: 7.074011680184468}]]" }, "geometry": { "type": "Point", "coordinates": [ 459195.569199999794364, 4982395.368699999526143 ] } },
{ "type": "Feature", "properties": { "OBJECTID": 10113, "POINT_X": 459196.1239, "POINT_Y": 4988895.5318, "Roads": [ [ 173, 174, 185 ] ], "NeighboringIntersections": "[[{52: 18.496792263310983, 89: 9.472799051773888, 99: 4.306022105850122}]]" }, "geometry": { "type": "Point", "coordinates": [ 459196.1239, 4988895.5318 ] } },
{ "type": "Feature", "properties": { "OBJECTID": 10117, "POINT_X": 459198.06020000018, "POINT_Y": 4990230.8792000003, "Roads": [ [ 80, 181, 206 ] ], "NeighboringIntersections": "[[{45: 28.435853739210398, 97: 20.7347234968564, 113: 8.0901419882194}]]" }, "geometry": { "type": "Point", "coordinates": [ 459198.060200000181794, 4990230.879200000315905 ] } },
{ "type": "Feature", "properties": { "OBJECTID": 10137, "POINT_X": 459214.28280000016, "POINT_Y": 4986030.7961999997, "Roads": [ [ 176, 177, 199 ] ], "NeighboringIntersections": "[[{78: 6.3621248925320915, 108: 4.563137108477133}]]" }, "geometry": { "type": "Point", "coordinates": [ 459214.282800000160933, 4986030.79619999974966 ] } },
{ "type": "Feature", "properties": { "OBJECTID": 10147, "POINT_X": 459224.39290000033, "POINT_Y": 4981293.4001000002, "Roads": [ [ 156, 178, 179 ] ], "NeighboringIntersections": "[[{82: 6.584536723888949, 106: 4.821585744476917}]]" }, "geometry": { "type": "Point", "coordinates": [ 459224.392900000326335, 4981293.400100000202656 ] } },
{ "type": "Feature", "properties": { "OBJECTID": 10150, "POINT_X": 459226.22730000038, "POINT_Y": 4984680.3897999991, "Roads": [ [ 170, 180, 260 ] ], "NeighboringIntersections": "[[{90: 9.003466828894824, 63: 9.227209048544314, 145: 9.923471111075484}]]" }, "geometry": { "type": "Point", "coordinates": [ 459226.227300000376999, 4984680.389799999073148 ] } },
{ "type": "Feature", "properties": { "OBJECTID": 10151, "POINT_X": 459228.39950000029, "POINT_Y": 4990048.0743000004, "Roads": [ [ 181, 182, 186 ] ], "NeighboringIntersections": "[[{93: 20.7347234968564, 113: 12.335351012127248}]]" }, "geometry": { "type": "Point", "coordinates": [ 459228.399500000290573, 4990048.074300000444055 ] } },
{ "type": "Feature", "properties": { "OBJECTID": 10162, "POINT_X": 459245.98159999959, "POINT_Y": 4985800.4963000007, "Roads": [ [ 122, 184, 226 ] ], "NeighboringIntersections": "[[{67: 21.524669965157244, 86: 5.072925690580678, 125: 7.741115106989839}]]" }, "geometry": { "type": "Point", "coordinates": [ 459245.981599999591708, 4985800.496300000697374 ] } },
{ "type": "Feature", "properties": { "OBJECTID": 10163, "POINT_X": 459249.4963999996, "POINT_Y": 4988855.3005999997, "Roads": [ [ 145, 185, 187 ] ], "NeighboringIntersections": "[[{77: 33.674947390241684, 92: 4.306022105850122}]]" }, "geometry": { "type": "Point", "coordinates": [ 459249.496399999596179, 4988855.300599999725819 ] } },
{ "type": "Feature", "properties": { "OBJECTID": 10181, "POINT_X": 459263.6007000003, "POINT_Y": 4983117.8923000004, "Roads": [ [ 188, 189, 245 ] ], "NeighboringIntersections": "[[{102: 23.674338696909352, 104: 12.762303728593226, 136: 10.125324242839872}]]" }, "geometry": { "type": "Point", "coordinates": [ 459263.600700000301003, 4983117.892300000414252 ] } },
{ "type": "Feature", "properties": { "OBJECTID": 10182, "POINT_X": 459265.92619999964, "POINT_Y": 4987432.6616999991, "Roads": [ [ 190, 233 ] ], "NeighboringIntersections": "[[{129: 40.00870160115215}]]" }, "geometry": { "type": "Point", "coordinates": [ 459265.926199999637902, 4987432.661699999123812 ] } },
{ "type": "Feature", "properties": { "OBJECTID": 10185, "POINT_X": 459267.30310000014, "POINT_Y": 4983365.3621999994, "Roads": [ [ 188, 191, 194 ] ], "NeighboringIntersections": "[[{100: 23.674338696909352, 107: 5.799094051964937, 104: 3.1303861640870996}]]" }, "geometry": { "type": "Point", "coordinates": [ 459267.303100000135601, 4983365.362199999392033 ] } },
{ "type": "Feature", "properties": { "OBJECTID": 10192, "POINT_X": 459271.1194000002, "POINT_Y": 4984875.0944999997, "Roads": [ [ 192, 193, 256 ] ], "NeighboringIntersections": "[[{83: 7.311198110334831, 112: 3.324115479397043, 143: 17.577627915481656}]]" }, "geometry": { "type": "Point", "coordinates": [ 459271.119400000199676, 4984875.094499999657273 ] } },
{ "type": "Feature", "properties": { "OBJECTID": 10194, "POINT_X": 459271.58260000031, "POINT_Y": 4983316.6132999994, "Roads": [ [ 189, 194, 228 ] ], "NeighboringIntersections": "[[{100: 12.762303728593226, 102: 3.1303861640870996}]]" }, "geometry": { "type": "Point", "coordinates": [ 459271.582600000314415, 4983316.613299999386072 ] } },
{ "type": "Feature", "properties": { "OBJECTID": 10199, "POINT_X": 459274.73809999973, "POINT_Y": 4985233.6174999997, "Roads": [ [ 195, 196, 218 ] ], "NeighboringIntersections": "[[{84: 7.342573578512813, 120: 5.192574101446768}]]" }, "geometry": { "type": "Point", "coordinates": [ 459274.738099999725819, 4985233.617499999701977 ] } },
{ "type": "Feature", "properties": { "OBJECTID": 10200, "POINT_X": 459277.14279999956, "POINT_Y": 4981347.2038000003, "Roads": [ [ 179, 197, 308 ] ], "NeighboringIntersections": "[[{95: 4.821585744476917, 111: 4.114450391629637}]]" }, "geometry": { "type": "Point", "coordinates": [ 459277.142799999564886, 4981347.20380000025034 ] } },
{ "type": "Feature", "properties": { "OBJECTID": 10204, "POINT_X": 459280.97429999989, "POINT_Y": 4983454.9674999993, "Roads": [ [ 191, 198, 252 ] ], "NeighboringIntersections": "[[{102: 5.799094051964937, 109: 14.976860018764308, 140: 10.58157964691253}]]" }, "geometry": { "type": "Point", "coordinates": [ 459280.974299999885261, 4983454.967499999329448 ] } },
{ "type": "Feature", "properties": { "OBJECTID": 10207, "POINT_X": 459283.83530000038, "POINT_Y": 4986023.7745999992, "Roads": [ [ 183, 199, 224 ] ], "NeighboringIntersections": "[[{94: 4.563137108477133, 124: 5.895903926748697}]]" }, "geometry": { "type": "Point", "coordinates": [ 459283.83530000038445, 4986023.774599999189377 ] } },
{ "type": "Feature", "properties": { "OBJECTID": 10210, "POINT_X": 459285.0263, "POINT_Y": 4983689.2536999993, "Roads": [ [ 198, 200, 258 ] ], "NeighboringIntersections": "[[{107: 14.976860018764308, 110: 7.77733276308145, 144: 12.427573429068255}]]" }, "geometry": { "type": "Point", "coordinates": [ 459285.026300000026822, 4983689.253699999302626 ] } },
{ "type": "Feature", "properties": { "OBJECTID": 10212, "POINT_X": 459286.76059999969, "POINT_Y": 4983810.9286000002, "Roads": [ [ 200, 201, 297 ] ], "NeighboringIntersections": "[[{109: 7.77733276308145, 74: 16.835936795905074, 165: 19.45921901336042}]]" }, "geometry": { "type": "Point", "coordinates": [ 459286.760599999688566, 4983810.928600000217557 ] } },
{ "type": "Feature", "properties": { "OBJECTID": 10219, "POINT_X": 459295.779, "POINT_Y": 4981407.7038000003, "Roads": [ [ 197, 203, 234 ] ], "NeighboringIntersections": "[[{106: 4.114450391629637, 85: 13.976900426118663}]]" }, "geometry": { "type": "Point", "coordinates": [ 459295.779000000096858, 4981407.70380000025034 ] } },
{ "type": "Feature", "properties": { "OBJECTID": 10222, "POINT_X": 459296.52369999979, "POINT_Y": 4984920.4784999993, "Roads": [ [ 193, 204, 229 ] ], "NeighboringIntersections": "[[{103: 3.324115479397043, 116: 3.8309722019747423}]]" }, "geometry": { "type": "Point", "coordinates": [ 459296.523699999786913, 4984920.478499999269843 ] } },
{ "type": "Feature", "properties": { "OBJECTID": 10243, "POINT_X": 459307.78749999963, "POINT_Y": 4990180.7261999995, "Roads": [ [ 182, 206, 238 ] ], "NeighboringIntersections": "[[{97: 12.335351012127248, 93: 8.0901419882194, 132: 5.900911909794986}]]" }, "geometry": { "type": "Point", "coordinates": [ 459307.787499999627471, 4990180.726199999451637 ] } },
{ "type": "Feature", "properties": { "OBJECTID": 10248, "POINT_X": 459311.56120000035, "POINT_Y": 4981921.2811999992, "Roads": [ [ 205, 207, 247 ] ], "NeighboringIntersections": "[[{137: 7.68900503279307}]]" }, "geometry": { "type": "Point", "coordinates": [ 459311.561200000345707, 4981921.281199999153614 ] } },
{ "type": "Feature", "properties": { "OBJECTID": 10262, "POINT_X": 459323.6194000002, "POINT_Y": 4987279.2040999997, "Roads": [ [ 208, 216, 235 ] ], "NeighboringIntersections": "[[{87: 13.370292903651947, 118: 1.7739088009931216, 130: 6.780760838531566}]]" }, "geometry": { "type": "Point", "coordinates": [ 459323.619400000199676, 4987279.20409999974072 ] } },
{ "type": "Feature", "properties": { "OBJECTID": 10265, "POINT_X": 459325.80159999989, "POINT_Y": 4984972.7826000005, "Roads": [ [ 204, 209, 210 ] ], "NeighboringIntersections": "[[{112: 3.8309722019747423, 121: 8.690304254203811}]]" }, "geometry": { "type": "Point", "coordinates": [ 459325.801599999889731, 4984972.782600000500679 ] } },
{ "type": "Feature", "properties": { "OBJECTID": 10273, "POINT_X": 459329.68620000035, "POINT_Y": 4984514.2272999994, "Roads": [ [ 212, 213, 283 ] ], "NeighboringIntersections": "[[{146: 9.667484267501658, 156: 22.360651268082368}]]" }, "geometry": { "type": "Point", "coordinates": [ 459329.686200000345707, 4984514.227299999445677 ] } },
{ "type": "Feature", "properties": { "OBJECTID": 10283, "POINT_X": 459343.2528, "POINT_Y": 4987298.8225999996, "Roads": [ [ 215, 216, 223, 335 ] ], "NeighboringIntersections": "[[{115: 1.7739088009931216, 123: 1.5108007464243507, 182: 15.764837651988515}]]" }, "geometry": { "type": "Point", "coordinates": [ 459343.252799999900162, 4987298.822599999606609 ] } },
{ "type": "Feature", "properties": { "OBJECTID": 10286, "POINT_X": 459347.29559999984, "POINT_Y": 4982439.8715000004, "Roads": [ [ 202, 217, 275 ] ], "NeighboringIntersections": "[[{91: 7.074011680184468, 152: 6.245080786294185}]]" }, "geometry": { "type": "Point", "coordinates": [ 459347.295599999837577, 4982439.871500000357628 ] } },
{ "type": "Feature", "properties": { "OBJECTID": 10291, "POINT_X": 459353.91079999972, "POINT_Y": 4985215.8287000004, "Roads": [ [ 218, 220, 265 ] ], "NeighboringIntersections": "[[{105: 5.192574101446768, 121: 7.175073298352757, 148: 6.52295537978089}]]" }, "geometry": { "type": "Point", "coordinates": [ 459353.910799999721348, 4985215.828700000420213 ] } },
{ "type": "Feature", "properties": { "OBJECTID": 10293, "POINT_X": 459354.1978000002, "POINT_Y": 4985103.565, "Roads": [ [ 210, 219, 220 ] ], "NeighboringIntersections": "[[{116: 8.690304254203811, 120: 7.175073298352757}]]" }, "geometry": { "type": "Point", "coordinates": [ 459354.197800000198185, 4985103.564999999478459 ] } },
{ "type": "Feature", "properties": { "OBJECTID": 10299, "POINT_X": 459358.69919999968, "POINT_Y": 4987062.7873, "Roads": [ [ 221, 232 ] ], "NeighboringIntersections": "[[{130: 8.694892161218467, 128: 30.61352989116195}]]" }, "geometry": { "type": "Point", "coordinates": [ 459358.699199999682605, 4987062.7873 ] } },
{ "type": "Feature", "properties": { "OBJECTID": 10302, "POINT_X": 459359.98539999966, "POINT_Y": 4987315.52, "Roads": [ [ 222, 223, 240, 345 ] ], "NeighboringIntersections": "[[{27: 25.82315588157993, 118: 1.5108007464243507, 133: 3.3911269851364185, 189: 15.780649494294693}]]" }, "geometry": { "type": "Point", "coordinates": [ 459359.985399999655783, 4987315.519999999552965 ] } },
{ "type": "Feature", "properties": { "OBJECTID": 10303, "POINT_X": 459360.03980000038, "POINT_Y": 4985972.7271999996, "Roads": [ [ 224, 225, 271 ] ], "NeighboringIntersections": "[[{108: 5.895903926748697, 151: 7.944702461468488}]]" }, "geometry": { "type": "Point", "coordinates": [ 459360.039800000376999, 4985972.72719999961555 ] } },
{ "type": "Feature", "properties": { "OBJECTID": 10304, "POINT_X": 459361.44159999955, "POINT_Y": 4985832.065, "Roads": [ [ 226, 227, 272 ] ], "NeighboringIntersections": "[[{98: 7.741115106989839, 151: 10.770849349560395}]]" }, "geometry": { "type": "Point", "coordinates": [ 459361.441599999554455, 4985832.064999999478459 ] } },
{ "type": "Feature", "properties": { "OBJECTID": 10314, "POINT_X": 459372.03980000038, "POINT_Y": 4981776.7634999994, "Roads": [ [ 230, 270, 337 ] ], "NeighboringIntersections": "[[{183: 18.768103028592304}]]" }, "geometry": { "type": "Point", "coordinates": [ 459372.039800000376999, 4981776.763499999418855 ] } },
{ "type": "Feature", "properties": { "OBJECTID": 10318, "POINT_X": 459374.37270000018, "POINT_Y": 4989645.2106, "Roads": [ [ 231, 243, 277 ] ], "NeighboringIntersections": "[[{134: 14.42880089979721, 153: 10.472131292344532}]]" }, "geometry": { "type": "Point", "coordinates": [ 459374.372700000181794, 4989645.21059999987483 ] } },
{ "type": "Feature", "properties": { "OBJECTID": 10323, "POINT_X": 459380.98979999963, "POINT_Y": 4986852.7427999992, "Roads": [ [ 211, 232 ] ], "NeighboringIntersections": "[[{122: 30.61352989116195}]]" }, "geometry": { "type": "Point", "coordinates": [ 459380.989799999631941, 4986852.742799999192357 ] } },
{ "type": "Feature", "properties": { "OBJECTID": 10326, "POINT_X": 459383.20749999955, "POINT_Y": 4987378.6695000008, "Roads": [ [ 233, 241 ] ], "NeighboringIntersections": "[[{101: 40.00870160115215, 133: 3.6749484011441833}]]" }, "geometry": { "type": "Point", "coordinates": [ 459383.207499999552965, 4987378.66950000077486 ] } },
{ "type": "Feature", "properties": { "OBJECTID": 10338, "POINT_X": 459399.41860000044, "POINT_Y": 4987204.9712000005, "Roads": [ [ 221, 235, 289 ] ], "NeighboringIntersections": "[[{122: 8.694892161218467, 115: 6.780760838531566, 160: 11.526854385791278}]]" }, "geometry": { "type": "Point", "coordinates": [ 459399.418600000441074, 4987204.971200000494719 ] } },
{ "type": "Feature", "properties": { "OBJECTID": 10345, "POINT_X": 459404.41569999978, "POINT_Y": 4990038.719000001, "Roads": [ [ 237, 274 ] ], "NeighboringIntersections": [ [ { } ] ] }, "geometry": { "type": "Point", "coordinates": [ 459404.415699999779463, 4990038.719000000506639 ] } },
{ "type": "Feature", "properties": { "OBJECTID": 10348, "POINT_X": 459408.71910000034, "POINT_Y": 4990161.1042999998, "Roads": [ [ 236, 238, 239, 322 ] ], "NeighboringIntersections": "[[{113: 5.900911909794986, 138: 3.8646713606347913, 176: 18.577925657982043}]]" }, "geometry": { "type": "Point", "coordinates": [ 459408.719100000336766, 4990161.104299999773502 ] } },
{ "type": "Feature", "properties": { "OBJECTID": 10349, "POINT_X": 459412.46960000042, "POINT_Y": 4987340.554, "Roads": [ [ 240, 241, 310 ] ], "NeighboringIntersections": "[[{123: 3.3911269851364185, 129: 3.6749484011441833, 171: 10.177377316997958}]]" }, "geometry": { "type": "Point", "coordinates": [ 459412.469600000418723, 4987340.553999999538064 ] } },
{ "type": "Feature", "properties": { "OBJECTID": 10352, "POINT_X": 459415.73890000023, "POINT_Y": 4989848.4897000007, "Roads": [ [ 231, 242, 264 ] ], "NeighboringIntersections": "[[{127: 14.42880089979721, 147: 3.6462870799095457}]]" }, "geometry": { "type": "Point", "coordinates": [ 459415.738900000229478, 4989848.489700000733137 ] } },
{ "type": "Feature", "properties": { "OBJECTID": 10356, "POINT_X": 459419.81259999983, "POINT_Y": 4984252.2014000006, "Roads": [ [ 244, 251, 306 ] ], "NeighboringIntersections": "[[{139: 9.932915394558025, 170: 10.989268449860772}]]" }, "geometry": { "type": "Point", "coordinates": [ 459419.812599999830127, 4984252.201400000602007 ] } },
{ "type": "Feature", "properties": { "OBJECTID": 10360, "POINT_X": 459422.014, "POINT_Y": 4983115.9773999993, "Roads": [ [ 245, 246, 320 ] ], "NeighboringIntersections": "[[{100: 10.125324242839872, 175: 10.535250514456752}]]" }, "geometry": { "type": "Point", "coordinates": [ 459422.014000000432134, 4983115.977399999275804 ] } },
{ "type": "Feature", "properties": { "OBJECTID": 10368, "POINT_X": 459429.98990000039, "POINT_Y": 4981915.5442999993, "Roads": [ [ 247, 248, 300 ] ], "NeighboringIntersections": "[[{114: 7.68900503279307, 141: 19.5348031715383, 167: 7.7889463261076886}]]" }, "geometry": { "type": "Point", "coordinates": [ 459429.989900000393391, 4981915.544299999251962 ] } },
{ "type": "Feature", "properties": { "OBJECTID": 10371, "POINT_X": 459434.49490000028, "POINT_Y": 4990225.1130999997, "Roads": [ [ 239, 249, 255, 358 ] ], "NeighboringIntersections": "[[{132: 3.8646713606347913, 88: 13.675021787812161, 142: 1.7183597247736806, 196: 14.384501964856854}]]" }, "geometry": { "type": "Point", "coordinates": [ 459434.494900000281632, 4990225.113099999725819 ] } },
{ "type": "Feature", "properties": { "OBJECTID": 10374, "POINT_X": 459441.04079999961, "POINT_Y": 4984102.3094999995, "Roads": [ [ 250, 251, 286 ] ], "NeighboringIntersections": "[[{135: 9.932915394558025, 158: 8.099801515439193}]]" }, "geometry": { "type": "Point", "coordinates": [ 459441.04079999960959, 4984102.309499999508262 ] } },
{ "type": "Feature", "properties": { "OBJECTID": 10376, "POINT_X": 459443.12849999964, "POINT_Y": 4983464.4617, "Roads": [ [ 252, 253, 290 ] ], "NeighboringIntersections": "[[{107: 10.58157964691253, 144: 9.208925283687654, 161: 15.091634120258046}]]" }, "geometry": { "type": "Point", "coordinates": [ 459443.128499999642372, 4983464.46169999986887 ] } },
{ "type": "Feature", "properties": { "OBJECTID": 10377, "POINT_X": 459443.8909, "POINT_Y": 4982214.5318, "Roads": [ [ 214, 248, 294 ] ], "NeighboringIntersections": "[[{137: 19.5348031715383, 163: 6.137253876491971}]]" }, "geometry": { "type": "Point", "coordinates": [ 459443.8909, 4982214.5318 ] } },
{ "type": "Feature", "properties": { "OBJECTID": 10378, "POINT_X": 459443.90089999977, "POINT_Y": 4990254.3618000001, "Roads": [ [ 254, 255, 338 ] ], "NeighboringIntersections": "[[{138: 1.7183597247736806, 184: 11.328102818667205}]]" }, "geometry": { "type": "Point", "coordinates": [ 459443.900899999774992, 4990254.3618 ] } },
{ "type": "Feature", "properties": { "OBJECTID": 10382, "POINT_X": 459447.42129999958, "POINT_Y": 4984753.8461000007, "Roads": [ [ 256, 257, 261, 312 ] ], "NeighboringIntersections": "[[{103: 17.577627915481656, 166: 11.302666125661187, 145: 4.631645241322995}]]" }, "geometry": { "type": "Point", "coordinates": [ 459447.421299999579787, 4984753.846100000664592 ] } },
{ "type": "Feature", "properties": { "OBJECTID": 10385, "POINT_X": 459447.8651000001, "POINT_Y": 4983599.0876000002, "Roads": [ [ 253, 258, 259 ] ], "NeighboringIntersections": "[[{140: 9.208925283687654, 109: 12.427573429068255, 155: 5.284131825148947}]]" }, "geometry": { "type": "Point", "coordinates": [ 459447.865100000053644, 4983599.087600000202656 ] } },
{ "type": "Feature", "properties": { "OBJECTID": 10386, "POINT_X": 459448.03210000042, "POINT_Y": 4984681.3801000006, "Roads": [ [ 260, 261, 262, 361 ] ], "NeighboringIntersections": "[[{96: 9.923471111075484, 143: 4.631645241322995, 146: 5.164884184095789, 199: 11.068567931903823}]]" }, "geometry": { "type": "Point", "coordinates": [ 459448.032100000418723, 4984681.380100000649691 ] } },
{ "type": "Feature", "properties": { "OBJECTID": 10391, "POINT_X": 459451.56859999988, "POINT_Y": 4984601.0501000006, "Roads": [ [ 213, 262, 284 ] ], "NeighboringIntersections": "[[{117: 9.667484267501658, 145: 5.164884184095789, 156: 8.8816161582001}]]" }, "geometry": { "type": "Point", "coordinates": [ 459451.568599999882281, 4984601.050100000575185 ] } },
{ "type": "Feature", "properties": { "OBJECTID": 10394, "POINT_X": 459453.97539999988, "POINT_Y": 4989807.2059000004, "Roads": [ [ 264, 278, 313 ] ], "NeighboringIntersections": "[[{134: 3.6462870799095457, 153: 4.949629248391276, 172: 10.989892857373334}]]" }, "geometry": { "type": "Point", "coordinates": [ 459453.975399999879301, 4989807.205900000408292 ] } },
{ "type": "Feature", "properties": { "OBJECTID": 10395, "POINT_X": 459454.39279999956, "POINT_Y": 4985201.4886000007, "Roads": [ [ 265, 266, 269 ] ], "NeighboringIntersections": "[[{120: 6.52295537978089, 150: 0.8025562849799656}]]" }, "geometry": { "type": "Point", "coordinates": [ 459454.392799999564886, 4985201.488600000739098 ] } },
{ "type": "Feature", "properties": { "OBJECTID": 10401, "POINT_X": 459458.46679999959, "POINT_Y": 4989155.1274999995, "Roads": [ [ 263, 267, 352 ] ], "NeighboringIntersections": "[[{193: 13.311600186247798}]]" }, "geometry": { "type": "Point", "coordinates": [ 459458.466799999587238, 4989155.127499999478459 ] } },
{ "type": "Feature", "properties": { "OBJECTID": 10408, "POINT_X": 459466.4020999996, "POINT_Y": 4985197.8201000001, "Roads": [ [ 268, 269, 318 ] ], "NeighboringIntersections": "[[{148: 0.8025562849799656, 174: 7.379679076090679}]]" }, "geometry": { "type": "Point", "coordinates": [ 459466.402099999599159, 4985197.82010000012815 ] } },
{ "type": "Feature", "properties": { "OBJECTID": 10423, "POINT_X": 459478.6213999996, "POINT_Y": 4985935.9079, "Roads": [ [ 271, 272, 273, 296 ] ], "NeighboringIntersections": "[[{124: 7.944702461468488, 125: 10.770849349560395, 157: 6.879706839190211, 164: 4.479132841848175}]]" }, "geometry": { "type": "Point", "coordinates": [ 459478.621399999596179, 4985935.9079 ] } },
{ "type": "Feature", "properties": { "OBJECTID": 10432, "POINT_X": 459481.2388000004, "POINT_Y": 4982479.1729000006, "Roads": [ [ 275, 293, 331 ] ], "NeighboringIntersections": "[[{119: 6.245080786294185, 162: 8.47527952881298, 180: 5.979825841339314}]]" }, "geometry": { "type": "Point", "coordinates": [ 459481.238800000399351, 4982479.172900000587106 ] } },
{ "type": "Feature", "properties": { "OBJECTID": 10442, "POINT_X": 459493.3069000002, "POINT_Y": 4989741.276000001, "Roads": [ [ 277, 278, 328 ] ], "NeighboringIntersections": "[[{127: 10.472131292344532, 147: 4.949629248391276, 179: 8.142845439178105}]]" }, "geometry": { "type": "Point", "coordinates": [ 459493.306900000199676, 4989741.276000000536442 ] } },
{ "type": "Feature", "properties": { "OBJECTID": 10454, "POINT_X": 459502.6782, "POINT_Y": 4983945.1636999995, "Roads": [ [ 280, 281, 342 ] ], "NeighboringIntersections": "[[{158: 4.470641151949365, 187: 9.78019526719228}]]" }, "geometry": { "type": "Point", "coordinates": [ 459502.678199999965727, 4983945.163699999451637 ] } },
{ "type": "Feature", "properties": { "OBJECTID": 10456, "POINT_X": 459504.48419999983, "POINT_Y": 4983659.336, "Roads": [ [ 259, 282, 305 ] ], "NeighboringIntersections": "[[{144: 5.284131825148947, 165: 3.185094581014193, 169: 5.443739297721822}]]" }, "geometry": { "type": "Point", "coordinates": [ 459504.484199999831617, 4983659.335999999195337 ] } },
{ "type": "Feature", "properties": { "OBJECTID": 10461, "POINT_X": 459506.06819999963, "POINT_Y": 4984476.1697000004, "Roads": [ [ 283, 284, 307, 341 ] ], "NeighboringIntersections": "[[{117: 22.360651268082368, 146: 8.8816161582001, 170: 11.630638392907176, 186: 10.098034445899527}]]" }, "geometry": { "type": "Point", "coordinates": [ 459506.068199999630451, 4984476.169700000435114 ] } },
{ "type": "Feature", "properties": { "OBJECTID": 10463, "POINT_X": 459510.82990000024, "POINT_Y": 4986038.6185999997, "Roads": [ [ 273, 285, 343 ] ], "NeighboringIntersections": "[[{151: 6.879706839190211, 79: 25.850311793615038, 188: 8.570787799694594}]]" }, "geometry": { "type": "Point", "coordinates": [ 459510.829900000244379, 4986038.618599999696016 ] } },
{ "type": "Feature", "properties": { "OBJECTID": 10464, "POINT_X": 459510.9775, "POINT_Y": 4984014.407, "Roads": [ [ 281, 286, 287 ] ], "NeighboringIntersections": "[[{154: 4.470641151949365, 139: 8.099801515439193, 170: 20.355631910411255}]]" }, "geometry": { "type": "Point", "coordinates": [ 459510.977500000037253, 4984014.406999999657273 ] } },
{ "type": "Feature", "properties": { "OBJECTID": 10471, "POINT_X": 459520.18929999974, "POINT_Y": 4987421.5605999995, "Roads": [ [ 279, 288, 327 ] ], "NeighboringIntersections": "[[{200: 23.5649515421626, 178: 8.148481896056442}]]" }, "geometry": { "type": "Point", "coordinates": [ 459520.189299999736249, 4987421.560599999502301 ] } },
{ "type": "Feature", "properties": { "OBJECTID": 10475, "POINT_X": 459528.00679999962, "POINT_Y": 4987078.5101999994, "Roads": [ [ 289, 325 ] ], "NeighboringIntersections": "[[{130: 11.526854385791278, 177: 45.17326591342389}]]" }, "geometry": { "type": "Point", "coordinates": [ 459528.006799999624491, 4987078.510199999436736 ] } },
{ "type": "Feature", "properties": { "OBJECTID": 10480, "POINT_X": 459532.37289999984, "POINT_Y": 4983245.8463000003, "Roads": [ [ 290, 291, 321 ] ], "NeighboringIntersections": "[[{140: 15.091634120258046, 169: 28.0586265832631, 175: 7.648620184715825}]]" }, "geometry": { "type": "Point", "coordinates": [ 459532.372899999842048, 4983245.846300000324845 ] } },
{ "type": "Feature", "properties": { "OBJECTID": 10482, "POINT_X": 459533.85259999987, "POINT_Y": 4982358.2798999995, "Roads": [ [ 292, 293, 295 ] ], "NeighboringIntersections": "[[{152: 8.47527952881298, 163: 8.129430000271531}]]" }, "geometry": { "type": "Point", "coordinates": [ 459533.85259999986738, 4982358.279899999499321 ] } },
{ "type": "Feature", "properties": { "OBJECTID": 10487, "POINT_X": 459538.0103000002, "POINT_Y": 4982231.3913000003, "Roads": [ [ 294, 295, 301, 364 ] ], "NeighboringIntersections": "[[{141: 6.137253876491971, 162: 8.129430000271531, 167: 20.086625971455184, 202: 13.72041332636507}]]" }, "geometry": { "type": "Point", "coordinates": [ 459538.010300000198185, 4982231.39130000025034 ] } },
{ "type": "Feature", "properties": { "OBJECTID": 10488, "POINT_X": 459538.34769999981, "POINT_Y": 4985902.699, "Roads": [ [ 296, 304, 315 ] ], "NeighboringIntersections": "[[{151: 4.479132841848175, 168: 9.076254106880995}]]" }, "geometry": { "type": "Point", "coordinates": [ 459538.347699999809265, 4985902.698999999091029 ] } },
{ "type": "Feature", "properties": { "OBJECTID": 10489, "POINT_X": 459539.96079999954, "POINT_Y": 4983694.2542000003, "Roads": [ [ 282, 297, 298 ] ], "NeighboringIntersections": "[[{155: 3.185094581014193, 110: 19.45921901336042, 185: 6.301768404479038}]]" }, "geometry": { "type": "Point", "coordinates": [ 459539.960799999535084, 4983694.254200000315905 ] } },
{ "type": "Feature", "properties": { "OBJECTID": 10499, "POINT_X": 459545.33970000036, "POINT_Y": 4984894.5967999995, "Roads": [ [ 257, 299, 309 ] ], "NeighboringIntersections": "[[{143: 11.302666125661187, 173: 5.647593114563731}]]" }, "geometry": { "type": "Point", "coordinates": [ 459545.339700000360608, 4984894.596799999475479 ] } },
{ "type": "Feature", "properties": { "OBJECTID": 10504, "POINT_X": 459551.83710000012, "POINT_Y": 4981917.8476999998, "Roads": [ [ 300, 301, 329 ] ], "NeighboringIntersections": "[[{137: 7.7889463261076886, 163: 20.086625971455184}]]" }, "geometry": { "type": "Point", "coordinates": [ 459551.837100000120699, 4981917.847699999809265 ] } },
{ "type": "Feature", "properties": { "OBJECTID": 10513, "POINT_X": 459561.60170000046, "POINT_Y": 4985781.3243000004, "Roads": [ [ 303, 304, 324 ] ], "NeighboringIntersections": "[[{67: 39.94618736507458, 164: 9.076254106880995}]]" }, "geometry": { "type": "Point", "coordinates": [ 459561.601700000464916, 4985781.324300000444055 ] } },
{ "type": "Feature", "properties": { "OBJECTID": 10514, "POINT_X": 459562.15749999974, "POINT_Y": 4983597.5577000007, "Roads": [ [ 291, 305, 366 ] ], "NeighboringIntersections": "[[{161: 28.0586265832631, 155: 5.443739297721822, 203: 24.57883042230682}]]" }, "geometry": { "type": "Point", "coordinates": [ 459562.15749999973923, 4983597.557700000703335 ] } },
{ "type": "Feature", "properties": { "OBJECTID": 10517, "POINT_X": 459562.73510000017, "POINT_Y": 4984315.4743000008, "Roads": [ [ 287, 306, 307 ] ], "NeighboringIntersections": "[[{158: 20.355631910411255, 135: 10.989268449860772, 156: 11.630638392907176}]]" }, "geometry": { "type": "Point", "coordinates": [ 459562.735100000165403, 4984315.474300000816584 ] } },
{ "type": "Feature", "properties": { "OBJECTID": 10539, "POINT_X": 459571.60209999979, "POINT_Y": 4987253.1662000008, "Roads": [ [ 310, 311, 370 ] ], "NeighboringIntersections": "[[{133: 10.177377316997958, 178: 5.502826006888736, 205: 10.490037155793916}]]" }, "geometry": { "type": "Point", "coordinates": [ 459571.602099999785423, 4987253.166200000792742 ] } },
{ "type": "Feature", "properties": { "OBJECTID": 10541, "POINT_X": 459576.06950000022, "POINT_Y": 4989922.6492, "Roads": [ [ 313, 314, 333 ] ], "NeighboringIntersections": "[[{147: 10.989892857373334, 176: 2.636045356932172, 181: 2.6848700666820284}]]" }, "geometry": { "type": "Point", "coordinates": [ 459576.069500000216067, 4989922.64919999986887 ] } },
{ "type": "Feature", "properties": { "OBJECTID": 10544, "POINT_X": 459578.59779999964, "POINT_Y": 4984974.2468999997, "Roads": [ [ 299, 316, 317 ] ], "NeighboringIntersections": "[[{166: 5.647593114563731, 174: 13.084408676313428}]]" }, "geometry": { "type": "Point", "coordinates": [ 459578.597799999639392, 4984974.246899999678135 ] } },
{ "type": "Feature", "properties": { "OBJECTID": 10546, "POINT_X": 459579.60790000018, "POINT_Y": 4985178.9682999998, "Roads": [ [ 317, 318, 319, 359 ] ], "NeighboringIntersections": "[[{173: 13.084408676313428, 150: 7.379679076090679, 197: 7.796452977777074}]]" }, "geometry": { "type": "Point", "coordinates": [ 459579.607900000177324, 4985178.968299999833107 ] } },
{ "type": "Feature", "properties": { "OBJECTID": 10547, "POINT_X": 459582.53809999954, "POINT_Y": 4983137.3926, "Roads": [ [ 320, 321, 385, 394 ] ], "NeighboringIntersections": "[[{136: 10.535250514456752, 161: 7.648620184715825, 214: 11.532230899140595, 219: 16.847922909742355}]]" }, "geometry": { "type": "Point", "coordinates": [ 459582.538099999539554, 4983137.3926 ] } },
{ "type": "Feature", "properties": { "OBJECTID": 10548, "POINT_X": 459584.2253, "POINT_Y": 4989968.5687000006, "Roads": [ [ 314, 322, 323 ] ], "NeighboringIntersections": "[[{172: 2.636045356932172, 132: 18.577925657982043}]]" }, "geometry": { "type": "Point", "coordinates": [ 459584.225300000049174, 4989968.56870000064373 ] } },
{ "type": "Feature", "properties": { "OBJECTID": 10572, "POINT_X": 459600.98369999975, "POINT_Y": 4987007.2445, "Roads": [ [ 325, 326, 420 ] ], "NeighboringIntersections": "[[{160: 45.17326591342389, 182: 1.7673754453883415}]]" }, "geometry": { "type": "Point", "coordinates": [ 459600.98369999974966, 4987007.2445 ] } },
{ "type": "Feature", "properties": { "OBJECTID": 10575, "POINT_X": 459601.96, "POINT_Y": 4987331.6287999991, "Roads": [ [ 311, 327, 397 ] ], "NeighboringIntersections": "[[{171: 5.502826006888736, 159: 8.148481896056442, 221: 12.943896115059083}]]" }, "geometry": { "type": "Point", "coordinates": [ 459601.959999999962747, 4987331.628799999132752 ] } },
{ "type": "Feature", "properties": { "OBJECTID": 10590, "POINT_X": 459607.868, "POINT_Y": 4989690.7358999997, "Roads": [ [ 276, 328, 354 ] ], "NeighboringIntersections": "[[{153: 8.142845439178105, 194: 3.685003632462226}]]" }, "geometry": { "type": "Point", "coordinates": [ 459607.867999999783933, 4989690.73589999973774 ] } },
{ "type": "Feature", "properties": { "OBJECTID": 10594, "POINT_X": 459610.26219999976, "POINT_Y": 4982514.0124999993, "Roads": [ [ 330, 331, 388 ] ], "NeighboringIntersections": "[[{152: 5.979825841339314, 216: 8.181555470519402}]]" }, "geometry": { "type": "Point", "coordinates": [ 459610.262199999764562, 4982514.012499999254942 ] } },
{ "type": "Feature", "properties": { "OBJECTID": 10596, "POINT_X": 459611.81649999972, "POINT_Y": 4989896.8668000009, "Roads": [ [ 332, 333, 356 ] ], "NeighboringIntersections": "[[{172: 2.6848700666820284, 195: 3.399728363658984}]]" }, "geometry": { "type": "Point", "coordinates": [ 459611.816499999724329, 4989896.866800000891089 ] } },
{ "type": "Feature", "properties": { "OBJECTID": 10605, "POINT_X": 459619.94479999971, "POINT_Y": 4987027.3732999992, "Roads": [ [ 326, 335, 336, 495 ] ], "NeighboringIntersections": "[[{177: 1.7673754453883415, 118: 15.764837651988515, 189: 1.4942885118299578, 269: 23.054632817018053}]]" }, "geometry": { "type": "Point", "coordinates": [ 459619.944799999706447, 4987027.373299999162555 ] } },
{ "type": "Feature", "properties": { "OBJECTID": 10608, "POINT_X": 459621.21509999968, "POINT_Y": 4981656.6967999991, "Roads": [ [ 337, 351, 407 ] ], "NeighboringIntersections": "[[{126: 18.768103028592304, 226: 12.399049027219961}]]" }, "geometry": { "type": "Point", "coordinates": [ 459621.215099999681115, 4981656.69679999910295 ] } },
{ "type": "Feature", "properties": { "OBJECTID": 10614, "POINT_X": 459626.58160000015, "POINT_Y": 4990316.1493999995, "Roads": [ [ 334, 338, 375 ] ], "NeighboringIntersections": "[[{142: 11.328102818667205, 207: 6.266171976321607}]]" }, "geometry": { "type": "Point", "coordinates": [ 459626.581600000150502, 4990316.149399999529123 ] } },
{ "type": "Feature", "properties": { "OBJECTID": 10618, "POINT_X": 459629.76470000017, "POINT_Y": 4983729.1601, "Roads": [ [ 298, 339, 340 ] ], "NeighboringIntersections": "[[{165: 6.301768404479038, 187: 9.765335905579168, 220: 17.448373542610412}]]" }, "geometry": { "type": "Point", "coordinates": [ 459629.764700000174344, 4983729.1601 ] } },
{ "type": "Feature", "properties": { "OBJECTID": 10621, "POINT_X": 459633.11969999969, "POINT_Y": 4984559.2585000005, "Roads": [ [ 341, 347, 381 ] ], "NeighboringIntersections": "[[{156: 10.098034445899527, 211: 7.315375740843319}]]" }, "geometry": { "type": "Point", "coordinates": [ 459633.119699999690056, 4984559.258500000461936 ] } },
{ "type": "Feature", "properties": { "OBJECTID": 10625, "POINT_X": 459633.37889999989, "POINT_Y": 4983881.9097000007, "Roads": [ [ 339, 342, 395 ] ], "NeighboringIntersections": "[[{185: 9.765335905579168, 154: 9.78019526719228, 220: 9.82087223899526}]]" }, "geometry": { "type": "Point", "coordinates": [ 459633.378899999894202, 4983881.909700000658631 ] } },
{ "type": "Feature", "properties": { "OBJECTID": 10628, "POINT_X": 459636.412, "POINT_Y": 4985992.0549, "Roads": [ [ 343, 344, 453 ] ], "NeighboringIntersections": "[[{157: 8.570787799694594, 190: 4.217063635286288, 250: 21.94256145490711}]]" }, "geometry": { "type": "Point", "coordinates": [ 459636.411999999545515, 4985992.05489999987185 ] } },
{ "type": "Feature", "properties": { "OBJECTID": 10629, "POINT_X": 459636.769, "POINT_Y": 4987043.6085000001, "Roads": [ [ 336, 345, 466 ] ], "NeighboringIntersections": "[[{182: 1.4942885118299578, 123: 15.780649494294693, 255: 18.46012926864692}]]" }, "geometry": { "type": "Point", "coordinates": [ 459636.769000000320375, 4987043.6085 ] } },
{ "type": "Feature", "properties": { "OBJECTID": 10631, "POINT_X": 459640.08040000033, "POINT_Y": 4986057.3508000001, "Roads": [ [ 344, 346, 417 ] ], "NeighboringIntersections": "[[{188: 4.217063635286288}]]" }, "geometry": { "type": "Point", "coordinates": [ 459640.080400000326335, 4986057.35080000013113 ] } },
{ "type": "Feature", "properties": { "OBJECTID": 10647, "POINT_X": 459661.6349, "POINT_Y": 4989293.3131000008, "Roads": [ [ 348, 349, 353 ] ], "NeighboringIntersections": "[[{192: 7.798210573925468, 193: 8.411777227264036}]]" }, "geometry": { "type": "Point", "coordinates": [ 459661.634899999946356, 4989293.313100000843406 ] } },
{ "type": "Feature", "properties": { "OBJECTID": 10649, "POINT_X": 459663.06379999965, "POINT_Y": 4989415.3165000007, "Roads": [ [ 349, 350, 377 ] ], "NeighboringIntersections": "[[{191: 7.798210573925468, 194: 17.411311821860703, 209: 3.932645613632368}]]" }, "geometry": { "type": "Point", "coordinates": [ 459663.063799999654293, 4989415.316500000655651 ] } },
{ "type": "Feature", "properties": { "OBJECTID": 10653, "POINT_X": 459664.51350000035, "POINT_Y": 4989163.3957000002, "Roads": [ [ 352, 353, 383 ] ], "NeighboringIntersections": "[[{149: 13.311600186247798, 191: 8.411777227264036, 213: 5.716292639262389}]]" }, "geometry": { "type": "Point", "coordinates": [ 459664.513500000350177, 4989163.395700000226498 ] } },
{ "type": "Feature", "properties": { "OBJECTID": 10656, "POINT_X": 459665.36309999973, "POINT_Y": 4989687.7295999993, "Roads": [ [ 350, 354, 355, 363 ] ], "NeighboringIntersections": "[[{192: 17.411311821860703, 179: 3.685003632462226, 195: 14.407075163236737, 201: 3.0560755956959675}]]" }, "geometry": { "type": "Point", "coordinates": [ 459665.363099999725819, 4989687.729599999263883 ] } },
{ "type": "Feature", "properties": { "OBJECTID": 10657, "POINT_X": 459669.42040000018, "POINT_Y": 4989913.109, "Roads": [ [ 355, 356, 357, 432 ] ], "NeighboringIntersections": "[[{194: 14.407075163236737, 181: 3.399728363658984, 196: 11.728988448710734, 238: 12.770516944163658}]]" }, "geometry": { "type": "Point", "coordinates": [ 459669.420400000177324, 4989913.108999999240041 ] } },
{ "type": "Feature", "properties": { "OBJECTID": 10686, "POINT_X": 459687.9972000001, "POINT_Y": 4990091.926000001, "Roads": [ [ 357, 358, 368 ] ], "NeighboringIntersections": "[[{195: 11.728988448710734, 138: 14.384501964856854, 204: 2.2662472115430283}]]" }, "geometry": { "type": "Point", "coordinates": [ 459687.997200000099838, 4990091.926000000908971 ] } },
{ "type": "Feature", "properties": { "OBJECTID": 10690, "POINT_X": 459691.34549999982, "POINT_Y": 4985209.1083000004, "Roads": [ [ 359, 373, 391 ] ], "NeighboringIntersections": "[[{174: 7.796452977777074, 206: 7.929493664548089}]]" }, "geometry": { "type": "Point", "coordinates": [ 459691.345499999821186, 4985209.108300000429153 ] } },
{ "type": "Feature", "properties": { "OBJECTID": 10695, "POINT_X": 459694.86560000014, "POINT_Y": 4984773.4692000002, "Roads": [ [ 360, 362, 410 ] ], "NeighboringIntersections": "[[{227: 23.85595410720956, 199: 5.7932861713542465, 229: 8.211350497513884}]]" }, "geometry": { "type": "Point", "coordinates": [ 459694.865600000135601, 4984773.469200000166893 ] } },
{ "type": "Feature", "properties": { "OBJECTID": 10697, "POINT_X": 459695.43250000011, "POINT_Y": 4984682.8268999998, "Roads": [ [ 361, 362, 488, 490 ] ], "NeighboringIntersections": "[[{145: 11.068567931903823, 198: 5.7932861713542465, 266: 14.456386546131192, 267: 14.497381103547102}]]" }, "geometry": { "type": "Point", "coordinates": [ 459695.432500000111759, 4984682.826899999752641 ] } },
{ "type": "Feature", "properties": { "OBJECTID": 10709, "POINT_X": 459714.17789999954, "POINT_Y": 4987584.7139, "Roads": [ [ 288, 372, 427 ] ], "NeighboringIntersections": "[[{159: 23.5649515421626, 236: 9.738730415845891}]]" }, "geometry": { "type": "Point", "coordinates": [ 459714.177899999544024, 4987584.713899999856949 ] } },
{ "type": "Feature", "properties": { "OBJECTID": 10713, "POINT_X": 459716.85560000036, "POINT_Y": 4989675.061000001, "Roads": [ [ 363, 403, 446 ] ], "NeighboringIntersections": "[[{194: 3.0560755956959675, 247: 14.897822468969464}]]" }, "geometry": { "type": "Point", "coordinates": [ 459716.855600000359118, 4989675.061000000685453 ] } },
{ "type": "Feature", "properties": { "OBJECTID": 10720, "POINT_X": 459722.9478000002, "POINT_Y": 4982315.3926, "Roads": [ [ 364, 365 ] ], "NeighboringIntersections": "[[{163: 13.72041332636507, 218: 36.834917972480206}]]" }, "geometry": { "type": "Point", "coordinates": [ 459722.947800000198185, 4982315.3926 ] } },
{ "type": "Feature", "properties": { "OBJECTID": 10725, "POINT_X": 459723.859, "POINT_Y": 4983515.2522, "Roads": [ [ 366, 367, 376 ] ], "NeighboringIntersections": "[[{169: 24.57883042230682, 208: 7.131974335649054}]]" }, "geometry": { "type": "Point", "coordinates": [ 459723.859000000171363, 4983515.2522 ] } },
{ "type": "Feature", "properties": { "OBJECTID": 10726, "POINT_X": 459723.96669999976, "POINT_Y": 4990063.9151000008, "Roads": [ [ 368, 369, 433 ] ], "NeighboringIntersections": "[[{196: 2.2662472115430283, 210: 3.672094916223384, 238: 9.154577226935277}]]" }, "geometry": { "type": "Point", "coordinates": [ 459723.966699999757111, 4990063.915100000798702 ] } },
{ "type": "Feature", "properties": { "OBJECTID": 10729, "POINT_X": 459726.56130000018, "POINT_Y": 4987147.5958999991, "Roads": [ [ 370, 371, 482, 501 ] ], "NeighboringIntersections": "[[{171: 10.490037155793916, 263: 21.1565659666082, 272: 17.666337873837296}]]" }, "geometry": { "type": "Point", "coordinates": [ 459726.561300000175834, 4987147.595899999141693 ] } },
{ "type": "Feature", "properties": { "OBJECTID": 10731, "POINT_X": 459727.276, "POINT_Y": 4985323.1481999997, "Roads": [ [ 373, 374, 408 ] ], "NeighboringIntersections": "[[{197: 7.929493664548089, 228: 6.899217899340804}]]" }, "geometry": { "type": "Point", "coordinates": [ 459727.275999999605119, 4985323.148199999704957 ] } },
{ "type": "Feature", "properties": { "OBJECTID": 10733, "POINT_X": 459730.32440000027, "POINT_Y": 4990285.0701000001, "Roads": [ [ 375, 380, 413 ] ], "NeighboringIntersections": "[[{184: 6.266171976321607, 210: 9.31570083941741, 230: 5.802660755110018}]]" }, "geometry": { "type": "Point", "coordinates": [ 459730.324400000274181, 4990285.07010000012815 ] } },
{ "type": "Feature", "properties": { "OBJECTID": 10735, "POINT_X": 459731.31790000014, "POINT_Y": 4983404.0242999997, "Roads": [ [ 376, 387, 451 ] ], "NeighboringIntersections": "[[{203: 7.131974335649054, 215: 9.275043639011267, 249: 23.866988249860867}]]" }, "geometry": { "type": "Point", "coordinates": [ 459731.317900000140071, 4983404.024299999698997 ] } },
{ "type": "Feature", "properties": { "OBJECTID": 10739, "POINT_X": 459733.37930000015, "POINT_Y": 4989414.3607000001, "Roads": [ [ 377, 378, 382, 421 ] ], "NeighboringIntersections": "[[{192: 3.932645613632368, 246: 13.558686877440838, 212: 11.95251747822491}]]" }, "geometry": { "type": "Point", "coordinates": [ 459733.379300000146031, 4989414.3607 ] } },
{ "type": "Feature", "properties": { "OBJECTID": 10750, "POINT_X": 459745.4008, "POINT_Y": 4990124.059, "Roads": [ [ 369, 380, 400 ] ], "NeighboringIntersections": "[[{204: 3.672094916223384, 207: 9.31570083941741}]]" }, "geometry": { "type": "Point", "coordinates": [ 459745.400799999944866, 4990124.059000000357628 ] } },
{ "type": "Feature", "properties": { "OBJECTID": 10753, "POINT_X": 459747.57820000034, "POINT_Y": 4984559.6851000004, "Roads": [ [ 381, 486, 492 ] ], "NeighboringIntersections": "[[{186: 7.315375740843319, 265: 17.055578635466915, 268: 23.18511185008196}]]" }, "geometry": { "type": "Point", "coordinates": [ 459747.578200000338256, 4984559.685100000351667 ] } },
{ "type": "Feature", "properties": { "OBJECTID": 10754, "POINT_X": 459748.40450000018, "POINT_Y": 4989203.0957999993, "Roads": [ [ 382, 384, 415 ] ], "NeighboringIntersections": "[[{209: 11.95251747822491, 213: 3.2403698476628136}]]" }, "geometry": { "type": "Point", "coordinates": [ 459748.404500000178814, 4989203.095799999311566 ] } },
{ "type": "Feature", "properties": { "OBJECTID": 10757, "POINT_X": 459749.14230000041, "POINT_Y": 4989145.1575000007, "Roads": [ [ 383, 384, 484 ] ], "NeighboringIntersections": "[[{193: 5.716292639262389, 212: 3.2403698476628136, 264: 40.302446260636025}]]" }, "geometry": { "type": "Point", "coordinates": [ 459749.142300000414252, 4989145.157500000670552 ] } },
{ "type": "Feature", "properties": { "OBJECTID": 10763, "POINT_X": 459755.7544, "POINT_Y": 4983172.8302999996, "Roads": [ [ 385, 386, 452 ] ], "NeighboringIntersections": "[[{175: 11.532230899140595, 215: 6.099528811168535, 249: 10.607176402918322}]]" }, "geometry": { "type": "Point", "coordinates": [ 459755.754399999976158, 4983172.830299999564886 ] } },
{ "type": "Feature", "properties": { "OBJECTID": 10771, "POINT_X": 459767.5867999997, "POINT_Y": 4983266.7514999993, "Roads": [ [ 386, 387, 416 ] ], "NeighboringIntersections": "[[{214: 6.099528811168535, 208: 9.275043639011267}]]" }, "geometry": { "type": "Point", "coordinates": [ 459767.586799999698997, 4983266.751499999314547 ] } },
{ "type": "Feature", "properties": { "OBJECTID": 10773, "POINT_X": 459769.67590000015, "POINT_Y": 4982554.9521999992, "Roads": [ [ 388, 392, 423 ] ], "NeighboringIntersections": "[[{180: 8.181555470519402, 218: 4.688218160890478, 233: 3.7966461341051114}]]" }, "geometry": { "type": "Point", "coordinates": [ 459769.675900000147521, 4982554.952199999243021 ] } },
{ "type": "Feature", "properties": { "OBJECTID": 10775, "POINT_X": 459770.88839999959, "POINT_Y": 4984178.3326999992, "Roads": [ [ 389, 390, 405, 428 ] ], "NeighboringIntersections": "[[{224: 6.931033450951943, 225: 10.01706678513114}]]" }, "geometry": { "type": "Point", "coordinates": [ 459770.888399999588728, 4984178.332699999213219 ] } },
{ "type": "Feature", "properties": { "OBJECTID": 10779, "POINT_X": 459774.26240000036, "POINT_Y": 4982482.5066, "Roads": [ [ 365, 392 ] ], "NeighboringIntersections": "[[{202: 36.834917972480206, 216: 4.688218160890478}]]" }, "geometry": { "type": "Point", "coordinates": [ 459774.262400000356138, 4982482.5066 ] } },
{ "type": "Feature", "properties": { "OBJECTID": 10786, "POINT_X": 459782.73330000043, "POINT_Y": 4983042.1346000005, "Roads": [ [ 393, 394, 462 ] ], "NeighboringIntersections": "[[{175: 16.847922909742355, 253: 14.69105431087225}]]" }, "geometry": { "type": "Point", "coordinates": [ 459782.733300000429153, 4983042.134600000455976 ] } },
{ "type": "Feature", "properties": { "OBJECTID": 10793, "POINT_X": 459786.97690000013, "POINT_Y": 4983877.4997000005, "Roads": [ [ 340, 395, 396, 441 ] ], "NeighboringIntersections": "[[{185: 17.448373542610412, 187: 9.82087223899526, 225: 10.098793858169225, 243: 6.443979877665844}]]" }, "geometry": { "type": "Point", "coordinates": [ 459786.97690000012517, 4983877.49970000050962 ] } },
{ "type": "Feature", "properties": { "OBJECTID": 10801, "POINT_X": 459793.3547, "POINT_Y": 4987371.1409000009, "Roads": [ [ 397, 429, 454 ] ], "NeighboringIntersections": "[[{178: 12.943896115059083, 251: 10.457952682128925}]]" }, "geometry": { "type": "Point", "coordinates": [ 459793.354700000025332, 4987371.140900000929832 ] } },
{ "type": "Feature", "properties": { "OBJECTID": 10805, "POINT_X": 459794.84829999972, "POINT_Y": 4982714.2754999995, "Roads": [ [ 398, 399, 442 ] ], "NeighboringIntersections": "[[{232: 12.965539072543848, 244: 6.856422329211577}]]" }, "geometry": { "type": "Point", "coordinates": [ 459794.848299999721348, 4982714.275499999523163 ] } },
{ "type": "Feature", "properties": { "OBJECTID": 10812, "POINT_X": 459804.26130000036, "POINT_Y": 4981419.9646000005, "Roads": [ [ 401, 426, 457 ] ], "NeighboringIntersections": "[[{235: 16.891225233486015}]]" }, "geometry": { "type": "Point", "coordinates": [ 459804.261300000362098, 4981419.964600000530481 ] } },
{ "type": "Feature", "properties": { "OBJECTID": 10816, "POINT_X": 459808.81649999972, "POINT_Y": 4984273.578, "Roads": [ [ 390, 402, 437 ] ], "NeighboringIntersections": "[[{217: 6.931033450951943, 241: 4.983297322633423}]]" }, "geometry": { "type": "Point", "coordinates": [ 459808.816499999724329, 4984273.57799999974668 ] } },
{ "type": "Feature", "properties": { "OBJECTID": 10823, "POINT_X": 459812.7845000001, "POINT_Y": 4984029.8636000007, "Roads": [ [ 396, 404, 405, 406 ] ], "NeighboringIntersections": "[[{220: 10.098793858169225, 217: 10.01706678513114, 256: 21.91885082953348}]]" }, "geometry": { "type": "Point", "coordinates": [ 459812.784500000067055, 4984029.863600000739098 ] } },
{ "type": "Feature", "properties": { "OBJECTID": 10825, "POINT_X": 459815.1826, "POINT_Y": 4981660.1385999992, "Roads": [ [ 379, 407, 431 ] ], "NeighboringIntersections": "[[{183: 12.399049027219961, 237: 3.481202685918317}]]" }, "geometry": { "type": "Point", "coordinates": [ 459815.182599999941885, 4981660.138599999248981 ] } },
{ "type": "Feature", "properties": { "OBJECTID": 10832, "POINT_X": 459822.08029999956, "POINT_Y": 4985036.918, "Roads": [ [ 360, 411, 460 ] ], "NeighboringIntersections": "[[{198: 23.85595410720956, 229: 16.787933764370074, 252: 8.28968117359923}]]" }, "geometry": { "type": "Point", "coordinates": [ 459822.080299999564886, 4985036.917999999597669 ] } },
{ "type": "Feature", "properties": { "OBJECTID": 10833, "POINT_X": 459823.181, "POINT_Y": 4985367.4063000008, "Roads": [ [ 408, 409, 449 ] ], "NeighboringIntersections": "[[{206: 6.899217899340804, 231: 3.257279747468557, 248: 6.9188522461288695}]]" }, "geometry": { "type": "Point", "coordinates": [ 459823.18099999986589, 4985367.406300000846386 ] } },
{ "type": "Feature", "properties": { "OBJECTID": 10834, "POINT_X": 459823.34130000044, "POINT_Y": 4984774.2502999995, "Roads": [ [ 410, 411, 412 ] ], "NeighboringIntersections": "[[{198: 8.211350497513884, 227: 16.787933764370074, 252: 24.307237097941645}]]" }, "geometry": { "type": "Point", "coordinates": [ 459823.341300000436604, 4984774.25029999949038 ] } },
{ "type": "Feature", "properties": { "OBJECTID": 10835, "POINT_X": 459823.6173, "POINT_Y": 4990250.6841000002, "Roads": [ [ 413, 414, 447 ] ], "NeighboringIntersections": "[[{207: 5.802660755110018}]]" }, "geometry": { "type": "Point", "coordinates": [ 459823.617300000041723, 4990250.684100000187755 ] } },
{ "type": "Feature", "properties": { "OBJECTID": 10844, "POINT_X": 459831.30829999968, "POINT_Y": 4985416.817, "Roads": [ [ 409, 418, 419 ] ], "NeighboringIntersections": "[[{228: 3.257279747468557}]]" }, "geometry": { "type": "Point", "coordinates": [ 459831.308299999684095, 4985416.816999999806285 ] } },
{ "type": "Feature", "properties": { "OBJECTID": 10861, "POINT_X": 459843.54910000041, "POINT_Y": 4982854.8852999993, "Roads": [ [ 399, 422, 470 ] ], "NeighboringIntersections": "[[{222: 12.965539072543848, 258: 8.5622850301326}]]" }, "geometry": { "type": "Point", "coordinates": [ 459843.549100000411272, 4982854.885299999266863 ] } },
{ "type": "Feature", "properties": { "OBJECTID": 10862, "POINT_X": 459843.7949000001, "POINT_Y": 4982573.3838, "Roads": [ [ 423, 434, 480 ] ], "NeighboringIntersections": "[[{216: 3.7966461341051114, 262: 7.696842989524551}]]" }, "geometry": { "type": "Point", "coordinates": [ 459843.794900000095367, 4982573.3838 ] } },
{ "type": "Feature", "properties": { "OBJECTID": 10869, "POINT_X": 459849.11440000031, "POINT_Y": 4980858.0185000002, "Roads": [ [ 424, 448, 459 ] ], "NeighboringIntersections": "[[{239: 8.461400779091397}]]" }, "geometry": { "type": "Point", "coordinates": [ 459849.114400000311434, 4980858.018500000238419 ] } },
{ "type": "Feature", "properties": { "OBJECTID": 10872, "POINT_X": 459850.07110000029, "POINT_Y": 4981159.6782000009, "Roads": [ [ 425, 426, 436 ] ], "NeighboringIntersections": "[[{223: 16.891225233486015, 240: 3.376730319399587}]]" }, "geometry": { "type": "Point", "coordinates": [ 459850.071100000292063, 4981159.67820000089705 ] } },
{ "type": "Feature", "properties": { "OBJECTID": 10873, "POINT_X": 459851.6146, "POINT_Y": 4987580.9371000007, "Roads": [ [ 427, 455, 476 ] ], "NeighboringIntersections": "[[{200: 9.738730415845891, 251: 8.86187603346885}]]" }, "geometry": { "type": "Point", "coordinates": [ 459851.614599999971688, 4987580.937100000679493 ] } },
{ "type": "Feature", "properties": { "OBJECTID": 10890, "POINT_X": 459869.6349, "POINT_Y": 4981661.4583000001, "Roads": [ [ 430, 431, 585 ] ], "NeighboringIntersections": "[[{226: 3.481202685918317, 319: 17.67496564185438}]]" }, "geometry": { "type": "Point", "coordinates": [ 459869.634899999946356, 4981661.4583 ] } },
{ "type": "Feature", "properties": { "OBJECTID": 10893, "POINT_X": 459871.58750000037, "POINT_Y": 4989954.4410999995, "Roads": [ [ 432, 433, 737 ] ], "NeighboringIntersections": "[[{195: 12.770516944163658, 204: 9.154577226935277, 403: 29.507320947763997}]]" }, "geometry": { "type": "Point", "coordinates": [ 459871.587500000372529, 4989954.441099999472499 ] } },
{ "type": "Feature", "properties": { "OBJECTID": 10897, "POINT_X": 459875.05939999968, "POINT_Y": 4980987.7901000008, "Roads": [ [ 424, 435, 467 ] ], "NeighboringIntersections": "[[{234: 8.461400779091397, 242: 5.530108337535307}]]" }, "geometry": { "type": "Point", "coordinates": [ 459875.059399999678135, 4980987.790100000798702 ] } },
{ "type": "Feature", "properties": { "OBJECTID": 10914, "POINT_X": 459882.92389999982, "POINT_Y": 4981119.8222000003, "Roads": [ [ 436, 440, 594 ] ], "NeighboringIntersections": "[[{235: 3.376730319399587, 242: 3.0753590387356358, 324: 18.53314461849135}]]" }, "geometry": { "type": "Point", "coordinates": [ 459882.923899999819696, 4981119.822200000286102 ] } },
{ "type": "Feature", "properties": { "OBJECTID": 10915, "POINT_X": 459883.53, "POINT_Y": 4984280.2226, "Roads": [ [ 437, 438, 468 ] ], "NeighboringIntersections": "[[{224: 4.983297322633423, 256: 6.942588280539019}]]" }, "geometry": { "type": "Point", "coordinates": [ 459883.53000000026077, 4984280.2226 ] } },
{ "type": "Feature", "properties": { "OBJECTID": 10916, "POINT_X": 459883.72470000014, "POINT_Y": 4981073.001, "Roads": [ [ 435, 439, 440 ] ], "NeighboringIntersections": "[[{239: 5.530108337535307, 240: 3.0753590387356358}]]" }, "geometry": { "type": "Point", "coordinates": [ 459883.724700000137091, 4981073.001000000163913 ] } },
{ "type": "Feature", "properties": { "OBJECTID": 10923, "POINT_X": 459887.78969999962, "POINT_Y": 4983875.9256999996, "Roads": [ [ 441, 479, 534 ] ], "NeighboringIntersections": "[[{220: 6.443979877665844, 290: 9.48321579168382}]]" }, "geometry": { "type": "Point", "coordinates": [ 459887.78969999961555, 4983875.925699999555945 ] } },
{ "type": "Feature", "properties": { "OBJECTID": 10931, "POINT_X": 459891.52670000028, "POINT_Y": 4982724.8674, "Roads": [ [ 442, 443, 458, 477 ] ], "NeighboringIntersections": "[[{222: 6.856422329211577, 261: 6.945252400062579}]]" }, "geometry": { "type": "Point", "coordinates": [ 459891.526700000278652, 4982724.86739999987185 ] } },
{ "type": "Feature", "properties": { "OBJECTID": 10942, "POINT_X": 459899.4439000003, "POINT_Y": 4986001.2408000007, "Roads": [ [ 444, 469 ] ], "NeighboringIntersections": "[[{257: 15.475371233341475}]]" }, "geometry": { "type": "Point", "coordinates": [ 459899.443900000303984, 4986001.240800000727177 ] } },
{ "type": "Feature", "properties": { "OBJECTID": 10952, "POINT_X": 459906.2023, "POINT_Y": 4989502.5396999996, "Roads": [ [ 378, 445, 572 ] ], "NeighboringIntersections": "[[{209: 13.558686877440838, 247: 3.581478229684601, 311: 16.65488996583385}]]" }, "geometry": { "type": "Point", "coordinates": [ 459906.2023, 4989502.53969999961555 ] } },
{ "type": "Feature", "properties": { "OBJECTID": 10954, "POINT_X": 459906.98319999967, "POINT_Y": 4989566.5775000006, "Roads": [ [ 445, 446, 526 ] ], "NeighboringIntersections": "[[{246: 3.581478229684601, 201: 14.897822468969464, 285: 9.09536988236761}]]" }, "geometry": { "type": "Point", "coordinates": [ 459906.983199999667704, 4989566.577500000596046 ] } },
{ "type": "Feature", "properties": { "OBJECTID": 10965, "POINT_X": 459920.6018000003, "POINT_Y": 4985325.6142999995, "Roads": [ [ 449, 450, 473 ] ], "NeighboringIntersections": "[[{228: 6.9188522461288695, 259: 6.204026113010708}]]" }, "geometry": { "type": "Point", "coordinates": [ 459920.601800000295043, 4985325.614299999549985 ] } },
{ "type": "Feature", "properties": { "OBJECTID": 10967, "POINT_X": 459921.47169999965, "POINT_Y": 4983168.3017999995, "Roads": [ [ 451, 452, 521 ] ], "NeighboringIntersections": "[[{208: 23.866988249860867, 214: 10.607176402918322, 282: 13.126896462796532}]]" }, "geometry": { "type": "Point", "coordinates": [ 459921.471699999645352, 4983168.301799999549985 ] } },
{ "type": "Feature", "properties": { "OBJECTID": 10969, "POINT_X": 459922.6535, "POINT_Y": 4985802.8682000004, "Roads": [ [ 453, 474, 513 ] ], "NeighboringIntersections": "[[{188: 21.94256145490711, 260: 3.928823755393199, 278: 8.226399562802087}]]" }, "geometry": { "type": "Point", "coordinates": [ 459922.653500000014901, 4985802.868200000375509 ] } },
{ "type": "Feature", "properties": { "OBJECTID": 10971, "POINT_X": 459923.59329999983, "POINT_Y": 4987467.3015000001, "Roads": [ [ 454, 455, 483 ] ], "NeighboringIntersections": "[[{221: 10.457952682128925, 236: 8.86187603346885, 263: 19.955151427698205}]]" }, "geometry": { "type": "Point", "coordinates": [ 459923.593299999833107, 4987467.3015 ] } },
{ "type": "Feature", "properties": { "OBJECTID": 10990, "POINT_X": 459951.77759999968, "POINT_Y": 4985038.2031999994, "Roads": [ [ 412, 460, 461 ] ], "NeighboringIntersections": "[[{229: 24.307237097941645, 227: 8.28968117359923, 254: 7.247548873959536}]]" }, "geometry": { "type": "Point", "coordinates": [ 459951.777599999681115, 4985038.203199999406934 ] } },
{ "type": "Feature", "properties": { "OBJECTID": 10993, "POINT_X": 459954.76290000044, "POINT_Y": 4982942.3688999992, "Roads": [ [ 462, 463, 471 ] ], "NeighboringIntersections": "[[{219: 14.69105431087225, 282: 9.597667190063301, 258: 6.15078518221807}]]" }, "geometry": { "type": "Point", "coordinates": [ 459954.762900000438094, 4982942.368899999186397 ] } },
{ "type": "Feature", "properties": { "OBJECTID": 10994, "POINT_X": 459955.1688000001, "POINT_Y": 4985151.0528999995, "Roads": [ [ 461, 464, 465 ] ], "NeighboringIntersections": "[[{252: 7.247548873959536, 259: 6.418283446333668}]]" }, "geometry": { "type": "Point", "coordinates": [ 459955.168800000101328, 4985151.052899999544024 ] } },
{ "type": "Feature", "properties": { "OBJECTID": 10997, "POINT_X": 459960.55240000039, "POINT_Y": 4986725.5313000008, "Roads": [ [ 466, 497, 499 ] ], "NeighboringIntersections": "[[{189: 18.46012926864692, 270: 4.8702880246768805, 271: 3.6288017275651336}]]" }, "geometry": { "type": "Point", "coordinates": [ 459960.552400000393391, 4986725.531300000846386 ] } },
{ "type": "Feature", "properties": { "OBJECTID": 11007, "POINT_X": 459972.52809999976, "POINT_Y": 4984218.817, "Roads": [ [ 406, 468, 524 ] ], "NeighboringIntersections": "[[{225: 21.91885082953348, 241: 6.942588280539019, 284: 3.858197002422131}]]" }, "geometry": { "type": "Point", "coordinates": [ 459972.528099999763072, 4984218.816999999806285 ] } },
{ "type": "Feature", "properties": { "OBJECTID": 11008, "POINT_X": 459973.23840000015, "POINT_Y": 4986004.2732999995, "Roads": [ [ 469, 475, 511 ] ], "NeighboringIntersections": "[[{245: 15.475371233341475, 260: 15.520149008370604, 277: 3.6290068215262408}]]" }, "geometry": { "type": "Point", "coordinates": [ 459973.238400000147521, 4986004.273299999535084 ] } },
{ "type": "Feature", "properties": { "OBJECTID": 11009, "POINT_X": 459973.603, "POINT_Y": 4982847.9934, "Roads": [ [ 470, 471, 472, 478 ] ], "NeighboringIntersections": "[[{232: 8.5622850301326, 253: 6.15078518221807, 261: 6.265264207955133}]]" }, "geometry": { "type": "Point", "coordinates": [ 459973.603000000119209, 4982847.9934 ] } },
{ "type": "Feature", "properties": { "OBJECTID": 11011, "POINT_X": 459975.84310000017, "POINT_Y": 4985247.3385000005, "Roads": [ [ 465, 473, 517 ] ], "NeighboringIntersections": "[[{254: 6.418283446333668, 248: 6.204026113010708, 280: 3.645329049705413}]]" }, "geometry": { "type": "Point", "coordinates": [ 459975.843100000172853, 4985247.338500000536442 ] } },
{ "type": "Feature", "properties": { "OBJECTID": 11012, "POINT_X": 459976.23770000041, "POINT_Y": 4985772.9227000009, "Roads": [ [ 474, 475, 515 ] ], "NeighboringIntersections": "[[{250: 3.928823755393199, 257: 15.520149008370604, 279: 3.870515785994127}]]" }, "geometry": { "type": "Point", "coordinates": [ 459976.237700000405312, 4985772.922700000926852 ] } },
{ "type": "Feature", "properties": { "OBJECTID": 11027, "POINT_X": 459993.16260000039, "POINT_Y": 4982751.958000001, "Roads": [ [ 477, 478, 481, 505 ] ], "NeighboringIntersections": "[[{244: 6.945252400062579, 258: 6.265264207955133, 262: 9.485153418861417}]]" }, "geometry": { "type": "Point", "coordinates": [ 459993.16260000038892, 4982751.958000000566244 ] } },
{ "type": "Feature", "properties": { "OBJECTID": 11030, "POINT_X": 459995.44909999985, "POINT_Y": 4982603.6217999998, "Roads": [ [ 480, 481, 601 ] ], "NeighboringIntersections": "[[{233: 7.696842989524551, 261: 9.485153418861417, 328: 9.348399905124502}]]" }, "geometry": { "type": "Point", "coordinates": [ 459995.449099999852479, 4982603.621799999848008 ] } },
{ "type": "Feature", "properties": { "OBJECTID": 11047, "POINT_X": 460005.65050000045, "POINT_Y": 4987184.237, "Roads": [ [ 482, 483, 503 ] ], "NeighboringIntersections": "[[{205: 21.1565659666082, 251: 19.955151427698205, 273: 1.292536767157622}]]" }, "geometry": { "type": "Point", "coordinates": [ 460005.650500000454485, 4987184.236999999731779 ] } },
{ "type": "Feature", "properties": { "OBJECTID": 11050, "POINT_X": 460007.56969999988, "POINT_Y": 4988761.0373, "Roads": [ [ 484, 485, 558 ] ], "NeighboringIntersections": "[[{213: 40.302446260636025, 317: 30.342970264537545, 303: 34.37148055491852}]]" }, "geometry": { "type": "Point", "coordinates": [ 460007.56969999987632, 4988761.0373 ] } },
{ "type": "Feature", "properties": { "OBJECTID": 11059, "POINT_X": 460014.4347000001, "POINT_Y": 4984560.6862000003, "Roads": [ [ 486, 487, 493 ] ], "NeighboringIntersections": "[[{211: 17.055578635466915, 266: 6.21223310112973, 268: 6.026003743592314}]]" }, "geometry": { "type": "Point", "coordinates": [ 460014.434700000099838, 4984560.686200000345707 ] } },
{ "type": "Feature", "properties": { "OBJECTID": 11067, "POINT_X": 460018.5154, "POINT_Y": 4984685.5891999993, "Roads": [ [ 487, 488, 489, 522 ] ], "NeighboringIntersections": "[[{265: 6.21223310112973, 199: 14.456386546131192, 267: 0.6917871551270535, 283: 0.6907763261953733}]]" }, "geometry": { "type": "Point", "coordinates": [ 460018.515399999916553, 4984685.589199999347329 ] } },
{ "type": "Feature", "properties": { "OBJECTID": 11070, "POINT_X": 460018.9117000001, "POINT_Y": 4984699.5000999998, "Roads": [ [ 489, 490, 491, 530 ] ], "NeighboringIntersections": "[[{266: 0.6917871551270535, 199: 14.497381103547102, 280: 26.59859228538082, 288: 0.690637456298049}]]" }, "geometry": { "type": "Point", "coordinates": [ 460018.911700000055134, 4984699.500099999830127 ] } },
{ "type": "Feature", "properties": { "OBJECTID": 11080, "POINT_X": 460023.573, "POINT_Y": 4984441.9454999994, "Roads": [ [ 492, 493, 494, 525, 588 ] ], "NeighboringIntersections": "[[{211: 23.18511185008196, 265: 6.026003743592314, 283: 12.133197077727633, 284: 11.33286804022501, 321: 9.353267527129638}]]" }, "geometry": { "type": "Point", "coordinates": [ 460023.572999999858439, 4984441.945499999448657 ] } },
{ "type": "Feature", "properties": { "OBJECTID": 11081, "POINT_X": 460024.11689999979, "POINT_Y": 4986629.9337000009, "Roads": [ [ 495, 496, 507, 543 ] ], "NeighboringIntersections": "[[{182: 23.054632817018053, 271: 1.6456446319636873, 274: 15.90071190868063, 295: 1.0042001533222435}]]" }, "geometry": { "type": "Point", "coordinates": [ 460024.116899999789894, 4986629.933700000867248 ] } },
{ "type": "Feature", "properties": { "OBJECTID": 11082, "POINT_X": 460024.15319999959, "POINT_Y": 4986710.628, "Roads": [ [ 497, 498, 500 ] ], "NeighboringIntersections": "[[{255: 4.8702880246768805, 272: 21.371883506651606, 271: 3.041576858754046}]]" }, "geometry": { "type": "Point", "coordinates": [ 460024.153199999593198, 4986710.628000000491738 ] } },
{ "type": "Feature", "properties": { "OBJECTID": 11083, "POINT_X": 460024.23309999984, "POINT_Y": 4986663.0385999996, "Roads": [ [ 496, 499, 500, 541 ] ], "NeighboringIntersections": "[[{269: 1.6456446319636873, 255: 3.6288017275651336, 270: 3.041576858754046, 294: 0.997981362097141}]]" }, "geometry": { "type": "Point", "coordinates": [ 460024.233099999837577, 4986663.038599999621511 ] } },
{ "type": "Feature", "properties": { "OBJECTID": 11084, "POINT_X": 460025.03320000041, "POINT_Y": 4987045.0077, "Roads": [ [ 498, 501, 502, 537 ] ], "NeighboringIntersections": "[[{270: 21.371883506651606, 205: 17.666337873837296, 273: 8.574598984564, 292: 0.8156077774232404}]]" }, "geometry": { "type": "Point", "coordinates": [ 460025.033200000412762, 4987045.0077 ] } },
{ "type": "Feature", "properties": { "OBJECTID": 11086, "POINT_X": 460025.195, "POINT_Y": 4987179.1686000004, "Roads": [ [ 502, 503, 504, 539 ] ], "NeighboringIntersections": "[[{272: 8.574598984564, 263: 1.292536767157622, 286: 45.847974205282014, 293: 0.9241738892136435}]]" }, "geometry": { "type": "Point", "coordinates": [ 460025.195000000298023, 4987179.168600000441074 ] } },
{ "type": "Feature", "properties": { "OBJECTID": 11098, "POINT_X": 460028.54530000035, "POINT_Y": 4986310.1438999996, "Roads": [ [ 506, 507, 509, 547 ] ], "NeighboringIntersections": "[[{269: 15.90071190868063, 275: 7.276355287998859, 297: 0.7612100238979345}]]" }, "geometry": { "type": "Point", "coordinates": [ 460028.545300000347197, 4986310.143899999558926 ] } },
{ "type": "Feature", "properties": { "OBJECTID": 11099, "POINT_X": 460028.66150000039, "POINT_Y": 4986163.7685000002, "Roads": [ [ 508, 509, 512, 552 ] ], "NeighboringIntersections": "[[{274: 7.276355287998859, 277: 7.557136766431626, 300: 0.8978691393695227}]]" }, "geometry": { "type": "Point", "coordinates": [ 460028.661500000394881, 4986163.768500000238419 ] } },
{ "type": "Feature", "properties": { "OBJECTID": 11101, "POINT_X": 460029.00650000013, "POINT_Y": 4985908.8412999995, "Roads": [ [ 510, 516, 550 ] ], "NeighboringIntersections": "[[{277: 5.1152803300802, 279: 8.150965694474841, 299: 0.8698983826326662}]]" }, "geometry": { "type": "Point", "coordinates": [ 460029.00650000013411, 4985908.841299999505281 ] } },
{ "type": "Feature", "properties": { "OBJECTID": 11102, "POINT_X": 460029.04430000018, "POINT_Y": 4986011.7441000007, "Roads": [ [ 510, 511, 512 ] ], "NeighboringIntersections": "[[{276: 5.1152803300802, 257: 3.6290068215262408, 275: 7.557136766431626}]]" }, "geometry": { "type": "Point", "coordinates": [ 460029.044300000183284, 4986011.744100000709295 ] } },
{ "type": "Feature", "properties": { "OBJECTID": 11104, "POINT_X": 460029.5064000003, "POINT_Y": 4985732.33, "Roads": [ [ 513, 514, 518, 556 ] ], "NeighboringIntersections": "[[{250: 8.226399562802087, 279: 0.6234192317263553, 280: 24.75288346644369, 302: 0.9696842815347607}]]" }, "geometry": { "type": "Point", "coordinates": [ 460029.506400000303984, 4985732.33 ] } },
{ "type": "Feature", "properties": { "OBJECTID": 11105, "POINT_X": 460029.5064000003, "POINT_Y": 4985744.8712000009, "Roads": [ [ 514, 515, 516, 554 ] ], "NeighboringIntersections": "[[{278: 0.6234192317263553, 260: 3.870515785994127, 276: 8.150965694474841, 301: 0.9523136988216291}]]" }, "geometry": { "type": "Point", "coordinates": [ 460029.506400000303984, 4985744.871200000867248 ] } },
{ "type": "Feature", "properties": { "OBJECTID": 11107, "POINT_X": 460030.26659999974, "POINT_Y": 4985234.388, "Roads": [ [ 491, 517, 518, 559 ] ], "NeighboringIntersections": "[[{267: 26.59859228538082, 259: 3.645329049705413, 278: 24.75288346644369, 304: 0.8855701148064002}]]" }, "geometry": { "type": "Point", "coordinates": [ 460030.26659999974072, 4985234.388000000268221 ] } },
{ "type": "Feature", "properties": { "OBJECTID": 11109, "POINT_X": 460031.14520000014, "POINT_Y": 4982247.5873000007, "Roads": [ [ 519, 520, 565 ] ], "NeighboringIntersections": "[[{307: 4.626291590355385}]]" }, "geometry": { "type": "Point", "coordinates": [ 460031.145200000144541, 4982247.587300000712276 ] } },
{ "type": "Feature", "properties": { "OBJECTID": 11111, "POINT_X": 460031.269, "POINT_Y": 4983051.9725000001, "Roads": [ [ 463, 521, 586 ] ], "NeighboringIntersections": "[[{253: 9.597667190063301, 249: 13.126896462796532, 320: 7.659592051681203}]]" }, "geometry": { "type": "Point", "coordinates": [ 460031.269000000320375, 4983051.972500000149012 ] } },
{ "type": "Feature", "properties": { "OBJECTID": 11112, "POINT_X": 460032.4112999998, "POINT_Y": 4984685.6819000002, "Roads": [ [ 494, 522, 523, 604 ] ], "NeighboringIntersections": "[[{268: 12.133197077727633, 266: 0.6907763261953733, 288: 0.6951016530973655, 330: 8.052868746437241}]]" }, "geometry": { "type": "Point", "coordinates": [ 460032.411299999803305, 4984685.681900000199676 ] } },
{ "type": "Feature", "properties": { "OBJECTID": 11113, "POINT_X": 460032.45959999971, "POINT_Y": 4984214.2415999994, "Roads": [ [ 524, 525, 535, 580 ] ], "NeighboringIntersections": "[[{256: 3.858197002422131, 268: 11.33286804022501, 290: 17.41970212518816, 316: 4.343760962529248}]]" }, "geometry": { "type": "Point", "coordinates": [ 460032.459599999710917, 4984214.241599999368191 ] } },
{ "type": "Feature", "properties": { "OBJECTID": 11114, "POINT_X": 460032.4989, "POINT_Y": 4989661.0275, "Roads": [ [ 526, 527, 577, 607 ] ], "NeighboringIntersections": "[[{247: 9.09536988236761, 314: 5.559664248384687, 331: 14.400878601521379}]]" }, "geometry": { "type": "Point", "coordinates": [ 460032.4989, 4989661.027499999850988 ] } },
{ "type": "Feature", "properties": { "OBJECTID": 11115, "POINT_X": 460032.553, "POINT_Y": 4987896.4838999994, "Roads": [ [ 504, 528, 561 ] ], "NeighboringIntersections": "[[{273: 45.847974205282014, 287: 0.8888885938503822, 305: 0.846820451349145}]]" }, "geometry": { "type": "Point", "coordinates": [ 460032.553000000305474, 4987896.483899999409914 ] } },
{ "type": "Feature", "properties": { "OBJECTID": 11116, "POINT_X": 460032.7577, "POINT_Y": 4987910.3903000001, "Roads": [ [ 528, 529, 563 ] ], "NeighboringIntersections": "[[{286: 0.8888885938503822, 291: 12.620520398320558, 306: 0.8367391909302215}]]" }, "geometry": { "type": "Point", "coordinates": [ 460032.757699999958277, 4987910.3903 ] } },
{ "type": "Feature", "properties": { "OBJECTID": 11117, "POINT_X": 460032.80420000013, "POINT_Y": 4984699.6596000008, "Roads": [ [ 523, 530, 531, 605 ] ], "NeighboringIntersections": "[[{283: 0.6951016530973655, 267: 0.690637456298049, 304: 26.583882287241998, 330: 8.05860210927041}]]" }, "geometry": { "type": "Point", "coordinates": [ 460032.80420000012964, 4984699.659600000828505 ] } },
{ "type": "Feature", "properties": { "OBJECTID": 11118, "POINT_X": 460034.58640000038, "POINT_Y": 4983648.0977999996, "Roads": [ [ 532, 533, 633 ] ], "NeighboringIntersections": "[[{290: 10.723864576446633, 344: 21.216981645407195}]]" }, "geometry": { "type": "Point", "coordinates": [ 460034.586400000378489, 4983648.097799999639392 ] } },
{ "type": "Feature", "properties": { "OBJECTID": 11119, "POINT_X": 460035.17449999973, "POINT_Y": 4983863.8235, "Roads": [ [ 533, 534, 535, 620 ] ], "NeighboringIntersections": "[[{289: 10.723864576446633, 243: 9.48321579168382, 284: 17.41970212518816, 337: 12.682978066611184}]]" }, "geometry": { "type": "Point", "coordinates": [ 460035.174499999731779, 4983863.8235 ] } },
{ "type": "Feature", "properties": { "OBJECTID": 11120, "POINT_X": 460035.26290000044, "POINT_Y": 4988107.8370999992, "Roads": [ [ 529, 536, 566 ] ], "NeighboringIntersections": "[[{287: 12.620520398320558, 303: 7.709674025755384, 308: 0.8081141172256189}]]" }, "geometry": { "type": "Point", "coordinates": [ 460035.262900000438094, 4988107.837099999189377 ] } },
{ "type": "Feature", "properties": { "OBJECTID": 11124, "POINT_X": 460038.9737, "POINT_Y": 4987040.7221000008, "Roads": [ [ 537, 538, 542, 653 ] ], "NeighboringIntersections": "[[{272: 0.8156077774232404, 293: 8.75208200498706, 294: 25.240077977425326, 356: 16.187460977779455}]]" }, "geometry": { "type": "Point", "coordinates": [ 460038.973699999973178, 4987040.722100000828505 ] } },
{ "type": "Feature", "properties": { "OBJECTID": 11125, "POINT_X": 460039.57579999976, "POINT_Y": 4987177.6572999991, "Roads": [ [ 538, 539, 540, 597 ] ], "NeighboringIntersections": "[[{292: 8.75208200498706, 273: 0.9241738892136435, 305: 45.934183954757685, 326: 8.218948646815786}]]" }, "geometry": { "type": "Point", "coordinates": [ 460039.575799999758601, 4987177.657299999147654 ] } },
{ "type": "Feature", "properties": { "OBJECTID": 11126, "POINT_X": 460041.72510000039, "POINT_Y": 4986645.8303999994, "Roads": [ [ 541, 542, 544, 983 ] ], "NeighboringIntersections": "[[{271: 0.997981362097141, 292: 25.240077977425326, 295: 1.6450370416789384, 532: 59.8336964414838}]]" }, "geometry": { "type": "Point", "coordinates": [ 460041.72510000038892, 4986645.830399999395013 ] } },
{ "type": "Feature", "properties": { "OBJECTID": 11127, "POINT_X": 460041.83459999971, "POINT_Y": 4986612.7377000004, "Roads": [ [ 543, 544, 545, 579 ] ], "NeighboringIntersections": "[[{269: 1.0042001533222435, 294: 1.6450370416789384, 296: 4.9748561353237655, 315: 2.8287369932223525}]]" }, "geometry": { "type": "Point", "coordinates": [ 460041.834599999710917, 4986612.737700000405312 ] } },
{ "type": "Feature", "properties": { "OBJECTID": 11129, "POINT_X": 460041.97510000039, "POINT_Y": 4986512.6619000006, "Roads": [ [ 545, 546, 548 ] ], "NeighboringIntersections": "[[{295: 4.9748561353237655, 315: 5.144547462042055, 297: 10.089266262150794}]]" }, "geometry": { "type": "Point", "coordinates": [ 460041.97510000038892, 4986512.66190000064671 ] } },
{ "type": "Feature", "properties": { "OBJECTID": 11131, "POINT_X": 460042.1497, "POINT_Y": 4986309.6996, "Roads": [ [ 547, 548, 549, 571 ] ], "NeighboringIntersections": "[[{274: 0.7612100238979345, 296: 10.089266262150794, 298: 4.329660024042304}]]" }, "geometry": { "type": "Point", "coordinates": [ 460042.149699999950826, 4986309.6996 ] } },
{ "type": "Feature", "properties": { "OBJECTID": 11132, "POINT_X": 460042.29470000044, "POINT_Y": 4986222.6015000008, "Roads": [ [ 549, 553, 647 ] ], "NeighboringIntersections": "[[{297: 4.329660024042304, 300: 2.9175798495102097, 353: 36.02917508505779}]]" }, "geometry": { "type": "Point", "coordinates": [ 460042.294700000435114, 4986222.601500000804663 ] } },
{ "type": "Feature", "properties": { "OBJECTID": 11133, "POINT_X": 460042.617, "POINT_Y": 4985908.7543000001, "Roads": [ [ 550, 551, 555, 648 ] ], "NeighboringIntersections": "[[{276: 0.8698983826326662, 300: 12.683901181098266, 301: 8.420560847750325, 353: 15.995680415576084}]]" }, "geometry": { "type": "Point", "coordinates": [ 460042.61699999962002, 4985908.754300000146031 ] } },
{ "type": "Feature", "properties": { "OBJECTID": 11134, "POINT_X": 460042.70920000039, "POINT_Y": 4986163.9107000008, "Roads": [ [ 551, 552, 553 ] ], "NeighboringIntersections": "[[{299: 12.683901181098266, 275: 0.8978691393695227, 298: 2.9175798495102097}]]" }, "geometry": { "type": "Point", "coordinates": [ 460042.70920000039041, 4986163.910700000822544 ] } },
{ "type": "Feature", "properties": { "OBJECTID": 11135, "POINT_X": 460043.35130000021, "POINT_Y": 4985739.3642999995, "Roads": [ [ 554, 555, 557, 630 ] ], "NeighboringIntersections": "[[{279: 0.9523136988216291, 299: 8.420560847750325, 302: 0.653536589798183, 342: 16.752801548720374}]]" }, "geometry": { "type": "Point", "coordinates": [ 460043.351300000213087, 4985739.364299999549985 ] } },
{ "type": "Feature", "properties": { "OBJECTID": 11136, "POINT_X": 460043.3926, "POINT_Y": 4985726.2172999997, "Roads": [ [ 556, 557, 560, 631 ] ], "NeighboringIntersections": "[[{278: 0.9696842815347607, 301: 0.653536589798183, 304: 24.455709078236804, 342: 16.236637289430714}]]" }, "geometry": { "type": "Point", "coordinates": [ 460043.392599999904633, 4985726.217299999669194 ] } },
{ "type": "Feature", "properties": { "OBJECTID": 11137, "POINT_X": 460043.81149999984, "POINT_Y": 4988228.028000001, "Roads": [ [ 536, 558, 567 ] ], "NeighboringIntersections": "[[{291: 7.709674025755384, 264: 34.37148055491852, 308: 7.713301227784168}]]" }, "geometry": { "type": "Point", "coordinates": [ 460043.811499999836087, 4988228.028000000864267 ] } },
{ "type": "Feature", "properties": { "OBJECTID": 11138, "POINT_X": 460044.12189999968, "POINT_Y": 4985234.2502999995, "Roads": [ [ 531, 559, 560 ] ], "NeighboringIntersections": "[[{288: 26.583882287241998, 280: 0.8855701148064002, 302: 24.455709078236804}]]" }, "geometry": { "type": "Point", "coordinates": [ 460044.121899999678135, 4985234.25029999949038 ] } },
{ "type": "Feature", "properties": { "OBJECTID": 11139, "POINT_X": 460045.80179999955, "POINT_Y": 4987896.3301999997, "Roads": [ [ 540, 561, 562, 603 ] ], "NeighboringIntersections": "[[{293: 45.934183954757685, 286: 0.846820451349145, 306: 0.8896282651868139, 329: 9.091839509746745}]]" }, "geometry": { "type": "Point", "coordinates": [ 460045.801799999549985, 4987896.330199999734759 ] } },
{ "type": "Feature", "properties": { "OBJECTID": 11140, "POINT_X": 460045.84889999963, "POINT_Y": 4987910.2496000007, "Roads": [ [ 562, 563, 564, 670 ] ], "NeighboringIntersections": "[[{305: 0.8896282651868139, 287: 0.8367391909302215, 308: 12.612971250849032, 366: 19.606094695570274}]]" }, "geometry": { "type": "Point", "coordinates": [ 460045.848899999633431, 4987910.249600000679493 ] } },
{ "type": "Feature", "properties": { "OBJECTID": 11141, "POINT_X": 460049.5197000001, "POINT_Y": 4982194.1755, "Roads": [ [ 565, 569, 724 ] ], "NeighboringIntersections": "[[{281: 4.626291590355385, 309: 7.188001928343811, 396: 24.33035058886485}]]" }, "geometry": { "type": "Point", "coordinates": [ 460049.519700000062585, 4982194.175499999895692 ] } },
{ "type": "Feature", "properties": { "OBJECTID": 11142, "POINT_X": 460049.7105, "POINT_Y": 4988107.554, "Roads": [ [ 564, 566, 567, 576 ] ], "NeighboringIntersections": "[[{306: 12.612971250849032, 291: 0.8081141172256189, 303: 7.713301227784168, 313: 2.126400041607221}]]" }, "geometry": { "type": "Point", "coordinates": [ 460049.710500000044703, 4988107.553999999538064 ] } },
{ "type": "Feature", "properties": { "OBJECTID": 11143, "POINT_X": 460049.7642000001, "POINT_Y": 4982081.7101000007, "Roads": [ [ 568, 569, 570, 714 ] ], "NeighboringIntersections": "[[{307: 7.188001928343811, 310: 7.436675468819067, 390: 24.00646566374629}]]" }, "geometry": { "type": "Point", "coordinates": [ 460049.764200000092387, 4982081.710100000724196 ] } },
{ "type": "Feature", "properties": { "OBJECTID": 11146, "POINT_X": 460054.24880000018, "POINT_Y": 4981965.6503999997, "Roads": [ [ 570, 703, 708 ] ], "NeighboringIntersections": "[[{309: 7.436675468819067, 384: 27.152322445606483, 387: 23.40492516691307}]]" }, "geometry": { "type": "Point", "coordinates": [ 460054.248800000175834, 4981965.650399999693036 ] } },
{ "type": "Feature", "properties": { "OBJECTID": 11156, "POINT_X": 460061.80819999985, "POINT_Y": 4989307.2940999996, "Roads": [ [ 456, 572, 581 ] ], "NeighboringIntersections": "[[{246: 16.65488996583385, 317: 3.897850878038047}]]" }, "geometry": { "type": "Point", "coordinates": [ 460061.808199999853969, 4989307.294099999591708 ] } },
{ "type": "Feature", "properties": { "OBJECTID": 11182, "POINT_X": 460082.537, "POINT_Y": 4989440.4935, "Roads": [ [ 574, 575, 609 ] ], "NeighboringIntersections": "[[{314: 8.09048414184824, 332: 7.880750513806964}]]" }, "geometry": { "type": "Point", "coordinates": [ 460082.536999999545515, 4989440.49349999986589 ] } },
{ "type": "Feature", "properties": { "OBJECTID": 11185, "POINT_X": 460087.66069999989, "POINT_Y": 4988108.1307999995, "Roads": [ [ 573, 576, 592 ] ], "NeighboringIntersections": "[[{308: 2.126400041607221, 323: 5.610465488176967}]]" }, "geometry": { "type": "Point", "coordinates": [ 460087.660699999891222, 4988108.130799999460578 ] } },
{ "type": "Feature", "properties": { "OBJECTID": 11188, "POINT_X": 460090.95519999973, "POINT_Y": 4989580.6168000009, "Roads": [ [ 575, 577, 578 ] ], "NeighboringIntersections": "[[{312: 8.09048414184824, 285: 5.559664248384687, 331: 6.159274583339093}]]" }, "geometry": { "type": "Point", "coordinates": [ 460090.955199999734759, 4989580.616800000891089 ] } },
{ "type": "Feature", "properties": { "OBJECTID": 11189, "POINT_X": 460091.54229999986, "POINT_Y": 4986564.0918000005, "Roads": [ [ 546, 579, 1005 ] ], "NeighboringIntersections": "[[{296: 5.144547462042055, 295: 2.8287369932223525, 545: 60.480162572540024}]]" }, "geometry": { "type": "Point", "coordinates": [ 460091.542299999855459, 4986564.09180000051856 ] } },
{ "type": "Feature", "properties": { "OBJECTID": 11197, "POINT_X": 460100.17769999988, "POINT_Y": 4984212.3707999997, "Roads": [ [ 580, 623, 679 ] ], "NeighboringIntersections": "[[{284: 4.343760962529248, 338: 21.42798076022849, 371: 32.706718090079875}]]" }, "geometry": { "type": "Point", "coordinates": [ 460100.177699999883771, 4984212.370799999684095 ] } },
{ "type": "Feature", "properties": { "OBJECTID": 11227, "POINT_X": 460121.9096, "POINT_Y": 4989271.997, "Roads": [ [ 485, 581, 582 ] ], "NeighboringIntersections": "[[{264: 30.342970264537545, 311: 3.897850878038047, 332: 7.51235830091123}]]" }, "geometry": { "type": "Point", "coordinates": [ 460121.909599999897182, 4989271.996999999508262 ] } },
{ "type": "Feature", "properties": { "OBJECTID": 11257, "POINT_X": 460137.02940000035, "POINT_Y": 4985507.3254000004, "Roads": [ [ 583, 618, 632 ] ], "NeighboringIntersections": "[[{336: 19.68742585120468, 343: 7.27107816440318}]]" }, "geometry": { "type": "Point", "coordinates": [ 460137.029400000348687, 4985507.325400000438094 ] } },
{ "type": "Feature", "properties": { "OBJECTID": 11271, "POINT_X": 460146.12729999982, "POINT_Y": 4981666.9443999995, "Roads": [ [ 584, 585, 696 ] ], "NeighboringIntersections": "[[{237: 17.67496564185438, 380: 16.70524452699041}]]" }, "geometry": { "type": "Point", "coordinates": [ 460146.127299999818206, 4981666.944399999454618 ] } },
{ "type": "Feature", "properties": { "OBJECTID": 11273, "POINT_X": 460151.11230000015, "POINT_Y": 4983051.3265000004, "Roads": [ [ 586, 587, 602, 649 ] ], "NeighboringIntersections": "[[{282: 7.659592051681203, 328: 29.79877296597377, 354: 9.4442144812948}]]" }, "geometry": { "type": "Point", "coordinates": [ 460151.112300000153482, 4983051.326500000432134 ] } },
{ "type": "Feature", "properties": { "OBJECTID": 11275, "POINT_X": 460153.41210000031, "POINT_Y": 4984396.7503999993, "Roads": [ [ 588, 589, 615 ] ], "NeighboringIntersections": "[[{268: 9.353267527129638, 325: 7.589394282811023}]]" }, "geometry": { "type": "Point", "coordinates": [ 460153.412100000306964, 4984396.750399999320507 ] } },
{ "type": "Feature", "properties": { "OBJECTID": 11278, "POINT_X": 460157.3207, "POINT_Y": 4983645.6114000008, "Roads": [ [ 590, 591, 684 ] ], "NeighboringIntersections": "[[{337: 12.705891777868098, 373: 20.10289119632981}]]" }, "geometry": { "type": "Point", "coordinates": [ 460157.320700000040233, 4983645.611400000751019 ] } },
{ "type": "Feature", "properties": { "OBJECTID": 11289, "POINT_X": 460164.47049999982, "POINT_Y": 4988168.4889000002, "Roads": [ [ 592, 593, 639 ] ], "NeighboringIntersections": "[[{313: 5.610465488176967, 347: 6.400656334679863}]]" }, "geometry": { "type": "Point", "coordinates": [ 460164.470499999821186, 4988168.488900000229478 ] } },
{ "type": "Feature", "properties": { "OBJECTID": 11292, "POINT_X": 460165.53660000023, "POINT_Y": 4981072.3713000007, "Roads": [ [ 594, 595, 616 ] ], "NeighboringIntersections": "[[{240: 18.53314461849135, 335: 2.1719612425435884}]]" }, "geometry": { "type": "Point", "coordinates": [ 460165.536600000225008, 4981072.371300000697374 ] } },
{ "type": "Feature", "properties": { "OBJECTID": 11294, "POINT_X": 460165.78469999973, "POINT_Y": 4984509.9536000006, "Roads": [ [ 589, 596, 757 ] ], "NeighboringIntersections": "[[{321: 7.589394282811023, 413: 26.33672237666788}]]" }, "geometry": { "type": "Point", "coordinates": [ 460165.784699999727309, 4984509.953600000590086 ] } },
{ "type": "Feature", "properties": { "OBJECTID": 11296, "POINT_X": 460167.21210000012, "POINT_Y": 4987175.857000001, "Roads": [ [ 597, 598, 640 ] ], "NeighboringIntersections": "[[{293: 8.218948646815786, 327: 26.57952069931901, 348: 8.455804516039699}]]" }, "geometry": { "type": "Point", "coordinates": [ 460167.212100000120699, 4987175.85700000077486 ] } },
{ "type": "Feature", "properties": { "OBJECTID": 11307, "POINT_X": 460178.97059999965, "POINT_Y": 4987532.8859000001, "Roads": [ [ 598, 600, 651 ] ], "NeighboringIntersections": "[[{326: 26.57952069931901, 355: 9.912310596019621}]]" }, "geometry": { "type": "Point", "coordinates": [ 460178.970599999651313, 4987532.885900000110269 ] } },
{ "type": "Feature", "properties": { "OBJECTID": 11311, "POINT_X": 460183.0811000001, "POINT_Y": 4982594.0231, "Roads": [ [ 601, 602, 629 ] ], "NeighboringIntersections": "[[{262: 9.348399905124502, 320: 29.79877296597377, 341: 2.3089109172759725}]]" }, "geometry": { "type": "Point", "coordinates": [ 460183.081100000068545, 4982594.02309999987483 ] } },
{ "type": "Feature", "properties": { "OBJECTID": 11318, "POINT_X": 460188.0418999996, "POINT_Y": 4987894.356000001, "Roads": [ [ 603, 642, 671 ] ], "NeighboringIntersections": "[[{305: 9.091839509746745, 350: 21.612214678078285, 366: 10.521677674455978}]]" }, "geometry": { "type": "Point", "coordinates": [ 460188.041899999603629, 4987894.356000000610948 ] } },
{ "type": "Feature", "properties": { "OBJECTID": 11320, "POINT_X": 460193.08179999981, "POINT_Y": 4984693.3133000005, "Roads": [ [ 604, 605, 606, 712 ] ], "NeighboringIntersections": "[[{283: 8.052868746437241, 288: 8.05860210927041, 352: 19.306860952049668, 389: 11.782758744164456}]]" }, "geometry": { "type": "Point", "coordinates": [ 460193.081799999810755, 4984693.313300000503659 ] } },
{ "type": "Feature", "properties": { "OBJECTID": 11322, "POINT_X": 460194.08930000011, "POINT_Y": 4989608.3906999994, "Roads": [ [ 578, 607, 608 ] ], "NeighboringIntersections": "[[{314: 6.159274583339093, 285: 14.400878601521379}]]" }, "geometry": { "type": "Point", "coordinates": [ 460194.089300000108778, 4989608.390699999406934 ] } },
{ "type": "Feature", "properties": { "OBJECTID": 11324, "POINT_X": 460197.2229000004, "POINT_Y": 4989361.5284000002, "Roads": [ [ 582, 609, 610 ] ], "NeighboringIntersections": "[[{317: 7.51235830091123, 312: 7.880750513806964, 403: 43.948778829552325}]]" }, "geometry": { "type": "Point", "coordinates": [ 460197.222900000400841, 4989361.528400000184774 ] } },
{ "type": "Feature", "properties": { "OBJECTID": 11326, "POINT_X": 460198.20739999972, "POINT_Y": 4981174.707, "Roads": [ [ 611, 612, 613 ] ], "NeighboringIntersections": "[[{349: 14.156546131582056, 334: 1.6326185784967269}]]" }, "geometry": { "type": "Point", "coordinates": [ 460198.207399999722838, 4981174.707000000402331 ] } },
{ "type": "Feature", "properties": { "OBJECTID": 11327, "POINT_X": 460198.53519999981, "POINT_Y": 4981149.1645, "Roads": [ [ 613, 614, 617 ] ], "NeighboringIntersections": "[[{333: 1.6326185784967269, 357: 18.489867888188282, 335: 4.867719717344425}]]" }, "geometry": { "type": "Point", "coordinates": [ 460198.535199999809265, 4981149.1645 ] } },
{ "type": "Feature", "properties": { "OBJECTID": 11328, "POINT_X": 460199.514, "POINT_Y": 4981073.0085000005, "Roads": [ [ 616, 617, 693 ] ], "NeighboringIntersections": "[[{324: 2.1719612425435884, 334: 4.867719717344425, 378: 13.597839696429729}]]" }, "geometry": { "type": "Point", "coordinates": [ 460199.514000000432134, 4981073.008500000461936 ] } },
{ "type": "Feature", "properties": { "OBJECTID": 11336, "POINT_X": 460206.23529999983, "POINT_Y": 4985239.8541000001, "Roads": [ [ 618, 619, 625 ] ], "NeighboringIntersections": "[[{318: 19.68742585120468, 374: 18.787655643620003, 339: 22.983523146311594}]]" }, "geometry": { "type": "Point", "coordinates": [ 460206.235299999825656, 4985239.854100000113249 ] } },
{ "type": "Feature", "properties": { "OBJECTID": 11346, "POINT_X": 460215.5103000002, "POINT_Y": 4983811.4053000007, "Roads": [ [ 591, 620, 621, 673 ] ], "NeighboringIntersections": "[[{322: 12.705891777868098, 290: 12.682978066611184, 338: 7.2321822001986025, 367: 8.769768575676624}]]" }, "geometry": { "type": "Point", "coordinates": [ 460215.510300000198185, 4983811.405300000682473 ] } },
{ "type": "Feature", "properties": { "OBJECTID": 11352, "POINT_X": 460217.00779999979, "POINT_Y": 4983924.5526000001, "Roads": [ [ 621, 622, 623, 680 ] ], "NeighboringIntersections": "[[{337: 7.2321822001986025, 316: 21.42798076022849, 371: 18.21437328281188}]]" }, "geometry": { "type": "Point", "coordinates": [ 460217.007799999788404, 4983924.5526 ] } },
{ "type": "Feature", "properties": { "OBJECTID": 11361, "POINT_X": 460226.0027000001, "POINT_Y": 4984971.872, "Roads": [ [ 624, 625, 646 ] ], "NeighboringIntersections": "[[{336: 22.983523146311594, 352: 5.087017042983241}]]" }, "geometry": { "type": "Point", "coordinates": [ 460226.002700000070035, 4984971.871999999508262 ] } },
{ "type": "Feature", "properties": { "OBJECTID": 11363, "POINT_X": 460226.67019999959, "POINT_Y": 4982400.3841999993, "Roads": [ [ 626, 627, 710 ] ], "NeighboringIntersections": "[[{341: 12.155670570098154, 388: 12.610095696646464}]]" }, "geometry": { "type": "Point", "coordinates": [ 460226.670199999585748, 4982400.384199999272823 ] } },
{ "type": "Feature", "properties": { "OBJECTID": 11367, "POINT_X": 460229.39950000029, "POINT_Y": 4982590.5571, "Roads": [ [ 627, 629, 657, 659 ] ], "NeighboringIntersections": "[[{340: 12.155670570098154, 328: 2.3089109172759725, 359: 5.362149747084223, 360: 5.374575974800595}]]" }, "geometry": { "type": "Point", "coordinates": [ 460229.399500000290573, 4982590.557099999859929 ] } },
{ "type": "Feature", "properties": { "OBJECTID": 11368, "POINT_X": 460229.69730000012, "POINT_Y": 4985559.027000001, "Roads": [ [ 630, 631, 682 ] ], "NeighboringIntersections": "[[{301: 16.752801548720374, 302: 16.236637289430714, 372: 10.267423668356164}]]" }, "geometry": { "type": "Point", "coordinates": [ 460229.697300000116229, 4985559.027000000700355 ] } },
{ "type": "Feature", "properties": { "OBJECTID": 11373, "POINT_X": 460237.90749999974, "POINT_Y": 4985467.4384000003, "Roads": [ [ 628, 632, 686 ] ], "NeighboringIntersections": "[[{318: 7.27107816440318, 374: 9.498826371869667}]]" }, "geometry": { "type": "Point", "coordinates": [ 460237.90749999973923, 4985467.438400000333786 ] } },
{ "type": "Feature", "properties": { "OBJECTID": 11380, "POINT_X": 460245.015, "POINT_Y": 4983308.4564999994, "Roads": [ [ 633, 634, 705, 728 ] ], "NeighboringIntersections": "[[{289: 21.216981645407195, 385: 15.93776488822481, 398: 16.48573180960223}]]" }, "geometry": { "type": "Point", "coordinates": [ 460245.014999999664724, 4983308.456499999389052 ] } },
{ "type": "Feature", "properties": { "OBJECTID": 11384, "POINT_X": 460249.28589999955, "POINT_Y": 4986782.1207999997, "Roads": [ [ 635, 636, 663 ] ], "NeighboringIntersections": "[[{356: 11.6959881302023, 346: 14.365796433949361, 362: 6.934105961638402}]]" }, "geometry": { "type": "Point", "coordinates": [ 460249.285899999551475, 4986782.120799999684095 ] } },
{ "type": "Feature", "properties": { "OBJECTID": 11390, "POINT_X": 460258.5708999997, "POINT_Y": 4986583.4641999993, "Roads": [ [ 636, 637, 677 ] ], "NeighboringIntersections": "[[{345: 14.365796433949361, 362: 16.67947571563637}]]" }, "geometry": { "type": "Point", "coordinates": [ 460258.570899999700487, 4986583.464199999347329 ] } },
{ "type": "Feature", "properties": { "OBJECTID": 11395, "POINT_X": 460262.0263, "POINT_Y": 4988117.5425000004, "Roads": [ [ 599, 639, 665 ] ], "NeighboringIntersections": "[[{323: 6.400656334679863, 363: 6.38093696224793}]]" }, "geometry": { "type": "Point", "coordinates": [ 460262.026300000026822, 4988117.542500000447035 ] } },
{ "type": "Feature", "properties": { "OBJECTID": 11402, "POINT_X": 460264.57149999961, "POINT_Y": 4987091.7151999995, "Roads": [ [ 638, 640, 655 ] ], "NeighboringIntersections": "[[{326: 8.455804516039699, 358: 4.048411974459544}]]" }, "geometry": { "type": "Point", "coordinates": [ 460264.57149999961257, 4987091.715199999511242 ] } },
{ "type": "Feature", "properties": { "OBJECTID": 11404, "POINT_X": 460265.06329999957, "POINT_Y": 4981368.5855, "Roads": [ [ 612, 641, 654 ] ], "NeighboringIntersections": "[[{333: 14.156546131582056, 351: 3.79788169689087, 357: 4.147937457681703}]]" }, "geometry": { "type": "Point", "coordinates": [ 460265.063299999572337, 4981368.5855 ] } },
{ "type": "Feature", "properties": { "OBJECTID": 11418, "POINT_X": 460271.348, "POINT_Y": 4987758.3728, "Roads": [ [ 642, 643, 667 ] ], "NeighboringIntersections": "[[{329: 21.612214678078285, 364: 5.064450663182476}]]" }, "geometry": { "type": "Point", "coordinates": [ 460271.348000000230968, 4987758.3728 ] } },
{ "type": "Feature", "properties": { "OBJECTID": 11442, "POINT_X": 460287.40070000011, "POINT_Y": 4981423.1114000008, "Roads": [ [ 641, 644, 645 ] ], "NeighboringIntersections": "[[{349: 3.79788169689087}]]" }, "geometry": { "type": "Point", "coordinates": [ 460287.400700000114739, 4981423.111400000751019 ] } },
{ "type": "Feature", "properties": { "OBJECTID": 11452, "POINT_X": 460292.08509999979, "POINT_Y": 4984934.0221999995, "Roads": [ [ 606, 646, 800 ] ], "NeighboringIntersections": "[[{330: 19.306860952049668, 339: 5.087017042983241, 437: 28.183904004060008}]]" }, "geometry": { "type": "Point", "coordinates": [ 460292.085099999792874, 4984934.022199999541044 ] } },
{ "type": "Feature", "properties": { "OBJECTID": 11455, "POINT_X": 460292.8904, "POINT_Y": 4985909.5633000005, "Roads": [ [ 647, 648, 683 ] ], "NeighboringIntersections": "[[{298: 36.02917508505779, 299: 15.995680415576084, 372: 30.5390662832302}]]" }, "geometry": { "type": "Point", "coordinates": [ 460292.890399999916553, 4985909.563300000503659 ] } },
{ "type": "Feature", "properties": { "OBJECTID": 11463, "POINT_X": 460298.87810000032, "POINT_Y": 4983050.528000001, "Roads": [ [ 649, 650, 660, 706 ] ], "NeighboringIntersections": "[[{320: 9.4442144812948, 360: 30.226760032037472, 385: 7.621492452904593}]]" }, "geometry": { "type": "Point", "coordinates": [ 460298.878100000321865, 4983050.528000000864267 ] } },
{ "type": "Feature", "properties": { "OBJECTID": 11471, "POINT_X": 460305.78210000042, "POINT_Y": 4987563.9392000008, "Roads": [ [ 651, 652, 662 ] ], "NeighboringIntersections": "[[{327: 9.912310596019621, 361: 6.231043298241754}]]" }, "geometry": { "type": "Point", "coordinates": [ 460305.782100000418723, 4987563.939200000837445 ] } },
{ "type": "Feature", "properties": { "OBJECTID": 11477, "POINT_X": 460314.6563, "POINT_Y": 4986952.4931000005, "Roads": [ [ 635, 653, 692 ] ], "NeighboringIntersections": "[[{345: 11.6959881302023, 292: 16.187460977779455, 377: 5.089583226012601}]]" }, "geometry": { "type": "Point", "coordinates": [ 460314.656299999915063, 4986952.493100000545382 ] } },
{ "type": "Feature", "properties": { "OBJECTID": 11483, "POINT_X": 460321.06240000017, "POINT_Y": 4981336.6158000007, "Roads": [ [ 614, 654, 690 ] ], "NeighboringIntersections": "[[{334: 18.489867888188282, 349: 4.147937457681703, 376: 5.127332457848072}]]" }, "geometry": { "type": "Point", "coordinates": [ 460321.062400000169873, 4981336.615800000727177 ] } },
{ "type": "Feature", "properties": { "OBJECTID": 11484, "POINT_X": 460322.56859999988, "POINT_Y": 4987106.291, "Roads": [ [ 655, 656, 774 ] ], "NeighboringIntersections": "[[{348: 4.048411974459544, 368: 13.862798228935642, 423: 20.376280956599974}]]" }, "geometry": { "type": "Point", "coordinates": [ 460322.568599999882281, 4987106.290999999269843 ] } },
{ "type": "Feature", "properties": { "OBJECTID": 11497, "POINT_X": 460335.7611999996, "POINT_Y": 4982575.3568999991, "Roads": [ [ 657, 658, 675 ] ], "NeighboringIntersections": "[[{341: 5.362149747084223, 360: 0.8329590755159199, 369: 1.932066202263207}]]" }, "geometry": { "type": "Point", "coordinates": [ 460335.761199999600649, 4982575.356899999082088 ] } },
{ "type": "Feature", "properties": { "OBJECTID": 11502, "POINT_X": 460337.25690000039, "POINT_Y": 4982588.3036000002, "Roads": [ [ 658, 659, 660, 678 ] ], "NeighboringIntersections": "[[{359: 0.8329590755159199, 341: 5.374575974800595, 354: 30.226760032037472, 370: 1.946326396088045}]]" }, "geometry": { "type": "Point", "coordinates": [ 460337.25690000038594, 4982588.303600000217557 ] } },
{ "type": "Feature", "properties": { "OBJECTID": 11508, "POINT_X": 460339.40490000043, "POINT_Y": 4987473.678, "Roads": [ [ 661, 662, 674 ] ], "NeighboringIntersections": "[[{355: 6.231043298241754, 368: 10.851294265392072}]]" }, "geometry": { "type": "Point", "coordinates": [ 460339.404900000430644, 4987473.677999999374151 ] } },
{ "type": "Feature", "properties": { "OBJECTID": 11516, "POINT_X": 460344.9793999996, "POINT_Y": 4986731.517000001, "Roads": [ [ 637, 663, 664 ] ], "NeighboringIntersections": "[[{346: 16.67947571563637, 345: 6.934105961638402, 377: 13.214316150502444}]]" }, "geometry": { "type": "Point", "coordinates": [ 460344.979399999603629, 4986731.517000000923872 ] } },
{ "type": "Feature", "properties": { "OBJECTID": 11519, "POINT_X": 460347.72780000046, "POINT_Y": 4988044.8846000005, "Roads": [ [ 665, 666, 672 ] ], "NeighboringIntersections": "[[{347: 6.38093696224793, 412: 16.402514334798724, 366: 8.946765770166346}]]" }, "geometry": { "type": "Point", "coordinates": [ 460347.727800000458956, 4988044.884600000455976 ] } },
{ "type": "Feature", "properties": { "OBJECTID": 11527, "POINT_X": 460350.57610000018, "POINT_Y": 4987758.7815000005, "Roads": [ [ 667, 668, 750 ] ], "NeighboringIntersections": "[[{350: 5.064450663182476, 365: 5.229280545501865, 409: 11.924573906655665}]]" }, "geometry": { "type": "Point", "coordinates": [ 460350.576100000180304, 4987758.781500000506639 ] } },
{ "type": "Feature", "properties": { "OBJECTID": 11529, "POINT_X": 460351.6475, "POINT_Y": 4987840.5939000007, "Roads": [ [ 668, 669, 751 ] ], "NeighboringIntersections": "[[{364: 5.229280545501865, 366: 3.9537211883012877, 409: 9.934998406737561}]]" }, "geometry": { "type": "Point", "coordinates": [ 460351.647499999962747, 4987840.593900000676513 ] } },
{ "type": "Feature", "properties": { "OBJECTID": 11530, "POINT_X": 460352.45749999955, "POINT_Y": 4987902.4500999991, "Roads": [ [ 669, 670, 671, 672, 794 ] ], "NeighboringIntersections": "[[{365: 3.9537211883012877, 306: 19.606094695570274, 329: 10.521677674455978, 363: 8.946765770166346, 433: 16.84452037687495}]]" }, "geometry": { "type": "Point", "coordinates": [ 460352.457499999552965, 4987902.450099999085069 ] } },
{ "type": "Feature", "properties": { "OBJECTID": 11531, "POINT_X": 460352.6974, "POINT_Y": 4983808.6231999993, "Roads": [ [ 673, 685, 818 ] ], "NeighboringIntersections": "[[{337: 8.769768575676624, 373: 14.090086412233882, 446: 20.97404843860507}]]" }, "geometry": { "type": "Point", "coordinates": [ 460352.697399999946356, 4983808.623199999332428 ] } },
{ "type": "Feature", "properties": { "OBJECTID": 11539, "POINT_X": 460358.38009999972, "POINT_Y": 4987307.1592999995, "Roads": [ [ 656, 674, 796 ] ], "NeighboringIntersections": "[[{358: 13.862798228935642, 361: 10.851294265392072, 434: 22.8065872524868}]]" }, "geometry": { "type": "Point", "coordinates": [ 460358.380099999718368, 4987307.159299999475479 ] } },
{ "type": "Feature", "properties": { "OBJECTID": 11565, "POINT_X": 460374.51250000019, "POINT_Y": 4982572.3603000008, "Roads": [ [ 675, 676, 718 ] ], "NeighboringIntersections": "[[{359: 1.932066202263207, 392: 4.911428978637324, 393: 2.6014213331498883}]]" }, "geometry": { "type": "Point", "coordinates": [ 460374.512500000186265, 4982572.360300000756979 ] } },
{ "type": "Feature", "properties": { "OBJECTID": 11567, "POINT_X": 460376.29690000042, "POINT_Y": 4982585.3198000006, "Roads": [ [ 678, 720, 722 ] ], "NeighboringIntersections": "[[{360: 1.946326396088045, 394: 2.525293380460237, 395: 4.79914129261226}]]" }, "geometry": { "type": "Point", "coordinates": [ 460376.296900000423193, 4982585.31980000063777 ] } },
{ "type": "Feature", "properties": { "OBJECTID": 11575, "POINT_X": 460380.31979999971, "POINT_Y": 4984067.3040999994, "Roads": [ [ 679, 680, 681, 745 ] ], "NeighboringIntersections": "[[{316: 32.706718090079875, 338: 18.21437328281188, 407: 6.692575905648553}]]" }, "geometry": { "type": "Point", "coordinates": [ 460380.319799999706447, 4984067.304099999368191 ] } },
{ "type": "Feature", "properties": { "OBJECTID": 11579, "POINT_X": 460381.75829999987, "POINT_Y": 4985517.5026999991, "Roads": [ [ 682, 683, 687, 814 ] ], "NeighboringIntersections": "[[{342: 10.267423668356164, 353: 30.5390662832302, 374: 4.573758512280214, 443: 19.248037151763636}]]" }, "geometry": { "type": "Point", "coordinates": [ 460381.75829999987036, 4985517.502699999138713 ] } },
{ "type": "Feature", "properties": { "OBJECTID": 11581, "POINT_X": 460382.27819999959, "POINT_Y": 4983605.3431000002, "Roads": [ [ 684, 685, 784 ] ], "NeighboringIntersections": "[[{322: 20.10289119632981, 367: 14.090086412233882, 428: 13.685426329798194}]]" }, "geometry": { "type": "Point", "coordinates": [ 460382.278199999593198, 4983605.343100000172853 ] } },
{ "type": "Feature", "properties": { "OBJECTID": 11584, "POINT_X": 460382.91540000029, "POINT_Y": 4985445.9492000006, "Roads": [ [ 619, 686, 687 ] ], "NeighboringIntersections": "[[{336: 18.787655643620003, 343: 9.498826371869667, 372: 4.573758512280214}]]" }, "geometry": { "type": "Point", "coordinates": [ 460382.915400000289083, 4985445.949200000613928 ] } },
{ "type": "Feature", "properties": { "OBJECTID": 11597, "POINT_X": 460399.99959999975, "POINT_Y": 4981425.6289000008, "Roads": [ [ 689, 691, 743 ] ], "NeighboringIntersections": "[[{379: 9.696820218543445, 376: 4.476971221552779, 405: 5.258554965820422}]]" }, "geometry": { "type": "Point", "coordinates": [ 460399.99959999974817, 4981425.628900000825524 ] } },
{ "type": "Feature", "properties": { "OBJECTID": 11599, "POINT_X": 460401.1568, "POINT_Y": 4981335.574, "Roads": [ [ 690, 691, 694 ] ], "NeighboringIntersections": "[[{357: 5.127332457848072, 375: 4.476971221552779, 378: 11.328650402412968}]]" }, "geometry": { "type": "Point", "coordinates": [ 460401.1568, 4981335.573999999091029 ] } },
{ "type": "Feature", "properties": { "OBJECTID": 11600, "POINT_X": 460401.31109999958, "POINT_Y": 4986924.6829000004, "Roads": [ [ 664, 692, 790 ] ], "NeighboringIntersections": "[[{362: 13.214316150502444, 356: 5.089583226012601, 431: 11.710560719855376}]]" }, "geometry": { "type": "Point", "coordinates": [ 460401.311099999584258, 4986924.682900000363588 ] } },
{ "type": "Feature", "properties": { "OBJECTID": 11602, "POINT_X": 460403.98859999981, "POINT_Y": 4981107.6953999996, "Roads": [ [ 693, 694, 702 ] ], "NeighboringIntersections": "[[{335: 13.597839696429729, 376: 11.328650402412968, 383: 10.337733134596014}]]" }, "geometry": { "type": "Point", "coordinates": [ 460403.988599999807775, 4981107.69539999961853 ] } },
{ "type": "Feature", "properties": { "OBJECTID": 11604, "POINT_X": 460405.49550000019, "POINT_Y": 4981620.5461999997, "Roads": [ [ 689, 695, 739 ] ], "NeighboringIntersections": "[[{375: 9.696820218543445, 380: 2.4831314697788636}]]" }, "geometry": { "type": "Point", "coordinates": [ 460405.495500000193715, 4981620.54619999974966 ] } },
{ "type": "Feature", "properties": { "OBJECTID": 11605, "POINT_X": 460407.48060000036, "POINT_Y": 4981670.4594000001, "Roads": [ [ 695, 696, 697 ] ], "NeighboringIntersections": "[[{379: 2.4831314697788636, 319: 16.70524452699041, 381: 6.868685309296725}]]" }, "geometry": { "type": "Point", "coordinates": [ 460407.480600000359118, 4981670.4594 ] } },
{ "type": "Feature", "properties": { "OBJECTID": 11619, "POINT_X": 460413.57959999982, "POINT_Y": 4981808.5007000007, "Roads": [ [ 697, 699, 904 ] ], "NeighboringIntersections": "[[{380: 6.868685309296725, 384: 2.4043074587806457, 491: 33.40750207416725}]]" }, "geometry": { "type": "Point", "coordinates": [ 460413.579599999822676, 4981808.500700000673532 ] } },
{ "type": "Feature", "properties": { "OBJECTID": 11626, "POINT_X": 460414.887, "POINT_Y": 4980726.7338999994, "Roads": [ [ 698, 700, 701 ] ], "NeighboringIntersections": "[[{383: 8.617516799990563}]]" }, "geometry": { "type": "Point", "coordinates": [ 460414.887000000104308, 4980726.733899999409914 ] } },
{ "type": "Feature", "properties": { "OBJECTID": 11627, "POINT_X": 460415.3245000001, "POINT_Y": 4980900.0901999995, "Roads": [ [ 688, 701, 702, 754 ] ], "NeighboringIntersections": "[[{382: 8.617516799990563, 378: 10.337733134596014, 410: 6.992534208430346}]]" }, "geometry": { "type": "Point", "coordinates": [ 460415.324500000104308, 4980900.090199999511242 ] } },
{ "type": "Feature", "properties": { "OBJECTID": 11628, "POINT_X": 460415.6579, "POINT_Y": 4981856.823000001, "Roads": [ [ 699, 703, 704 ] ], "NeighboringIntersections": "[[{381: 2.4043074587806457, 310: 27.152322445606483, 386: 3.6938031421743407}]]" }, "geometry": { "type": "Point", "coordinates": [ 460415.6579, 4981856.823000000789762 ] } },
{ "type": "Feature", "properties": { "OBJECTID": 11632, "POINT_X": 460417.41330000013, "POINT_Y": 4983039.5761999991, "Roads": [ [ 705, 706, 723, 729 ] ], "NeighboringIntersections": "[[{344: 15.93776488822481, 354: 7.621492452904593, 395: 23.01887526926048, 398: 0.9935168774642974}]]" }, "geometry": { "type": "Point", "coordinates": [ 460417.41330000013113, 4983039.576199999079108 ] } },
{ "type": "Feature", "properties": { "OBJECTID": 11634, "POINT_X": 460418.851, "POINT_Y": 4981931.0613000002, "Roads": [ [ 704, 707, 905 ] ], "NeighboringIntersections": "[[{384: 3.6938031421743407, 387: 1.8416309354011078, 491: 53.203358667546674}]]" }, "geometry": { "type": "Point", "coordinates": [ 460418.850999999791384, 4981931.061300000175834 ] } },
{ "type": "Feature", "properties": { "OBJECTID": 11641, "POINT_X": 460420.443, "POINT_Y": 4981968.0747999996, "Roads": [ [ 707, 708, 709 ] ], "NeighboringIntersections": "[[{386: 1.8416309354011078, 310: 23.40492516691307, 390: 5.689183217574992}]]" }, "geometry": { "type": "Point", "coordinates": [ 460420.442999999970198, 4981968.074799999594688 ] } },
{ "type": "Feature", "properties": { "OBJECTID": 11646, "POINT_X": 460423.97219999973, "POINT_Y": 4982400.1832999997, "Roads": [ [ 710, 711, 726, 730 ] ], "NeighboringIntersections": "[[{340: 12.610095696646464, 392: 6.9128842330576035, 397: 8.446127403850932, 399: 1.019954512706664}]]" }, "geometry": { "type": "Point", "coordinates": [ 460423.972199999727309, 4982400.183299999684095 ] } },
{ "type": "Feature", "properties": { "OBJECTID": 11647, "POINT_X": 460424.86330000032, "POINT_Y": 4984721.6450999994, "Roads": [ [ 712, 713, 762, 772 ] ], "NeighboringIntersections": "[[{330: 11.782758744164456, 417: 6.498603029526318, 422: 14.12239489421551}]]" }, "geometry": { "type": "Point", "coordinates": [ 460424.863300000317395, 4984721.645099999383092 ] } },
{ "type": "Feature", "properties": { "OBJECTID": 11648, "POINT_X": 460425.3783, "POINT_Y": 4982082.4165000003, "Roads": [ [ 709, 714, 715 ] ], "NeighboringIntersections": "[[{387: 5.689183217574992, 309: 24.00646566374629, 391: 0.6232611616248558}]]" }, "geometry": { "type": "Point", "coordinates": [ 460425.378299999982119, 4982082.416500000283122 ] } },
{ "type": "Feature", "properties": { "OBJECTID": 11649, "POINT_X": 460425.92260000017, "POINT_Y": 4982094.9427000005, "Roads": [ [ 715, 716, 943 ] ], "NeighboringIntersections": "[[{390: 0.6232611616248558, 396: 4.976113673363592, 511: 36.89520610034014}]]" }, "geometry": { "type": "Point", "coordinates": [ 460425.922600000165403, 4982094.942700000479817 ] } },
{ "type": "Feature", "properties": { "OBJECTID": 11650, "POINT_X": 460425.95770000014, "POINT_Y": 4982523.7792000007, "Roads": [ [ 676, 711, 717 ] ], "NeighboringIntersections": "[[{369: 4.911428978637324, 388: 6.9128842330576035, 393: 2.491535106307121}]]" }, "geometry": { "type": "Point", "coordinates": [ 460425.957700000144541, 4982523.779200000688434 ] } },
{ "type": "Feature", "properties": { "OBJECTID": 11653, "POINT_X": 460426.689, "POINT_Y": 4982568.3255000003, "Roads": [ [ 717, 718, 719, 732 ] ], "NeighboringIntersections": "[[{392: 2.491535106307121, 369: 2.6014213331498883, 394: 0.7340280077996064, 400: 0.878838900366125}]]" }, "geometry": { "type": "Point", "coordinates": [ 460426.689000000245869, 4982568.325500000268221 ] } },
{ "type": "Feature", "properties": { "OBJECTID": 11654, "POINT_X": 460426.95, "POINT_Y": 4982581.4485, "Roads": [ [ 719, 720, 721, 734 ] ], "NeighboringIntersections": "[[{393: 0.7340280077996064, 370: 2.525293380460237, 395: 2.740961849118705, 401: 0.8780700832304444}]]" }, "geometry": { "type": "Point", "coordinates": [ 460426.950000000186265, 4982581.4485 ] } },
{ "type": "Feature", "properties": { "OBJECTID": 11657, "POINT_X": 460427.7751000002, "POINT_Y": 4982630.4541999996, "Roads": [ [ 721, 722, 723 ] ], "NeighboringIntersections": "[[{394: 2.740961849118705, 370: 4.79914129261226, 385: 23.01887526926048}]]" }, "geometry": { "type": "Point", "coordinates": [ 460427.775100000202656, 4982630.454199999570847 ] } },
{ "type": "Feature", "properties": { "OBJECTID": 11658, "POINT_X": 460430.20129999984, "POINT_Y": 4982194.9547000006, "Roads": [ [ 716, 724, 725 ] ], "NeighboringIntersections": "[[{391: 4.976113673363592, 307: 24.33035058886485, 397: 2.783395548217534}]]" }, "geometry": { "type": "Point", "coordinates": [ 460430.201299999840558, 4982194.954700000584126 ] } },
{ "type": "Feature", "properties": { "OBJECTID": 11660, "POINT_X": 460432.7007, "POINT_Y": 4982250.8918999992, "Roads": [ [ 725, 726, 727, 783 ] ], "NeighboringIntersections": "[[{396: 2.783395548217534, 388: 8.446127403850932, 399: 8.39116524366292, 427: 10.026030069175714}]]" }, "geometry": { "type": "Point", "coordinates": [ 460432.700699999928474, 4982250.8918999992311 ] } },
{ "type": "Feature", "properties": { "OBJECTID": 11661, "POINT_X": 460432.903, "POINT_Y": 4983038.2665999997, "Roads": [ [ 728, 729, 736, 769 ] ], "NeighboringIntersections": "[[{344: 16.48573180960223, 385: 0.9935168774642974, 402: 22.924805123650557, 420: 7.700557699824785}]]" }, "geometry": { "type": "Point", "coordinates": [ 460432.902999999932945, 4983038.26659999974072 ] } },
{ "type": "Feature", "properties": { "OBJECTID": 11666, "POINT_X": 460439.93080000021, "POINT_Y": 4982400.2061000001, "Roads": [ [ 727, 730, 731 ] ], "NeighboringIntersections": "[[{397: 8.39116524366292, 388: 1.019954512706664, 400: 9.332341959757908}]]" }, "geometry": { "type": "Point", "coordinates": [ 460439.930800000205636, 4982400.2061 ] } },
{ "type": "Feature", "properties": { "OBJECTID": 11673, "POINT_X": 460444.31819999963, "POINT_Y": 4982566.9937999994, "Roads": [ [ 731, 732, 733, 888 ] ], "NeighboringIntersections": "[[{399: 9.332341959757908, 393: 0.878838900366125, 401: 0.7315419499466776, 481: 21.404630718361602}]]" }, "geometry": { "type": "Point", "coordinates": [ 460444.318199999630451, 4982566.99379999935627 ] } },
{ "type": "Feature", "properties": { "OBJECTID": 11674, "POINT_X": 460444.5603, "POINT_Y": 4982580.0726999994, "Roads": [ [ 733, 734, 735, 747 ] ], "NeighboringIntersections": "[[{400: 0.7315419499466776, 394: 0.8780700832304444, 402: 2.8150506618213793, 408: 2.1532439577107203}]]" }, "geometry": { "type": "Point", "coordinates": [ 460444.560300000011921, 4982580.072699999436736 ] } },
{ "type": "Feature", "properties": { "OBJECTID": 11677, "POINT_X": 460445.5532, "POINT_Y": 4982630.4004999995, "Roads": [ [ 735, 736, 748 ] ], "NeighboringIntersections": "[[{401: 2.8150506618213793, 398: 22.924805123650557, 408: 4.655949445159709}]]" }, "geometry": { "type": "Point", "coordinates": [ 460445.553199999965727, 4982630.400499999523163 ] } },
{ "type": "Feature", "properties": { "OBJECTID": 11693, "POINT_X": 460464.37530000042, "POINT_Y": 4989942.943, "Roads": [ [ 610, 737, 738, 854 ] ], "NeighboringIntersections": "[[{332: 43.948778829552325, 238: 29.507320947763997, 404: 17.508263981848884, 463: 14.306079307230593}]]" }, "geometry": { "type": "Point", "coordinates": [ 460464.375300000421703, 4989942.943 ] } },
{ "type": "Feature", "properties": { "OBJECTID": 11704, "POINT_X": 460470.3518000003, "POINT_Y": 4990216.8191, "Roads": [ [ 738, 740, 764 ] ], "NeighboringIntersections": "[[{403: 17.508263981848884, 418: 4.188959310600973}]]" }, "geometry": { "type": "Point", "coordinates": [ 460470.351800000295043, 4990216.8191 ] } },
{ "type": "Feature", "properties": { "OBJECTID": 11725, "POINT_X": 460482.15060000028, "POINT_Y": 4981423.2676, "Roads": [ [ 743, 744, 792 ] ], "NeighboringIntersections": "[[{375: 5.258554965820422, 406: 6.994941113658503, 432: 11.194558388916622}]]" }, "geometry": { "type": "Point", "coordinates": [ 460482.150600000284612, 4981423.2676 ] } },
{ "type": "Feature", "properties": { "OBJECTID": 11732, "POINT_X": 460484.69, "POINT_Y": 4981314.2037000004, "Roads": [ [ 741, 744, 844 ] ], "NeighboringIntersections": "[[{405: 6.994941113658503, 457: 20.445809349238477}]]" }, "geometry": { "type": "Point", "coordinates": [ 460484.690000000409782, 4981314.203700000420213 ] } },
{ "type": "Feature", "properties": { "OBJECTID": 11733, "POINT_X": 460484.99810000043, "POINT_Y": 4984070.0596999992, "Roads": [ [ 745, 746, 760 ] ], "NeighboringIntersections": "[[{371: 6.692575905648553, 414: 10.518120299058618, 415: 8.666877708585453}]]" }, "geometry": { "type": "Point", "coordinates": [ 460484.998100000433624, 4984070.059699999168515 ] } },
{ "type": "Feature", "properties": { "OBJECTID": 11738, "POINT_X": 460487.76510000043, "POINT_Y": 4982576.9702000003, "Roads": [ [ 747, 748, 889 ] ], "NeighboringIntersections": "[[{401: 2.1532439577107203, 402: 4.655949445159709, 481: 19.302370638057063}]]" }, "geometry": { "type": "Point", "coordinates": [ 460487.765100000426173, 4982576.970200000330806 ] } },
{ "type": "Feature", "properties": { "OBJECTID": 11758, "POINT_X": 460495.68230000045, "POINT_Y": 4987813.0958999991, "Roads": [ [ 750, 751, 752 ] ], "NeighboringIntersections": "[[{364: 11.924573906655665, 365: 9.934998406737561}]]" }, "geometry": { "type": "Point", "coordinates": [ 460495.682300000451505, 4987813.095899999141693 ] } },
{ "type": "Feature", "properties": { "OBJECTID": 11759, "POINT_X": 460496.2834000001, "POINT_Y": 4980843.4809000008, "Roads": [ [ 754, 755, 779 ] ], "NeighboringIntersections": "[[{383: 6.992534208430346, 411: 6.394647495321089, 425: 5.954032300533374}]]" }, "geometry": { "type": "Point", "coordinates": [ 460496.283400000073016, 4980843.480900000780821 ] } },
{ "type": "Feature", "properties": { "OBJECTID": 11765, "POINT_X": 460500.1640999997, "POINT_Y": 4980753.0563999992, "Roads": [ [ 742, 755, 777 ] ], "NeighboringIntersections": "[[{410: 6.394647495321089, 424: 6.049690294385095}]]" }, "geometry": { "type": "Point", "coordinates": [ 460500.164099999703467, 4980753.056399999186397 ] } },
{ "type": "Feature", "properties": { "OBJECTID": 11769, "POINT_X": 460503.63179999962, "POINT_Y": 4988210.5253, "Roads": [ [ 666, 756, 780 ] ], "NeighboringIntersections": "[[{363: 16.402514334798724, 426: 4.980796067302749}]]" }, "geometry": { "type": "Point", "coordinates": [ 460503.631799999624491, 4988210.525299999862909 ] } },
{ "type": "Feature", "properties": { "OBJECTID": 11782, "POINT_X": 460515.0378, "POINT_Y": 4984470.7617000006, "Roads": [ [ 749, 757, 805 ] ], "NeighboringIntersections": "[[{325: 26.33672237666788, 440: 7.491657183512546}]]" }, "geometry": { "type": "Point", "coordinates": [ 460515.037800000049174, 4984470.761700000613928 ] } },
{ "type": "Feature", "properties": { "OBJECTID": 11785, "POINT_X": 460518.586, "POINT_Y": 4984225.1816000007, "Roads": [ [ 746, 758, 759 ] ], "NeighboringIntersections": "[[{407: 10.518120299058618, 421: 3.2306129096687592}]]" }, "geometry": { "type": "Point", "coordinates": [ 460518.58600000012666, 4984225.181600000709295 ] } },
{ "type": "Feature", "properties": { "OBJECTID": 11787, "POINT_X": 460519.957, "POINT_Y": 4983943.8501999993, "Roads": [ [ 753, 760, 822 ] ], "NeighboringIntersections": "[[{407: 8.666877708585453, 448: 11.290508364670796}]]" }, "geometry": { "type": "Point", "coordinates": [ 460519.957000000402331, 4983943.850199999287724 ] } },
{ "type": "Feature", "properties": { "OBJECTID": 11796, "POINT_X": 460526.12540000025, "POINT_Y": 4983390.6593999993, "Roads": [ [ 761, 766, 840 ] ], "NeighboringIntersections": "[[{456: 15.25030583326531}]]" }, "geometry": { "type": "Point", "coordinates": [ 460526.12540000025183, 4983390.659399999305606 ] } },
{ "type": "Feature", "properties": { "OBJECTID": 11798, "POINT_X": 460529.4825, "POINT_Y": 4984798.8855000008, "Roads": [ [ 762, 763, 803 ] ], "NeighboringIntersections": "[[{389: 6.498603029526318, 439: 6.895228971601197}]]" }, "geometry": { "type": "Point", "coordinates": [ 460529.482499999925494, 4984798.885500000789762 ] } },
{ "type": "Feature", "properties": { "OBJECTID": 11801, "POINT_X": 460535.87870000023, "POINT_Y": 4990215.4060999993, "Roads": [ [ 764, 765, 798 ] ], "NeighboringIntersections": "[[{404: 4.188959310600973, 436: 5.868862788143636}]]" }, "geometry": { "type": "Point", "coordinates": [ 460535.878700000233948, 4990215.406099999323487 ] } },
{ "type": "Feature", "properties": { "OBJECTID": 11808, "POINT_X": 460547.22240000032, "POINT_Y": 4987573.3718999997, "Roads": [ [ 767, 768, 881 ] ], "NeighboringIntersections": "[[{478: 19.634333007494195}]]" }, "geometry": { "type": "Point", "coordinates": [ 460547.222400000318885, 4987573.371899999678135 ] } },
{ "type": "Feature", "properties": { "OBJECTID": 11813, "POINT_X": 460551.97840000037, "POINT_Y": 4983038.7936000004, "Roads": [ [ 769, 770, 886 ] ], "NeighboringIntersections": "[[{398: 7.700557699824785, 451: 17.245072988691966, 480: 21.52717330888989}]]" }, "geometry": { "type": "Point", "coordinates": [ 460551.978400000371039, 4983038.793600000441074 ] } },
{ "type": "Feature", "properties": { "OBJECTID": 11815, "POINT_X": 460557.7906, "POINT_Y": 4984257.0488000009, "Roads": [ [ 759, 771, 782 ] ], "NeighboringIntersections": "[[{414: 3.2306129096687592, 440: 15.982535852458179}]]" }, "geometry": { "type": "Point", "coordinates": [ 460557.790599999949336, 4984257.048800000920892 ] } },
{ "type": "Feature", "properties": { "OBJECTID": 11833, "POINT_X": 460570.48809999973, "POINT_Y": 4984575.8581000008, "Roads": [ [ 772, 773, 811 ] ], "NeighboringIntersections": "[[{389: 14.12239489421551, 442: 5.276413854405749}]]" }, "geometry": { "type": "Point", "coordinates": [ 460570.488099999725819, 4984575.8581000007689 ] } },
{ "type": "Feature", "properties": { "OBJECTID": 11838, "POINT_X": 460578.16540000029, "POINT_Y": 4987110.4203999992, "Roads": [ [ 774, 775, 791 ] ], "NeighboringIntersections": "[[{358: 20.376280956599974, 438: 3.5906654404495333, 431: 15.260586256416452}]]" }, "geometry": { "type": "Point", "coordinates": [ 460578.165400000289083, 4987110.420399999246001 ] } },
{ "type": "Feature", "properties": { "OBJECTID": 11840, "POINT_X": 460579.59020000044, "POINT_Y": 4980740.5528999995, "Roads": [ [ 777, 778, 807 ] ], "NeighboringIntersections": "[[{411: 6.049690294385095, 425: 5.710792363847714}]]" }, "geometry": { "type": "Point", "coordinates": [ 460579.590200000442564, 4980740.552899999544024 ] } },
{ "type": "Feature", "properties": { "OBJECTID": 11847, "POINT_X": 460583.92129999958, "POINT_Y": 4980827.8957000002, "Roads": [ [ 778, 779, 816 ] ], "NeighboringIntersections": "[[{424: 5.710792363847714, 410: 5.954032300533374, 445: 5.996208658424991}]]" }, "geometry": { "type": "Point", "coordinates": [ 460583.921299999579787, 4980827.895700000226498 ] } },
{ "type": "Feature", "properties": { "OBJECTID": 11852, "POINT_X": 460588.21119999979, "POINT_Y": 4988194.01, "Roads": [ [ 780, 781, 789 ] ], "NeighboringIntersections": "[[{412: 4.980796067302749, 430: 11.549331687637638}]]" }, "geometry": { "type": "Point", "coordinates": [ 460588.211199999786913, 4988194.009999999776483 ] } },
{ "type": "Feature", "properties": { "OBJECTID": 11855, "POINT_X": 460589.5603, "POINT_Y": 4982252.8059, "Roads": [ [ 783, 856 ] ], "NeighboringIntersections": "[[{397: 10.026030069175714, 464: 38.20988067893609}]]" }, "geometry": { "type": "Point", "coordinates": [ 460589.560300000011921, 4982252.8059 ] } },
{ "type": "Feature", "properties": { "OBJECTID": 11856, "POINT_X": 460591.45729999989, "POINT_Y": 4983639.7228999995, "Roads": [ [ 784, 785, 849 ] ], "NeighboringIntersections": "[[{373: 13.685426329798194, 446: 13.25120123768726, 461: 14.238869326757662}]]" }, "geometry": { "type": "Point", "coordinates": [ 460591.457299999892712, 4983639.722899999469519 ] } },
{ "type": "Feature", "properties": { "OBJECTID": 11865, "POINT_X": 460599.28990000021, "POINT_Y": 4985253.8631999996, "Roads": [ [ 786, 787, 801 ] ], "NeighboringIntersections": "[[{443: 11.00439898664214, 437: 7.083223648933862}]]" }, "geometry": { "type": "Point", "coordinates": [ 460599.289900000207126, 4985253.863199999555945 ] } },
{ "type": "Feature", "properties": { "OBJECTID": 11868, "POINT_X": 460601.24569999985, "POINT_Y": 4987992.1588000003, "Roads": [ [ 788, 789, 795 ] ], "NeighboringIntersections": "[[{426: 11.549331687637638, 433: 5.128994998480258}]]" }, "geometry": { "type": "Point", "coordinates": [ 460601.245699999853969, 4987992.158800000324845 ] } },
{ "type": "Feature", "properties": { "OBJECTID": 11871, "POINT_X": 460608.91530000046, "POINT_Y": 4986902.9137999993, "Roads": [ [ 790, 791, 810 ] ], "NeighboringIntersections": "[[{377: 11.710560719855376, 423: 15.260586256416452, 441: 2.1612108717189495}]]" }, "geometry": { "type": "Point", "coordinates": [ 460608.915300000458956, 4986902.913799999281764 ] } },
{ "type": "Feature", "properties": { "OBJECTID": 11874, "POINT_X": 460612.38829999976, "POINT_Y": 4981503.7414999995, "Roads": [ [ 792, 793, 825 ] ], "NeighboringIntersections": "[[{405: 11.194558388916622, 449: 5.501015570328878}]]" }, "geometry": { "type": "Point", "coordinates": [ 460612.388299999758601, 4981503.741499999538064 ] } },
{ "type": "Feature", "properties": { "OBJECTID": 11876, "POINT_X": 460616.00179999974, "POINT_Y": 4987902.5703999996, "Roads": [ [ 794, 795, 797, 865 ] ], "NeighboringIntersections": "[[{366: 16.84452037687495, 430: 5.128994998480258, 435: 4.282133392039421, 470: 12.64166644205798}]]" }, "geometry": { "type": "Point", "coordinates": [ 460616.001799999736249, 4987902.57039999961853 ] } },
{ "type": "Feature", "properties": { "OBJECTID": 11879, "POINT_X": 460616.78830000013, "POINT_Y": 4987416.169, "Roads": [ [ 776, 796, 832 ] ], "NeighboringIntersections": "[[{368: 22.8065872524868, 452: 6.3495464960470915}]]" }, "geometry": { "type": "Point", "coordinates": [ 460616.78830000013113, 4987416.168999999761581 ] } },
{ "type": "Feature", "properties": { "OBJECTID": 11881, "POINT_X": 460617.96389999986, "POINT_Y": 4987835.6715999991, "Roads": [ [ 797, 809, 831 ] ], "NeighboringIntersections": "[[{433: 4.282133392039421}]]" }, "geometry": { "type": "Point", "coordinates": [ 460617.963899999856949, 4987835.671599999070168 ] } },
{ "type": "Feature", "properties": { "OBJECTID": 11892, "POINT_X": 460627.37930000015, "POINT_Y": 4990217.2128, "Roads": [ [ 765, 798, 799 ] ], "NeighboringIntersections": "[[{418: 5.868862788143636}]]" }, "geometry": { "type": "Point", "coordinates": [ 460627.379300000146031, 4990217.212799999862909 ] } },
{ "type": "Feature", "properties": { "OBJECTID": 11893, "POINT_X": 460627.6129000001, "POINT_Y": 4985147.4293000009, "Roads": [ [ 800, 801, 820 ] ], "NeighboringIntersections": "[[{352: 28.183904004060008, 429: 7.083223648933862, 447: 3.6384842607653467}]]" }, "geometry": { "type": "Point", "coordinates": [ 460627.612900000065565, 4985147.429300000891089 ] } },
{ "type": "Feature", "properties": { "OBJECTID": 11895, "POINT_X": 460628.54750000034, "POINT_Y": 4987134.9082999993, "Roads": [ [ 775, 802, 824 ] ], "NeighboringIntersections": "[[{423: 3.5906654404495333, 459: 12.49910594705276}]]" }, "geometry": { "type": "Point", "coordinates": [ 460628.547500000335276, 4987134.908299999311566 ] } },
{ "type": "Feature", "properties": { "OBJECTID": 11897, "POINT_X": 460629.41550000012, "POINT_Y": 4984895.0823999997, "Roads": [ [ 803, 804, 808, 828 ] ], "NeighboringIntersections": "[[{417: 6.895228971601197, 450: 4.805649510228927}]]" }, "geometry": { "type": "Point", "coordinates": [ 460629.415500000119209, 4984895.082399999722838 ] } },
{ "type": "Feature", "properties": { "OBJECTID": 11899, "POINT_X": 460631.68869999982, "POINT_Y": 4984476.3586, "Roads": [ [ 771, 805, 806 ] ], "NeighboringIntersections": "[[{421: 15.982535852458179, 413: 7.491657183512546, 442: 5.1940729153788325}]]" }, "geometry": { "type": "Point", "coordinates": [ 460631.688699999824166, 4984476.3586 ] } },
{ "type": "Feature", "properties": { "OBJECTID": 11920, "POINT_X": 460647.5439, "POINT_Y": 4986901.7573000006, "Roads": [ [ 810, 813, 864 ] ], "NeighboringIntersections": "[[{431: 2.1612108717189495, 469: 8.225286136455233}]]" }, "geometry": { "type": "Point", "coordinates": [ 460647.543899999931455, 4986901.75730000063777 ] } },
{ "type": "Feature", "properties": { "OBJECTID": 11925, "POINT_X": 460649.71559999976, "POINT_Y": 4984554.5044999998, "Roads": [ [ 806, 811, 812, 884 ] ], "NeighboringIntersections": "[[{440: 5.1940729153788325, 422: 5.276413854405749, 479: 14.179175890314786}]]" }, "geometry": { "type": "Point", "coordinates": [ 460649.715599999763072, 4984554.504499999806285 ] } },
{ "type": "Feature", "properties": { "OBJECTID": 11940, "POINT_X": 460660.4298, "POINT_Y": 4985411.071, "Roads": [ [ 787, 814, 851 ] ], "NeighboringIntersections": "[[{429: 11.00439898664214, 372: 19.248037151763636, 462: 8.745719573829756}]]" }, "geometry": { "type": "Point", "coordinates": [ 460660.429800000041723, 4985411.071000000461936 ] } },
{ "type": "Feature", "properties": { "OBJECTID": 11953, "POINT_X": 460672.67690000031, "POINT_Y": 4980895.2294999994, "Roads": [ [ 815, 817, 827 ] ], "NeighboringIntersections": "[[{455: 7.142777444498826, 445: 3.5311947784085347}]]" }, "geometry": { "type": "Point", "coordinates": [ 460672.676900000311434, 4980895.229499999433756 ] } },
{ "type": "Feature", "properties": { "OBJECTID": 11954, "POINT_X": 460676.32479999959, "POINT_Y": 4980840.2755999994, "Roads": [ [ 816, 817, 848 ] ], "NeighboringIntersections": "[[{425: 5.996208658424991, 444: 3.5311947784085347, 460: 7.172327037887094}]]" }, "geometry": { "type": "Point", "coordinates": [ 460676.324799999594688, 4980840.27559999935329 ] } },
{ "type": "Feature", "properties": { "OBJECTID": 11961, "POINT_X": 460680.137, "POINT_Y": 4983804.7948000003, "Roads": [ [ 785, 818, 819, 858 ] ], "NeighboringIntersections": "[[{428: 13.25120123768726, 367: 20.97404843860507, 448: 6.968317903642298, 466: 6.938345395172101}]]" }, "geometry": { "type": "Point", "coordinates": [ 460680.137000000104308, 4983804.794800000265241 ] } },
{ "type": "Feature", "properties": { "OBJECTID": 11962, "POINT_X": 460683.867, "POINT_Y": 4985145.0622000005, "Roads": [ [ 820, 821, 839 ] ], "NeighboringIntersections": "[[{437: 3.6384842607653467}]]" }, "geometry": { "type": "Point", "coordinates": [ 460683.86699999962002, 4985145.06220000050962 ] } },
{ "type": "Feature", "properties": { "OBJECTID": 11968, "POINT_X": 460688.77859999985, "POINT_Y": 4983912.6201000009, "Roads": [ [ 819, 822, 823 ] ], "NeighboringIntersections": "[[{446: 6.968317903642298, 415: 11.290508364670796, 458: 4.713043702981101}]]" }, "geometry": { "type": "Point", "coordinates": [ 460688.778599999845028, 4983912.620100000873208 ] } },
{ "type": "Feature", "properties": { "OBJECTID": 11973, "POINT_X": 460694.9896, "POINT_Y": 4981521.9539000001, "Roads": [ [ 825, 826, 845 ] ], "NeighboringIntersections": "[[{432: 5.501015570328878, 457: 5.856274248497439}]]" }, "geometry": { "type": "Point", "coordinates": [ 460694.989599999971688, 4981521.9539 ] } },
{ "type": "Feature", "properties": { "OBJECTID": 11984, "POINT_X": 460700.23280000035, "POINT_Y": 4984960.8274000008, "Roads": [ [ 828, 892, 910, 916 ] ], "NeighboringIntersections": "[[{439: 4.805649510228927, 483: 15.407677284311914, 494: 16.041289357818425, 497: 16.255694789093656}]]" }, "geometry": { "type": "Point", "coordinates": [ 460700.232800000347197, 4984960.82740000076592 ] } },
{ "type": "Feature", "properties": { "OBJECTID": 11985, "POINT_X": 460702.78110000025, "POINT_Y": 4983216.1921999995, "Roads": [ [ 770, 829, 830 ] ], "NeighboringIntersections": "[[{420: 17.245072988691966}]]" }, "geometry": { "type": "Point", "coordinates": [ 460702.78110000025481, 4983216.192199999466538 ] } },
{ "type": "Feature", "properties": { "OBJECTID": 11991, "POINT_X": 460712.7813, "POINT_Y": 4987395.3704000004, "Roads": [ [ 832, 833, 847 ] ], "NeighboringIntersections": "[[{434: 6.3495464960470915, 459: 9.614844644581007}]]" }, "geometry": { "type": "Point", "coordinates": [ 460712.781299999915063, 4987395.370400000363588 ] } },
{ "type": "Feature", "properties": { "OBJECTID": 11993, "POINT_X": 460716.35340000037, "POINT_Y": 4988221.4145, "Roads": [ [ 834, 835, 866, 907 ] ], "NeighboringIntersections": "[[{470: 18.709102009718965, 492: 13.161627167754329}]]" }, "geometry": { "type": "Point", "coordinates": [ 460716.353400000371039, 4988221.4145 ] } },
{ "type": "Feature", "properties": { "OBJECTID": 11998, "POINT_X": 460720.299, "POINT_Y": 4981064.072000001, "Roads": [ [ 836, 837, 838 ] ], "NeighboringIntersections": "[[{455: 5.277157701878407}]]" }, "geometry": { "type": "Point", "coordinates": [ 460720.298999999649823, 4981064.072000000625849 ] } },
{ "type": "Feature", "properties": { "OBJECTID": 12000, "POINT_X": 460722.6426, "POINT_Y": 4980982.4743000008, "Roads": [ [ 815, 838, 871 ] ], "NeighboringIntersections": "[[{444: 7.142777444498826, 454: 5.277157701878407, 472: 10.15129748684355}]]" }, "geometry": { "type": "Point", "coordinates": [ 460722.642599999904633, 4980982.474300000816584 ] } },
{ "type": "Feature", "properties": { "OBJECTID": 12022, "POINT_X": 460741.47929999977, "POINT_Y": 4983429.747, "Roads": [ [ 840, 841, 859 ] ], "NeighboringIntersections": "[[{416: 15.25030583326531, 465: 6.620842744699128}]]" }, "geometry": { "type": "Point", "coordinates": [ 460741.479299999773502, 4983429.746999999508262 ] } },
{ "type": "Feature", "properties": { "OBJECTID": 12032, "POINT_X": 460753.91459999979, "POINT_Y": 4981457.3148999996, "Roads": [ [ 844, 845, 952 ] ], "NeighboringIntersections": "[[{406: 20.445809349238477, 449: 5.856274248497439}]]" }, "geometry": { "type": "Point", "coordinates": [ 460753.914599999785423, 4981457.314899999648333 ] } },
{ "type": "Feature", "properties": { "OBJECTID": 12035, "POINT_X": 460754.73220000044, "POINT_Y": 4983942.9197000004, "Roads": [ [ 823, 846, 853 ] ], "NeighboringIntersections": "[[{448: 4.713043702981101, 468: 7.300073155165034}]]" }, "geometry": { "type": "Point", "coordinates": [ 460754.732200000435114, 4983942.919700000435114 ] } },
{ "type": "Feature", "properties": { "OBJECTID": 12044, "POINT_X": 460759.26489999983, "POINT_Y": 4987264.6613999996, "Roads": [ [ 802, 847, 878 ] ], "NeighboringIntersections": "[[{438: 12.49910594705276, 452: 9.614844644581007, 476: 5.177495235330224}]]" }, "geometry": { "type": "Point", "coordinates": [ 460759.264899999834597, 4987264.661399999633431 ] } },
{ "type": "Feature", "properties": { "OBJECTID": 12052, "POINT_X": 460763.35080000013, "POINT_Y": 4980775.9515000004, "Roads": [ [ 842, 848, 873 ] ], "NeighboringIntersections": "[[{445: 7.172327037887094, 473: 5.065052995632555}]]" }, "geometry": { "type": "Point", "coordinates": [ 460763.35080000013113, 4980775.951500000432134 ] } },
{ "type": "Feature", "properties": { "OBJECTID": 12068, "POINT_X": 460769.02840000018, "POINT_Y": 4983531.8001000006, "Roads": [ [ 849, 850, 857 ] ], "NeighboringIntersections": "[[{428: 14.238869326757662, 466: 17.63000477184239, 465: 1.1197624752252209}]]" }, "geometry": { "type": "Point", "coordinates": [ 460769.028400000184774, 4983531.800100000575185 ] } },
{ "type": "Feature", "properties": { "OBJECTID": 12080, "POINT_X": 460781.7884, "POINT_Y": 4985348.1579, "Roads": [ [ 851, 852, 870, 911, 912 ] ], "NeighboringIntersections": "[[{443: 8.745719573829756, 494: 13.98697404413826, 495: 13.932154504052773}]]" }, "geometry": { "type": "Point", "coordinates": [ 460781.788399999961257, 4985348.1579 ] } },
{ "type": "Feature", "properties": { "OBJECTID": 12082, "POINT_X": 460784.13119999971, "POINT_Y": 4989945.8308000006, "Roads": [ [ 854, 855, 1103 ] ], "NeighboringIntersections": "[[{403: 14.306079307230593, 513: 20.60142402176652, 598: 21.64469837343296}]]" }, "geometry": { "type": "Point", "coordinates": [ 460784.131199999712408, 4989945.830800000578165 ] } },
{ "type": "Feature", "properties": { "OBJECTID": 12083, "POINT_X": 460784.54409999959, "POINT_Y": 4982254.3482000008, "Roads": [ [ 856, 927 ] ], "NeighboringIntersections": "[[{427: 38.20988067893609}]]" }, "geometry": { "type": "Point", "coordinates": [ 460784.544099999591708, 4982254.348200000822544 ] } },
{ "type": "Feature", "properties": { "OBJECTID": 12085, "POINT_X": 460784.66959999967, "POINT_Y": 4983523.9063000008, "Roads": [ [ 841, 857, 1000 ] ], "NeighboringIntersections": "[[{456: 6.620842744699128, 461: 1.1197624752252209, 541: 23.701261999021487}]]" }, "geometry": { "type": "Point", "coordinates": [ 460784.669599999673665, 4983523.906300000846386 ] } },
{ "type": "Feature", "properties": { "OBJECTID": 12090, "POINT_X": 460788.6930999998, "POINT_Y": 4983803.8597, "Roads": [ [ 850, 858, 901 ] ], "NeighboringIntersections": "[[{461: 17.63000477184239, 446: 6.938345395172101, 489: 7.088140187065083}]]" }, "geometry": { "type": "Point", "coordinates": [ 460788.693099999800324, 4983803.8597 ] } },
{ "type": "Feature", "properties": { "OBJECTID": 12093, "POINT_X": 460789.611, "POINT_Y": 4984221.7862, "Roads": [ [ 860, 861, 863 ] ], "NeighboringIntersections": "[[{471: 6.256371824392854, 468: 11.316972043399977}]]" }, "geometry": { "type": "Point", "coordinates": [ 460789.610999999567866, 4984221.7862 ] } },
{ "type": "Feature", "properties": { "OBJECTID": 12095, "POINT_X": 460792.69830000028, "POINT_Y": 4984045.5621000007, "Roads": [ [ 846, 862, 863 ] ], "NeighboringIntersections": "[[{458: 7.300073155165034, 467: 11.316972043399977}]]" }, "geometry": { "type": "Point", "coordinates": [ 460792.698300000280142, 4984045.562100000679493 ] } },
{ "type": "Feature", "properties": { "OBJECTID": 12097, "POINT_X": 460794.55929999985, "POINT_Y": 4986897.3556999993, "Roads": [ [ 843, 864, 875 ] ], "NeighboringIntersections": "[[{441: 8.225286136455233, 474: 2.491637050452439}]]" }, "geometry": { "type": "Point", "coordinates": [ 460794.559299999848008, 4986897.355699999257922 ] } },
{ "type": "Feature", "properties": { "OBJECTID": 12104, "POINT_X": 460801.92040000018, "POINT_Y": 4987957.4898000006, "Roads": [ [ 865, 866, 891 ] ], "NeighboringIntersections": "[[{433: 12.64166644205798, 453: 18.709102009718965, 482: 5.589317515337691}]]" }, "geometry": { "type": "Point", "coordinates": [ 460801.920400000177324, 4987957.489800000563264 ] } },
{ "type": "Feature", "properties": { "OBJECTID": 12115, "POINT_X": 460812.57589999959, "POINT_Y": 4984315.1493999995, "Roads": [ [ 861, 867, 868 ] ], "NeighboringIntersections": "[[{467: 6.256371824392854, 484: 6.8105213553007244}]]" }, "geometry": { "type": "Point", "coordinates": [ 460812.575899999588728, 4984315.149399999529123 ] } },
{ "type": "Feature", "properties": { "OBJECTID": 12138, "POINT_X": 460837.24590000045, "POINT_Y": 4980887.8062999994, "Roads": [ [ 871, 872, 874 ] ], "NeighboringIntersections": "[[{455: 10.15129748684355, 473: 8.413332026009781}]]" }, "geometry": { "type": "Point", "coordinates": [ 460837.245900000445545, 4980887.80629999935627 ] } },
{ "type": "Feature", "properties": { "OBJECTID": 12139, "POINT_X": 460838.0976, "POINT_Y": 4980775.3383000009, "Roads": [ [ 873, 874, 883 ] ], "NeighboringIntersections": "[[{460: 5.065052995632555, 472: 8.413332026009781}]]" }, "geometry": { "type": "Point", "coordinates": [ 460838.097599999979138, 4980775.338300000876188 ] } },
{ "type": "Feature", "properties": { "OBJECTID": 12141, "POINT_X": 460839.0938, "POINT_Y": 4986896.0222999994, "Roads": [ [ 875, 876, 961 ] ], "NeighboringIntersections": "[[{469: 2.491637050452439, 475: 9.74323166902529, 519: 11.529511673963812}]]" }, "geometry": { "type": "Point", "coordinates": [ 460839.093799999915063, 4986896.022299999371171 ] } },
{ "type": "Feature", "properties": { "OBJECTID": 12142, "POINT_X": 460839.26840000041, "POINT_Y": 4987048.4686999992, "Roads": [ [ 876, 877, 926 ] ], "NeighboringIntersections": "[[{474: 9.74323166902529, 476: 13.78649035753325, 503: 7.53731824488456}]]" }, "geometry": { "type": "Point", "coordinates": [ 460839.268400000408292, 4987048.468699999153614 ] } },
{ "type": "Feature", "properties": { "OBJECTID": 12143, "POINT_X": 460840.27259999979, "POINT_Y": 4987264.1747999992, "Roads": [ [ 877, 878, 879 ] ], "NeighboringIntersections": "[[{475: 13.78649035753325, 459: 5.177495235330224, 477: 6.8632482545403395}]]" }, "geometry": { "type": "Point", "coordinates": [ 460840.272599999792874, 4987264.174799999222159 ] } },
{ "type": "Feature", "properties": { "OBJECTID": 12146, "POINT_X": 460840.916, "POINT_Y": 4987371.558, "Roads": [ [ 879, 880, 936 ] ], "NeighboringIntersections": "[[{476: 6.8632482545403395, 478: 15.975451167506515, 507: 10.622889679984057}]]" }, "geometry": { "type": "Point", "coordinates": [ 460840.916000000201166, 4987371.558000000193715 ] } },
{ "type": "Feature", "properties": { "OBJECTID": 12147, "POINT_X": 460840.96169999987, "POINT_Y": 4987621.5057999995, "Roads": [ [ 880, 881, 882, 903 ] ], "NeighboringIntersections": "[[{477: 15.975451167506515, 419: 19.634333007494195, 490: 4.058723596127861}]]" }, "geometry": { "type": "Point", "coordinates": [ 460840.96169999986887, 4987621.505799999460578 ] } },
{ "type": "Feature", "properties": { "OBJECTID": 12190, "POINT_X": 460866.6952, "POINT_Y": 4984543.4946999997, "Roads": [ [ 884, 885, 894, 934 ] ], "NeighboringIntersections": "[[{442: 14.179175890314786, 484: 9.746330271226963, 506: 7.60272467743675}]]" }, "geometry": { "type": "Point", "coordinates": [ 460866.695199999958277, 4984543.494699999690056 ] } },
{ "type": "Feature", "properties": { "OBJECTID": 12191, "POINT_X": 460867.18780000042, "POINT_Y": 4983102.6532000005, "Roads": [ [ 886, 887, 932 ] ], "NeighboringIntersections": "[[{420: 21.52717330888989, 505: 6.730793773068733}]]" }, "geometry": { "type": "Point", "coordinates": [ 460867.187800000421703, 4983102.653200000524521 ] } },
{ "type": "Feature", "properties": { "OBJECTID": 12197, "POINT_X": 460873.35410000011, "POINT_Y": 4982539.4459000006, "Roads": [ [ 888, 889, 890, 918 ] ], "NeighboringIntersections": "[[{400: 21.404630718361602, 408: 19.302370638057063, 493: 14.082989604162021, 498: 3.3906641657830647}]]" }, "geometry": { "type": "Point", "coordinates": [ 460873.354100000113249, 4982539.445900000631809 ] } },
{ "type": "Feature", "properties": { "OBJECTID": 12200, "POINT_X": 460874.72109999973, "POINT_Y": 4988005.9463, "Roads": [ [ 891, 906, 914 ] ], "NeighboringIntersections": "[[{470: 5.589317515337691, 496: 4.808823488809804}]]" }, "geometry": { "type": "Point", "coordinates": [ 460874.721099999733269, 4988005.9463 ] } },
{ "type": "Feature", "properties": { "OBJECTID": 12203, "POINT_X": 460881.0083999997, "POINT_Y": 4984831.0684999991, "Roads": [ [ 869, 892, 980 ] ], "NeighboringIntersections": "[[{450: 15.407677284311914, 530: 14.469132698999829}]]" }, "geometry": { "type": "Point", "coordinates": [ 460881.008399999700487, 4984831.068499999120831 ] } },
{ "type": "Feature", "properties": { "OBJECTID": 12204, "POINT_X": 460881.01250000019, "POINT_Y": 4984396.3024000004, "Roads": [ [ 868, 893, 894 ] ], "NeighboringIntersections": "[[{471: 6.8105213553007244, 479: 9.746330271226963}]]" }, "geometry": { "type": "Point", "coordinates": [ 460881.012500000186265, 4984396.302400000393391 ] } },
{ "type": "Feature", "properties": { "OBJECTID": 12207, "POINT_X": 460882.70969999954, "POINT_Y": 4986054.7058000006, "Roads": [ [ 895, 909, 1033 ] ], "NeighboringIntersections": "[[{486: 6.933590319227761, 559: 28.236469642583547}]]" }, "geometry": { "type": "Point", "coordinates": [ 460882.709699999541044, 4986054.705800000578165 ] } },
{ "type": "Feature", "properties": { "OBJECTID": 12214, "POINT_X": 460887.09609999973, "POINT_Y": 4986162.7742, "Roads": [ [ 895, 896, 931 ] ], "NeighboringIntersections": "[[{485: 6.933590319227761, 487: 6.269117675196303}]]" }, "geometry": { "type": "Point", "coordinates": [ 460887.096099999733269, 4986162.77419999986887 ] } },
{ "type": "Feature", "properties": { "OBJECTID": 12215, "POINT_X": 460888.2516000001, "POINT_Y": 4986260.8293999992, "Roads": [ [ 896, 897, 1016 ] ], "NeighboringIntersections": "[[{486: 6.269117675196303, 488: 6.912558699755686, 551: 18.688611454497266}]]" }, "geometry": { "type": "Point", "coordinates": [ 460888.251600000075996, 4986260.8293999992311 ] } },
{ "type": "Feature", "properties": { "OBJECTID": 12228, "POINT_X": 460899.03039999958, "POINT_Y": 4986367.3318000007, "Roads": [ [ 897, 898, 899, 900 ] ], "NeighboringIntersections": "[[{487: 6.912558699755686, 501: 8.885694766557197, 557: 25.148063587252533}]]" }, "geometry": { "type": "Point", "coordinates": [ 460899.030399999581277, 4986367.331800000742078 ] } },
{ "type": "Feature", "properties": { "OBJECTID": 12230, "POINT_X": 460899.59640000015, "POINT_Y": 4983803.5609000009, "Roads": [ [ 901, 928, 954 ] ], "NeighboringIntersections": "[[{466: 7.088140187065083, 504: 4.2195838477667795}]]" }, "geometry": { "type": "Point", "coordinates": [ 460899.596400000154972, 4983803.560900000855327 ] } },
{ "type": "Feature", "properties": { "OBJECTID": 12236, "POINT_X": 460904.4654000001, "POINT_Y": 4987621.2049000002, "Roads": [ [ 903, 985 ] ], "NeighboringIntersections": "[[{478: 4.058723596127861, 533: 37.44031468190634}]]" }, "geometry": { "type": "Point", "coordinates": [ 460904.465400000102818, 4987621.204900000244379 ] } },
{ "type": "Feature", "properties": { "OBJECTID": 12244, "POINT_X": 460907.57919999957, "POINT_Y": 4981732.7045000009, "Roads": [ [ 904, 905, 987 ] ], "NeighboringIntersections": "[[{381: 33.40750207416725, 386: 53.203358667546674}]]" }, "geometry": { "type": "Point", "coordinates": [ 460907.579199999570847, 4981732.704500000923872 ] } },
{ "type": "Feature", "properties": { "OBJECTID": 12250, "POINT_X": 460915.96059999987, "POINT_Y": 4988187.4233, "Roads": [ [ 907, 915, 925 ] ], "NeighboringIntersections": "[[{453: 13.161627167754329, 496: 9.407448629139733, 502: 4.302769741745116}]]" }, "geometry": { "type": "Point", "coordinates": [ 460915.96059999987483, 4988187.4233 ] } },
{ "type": "Feature", "properties": { "OBJECTID": 12256, "POINT_X": 460924.53259999957, "POINT_Y": 4982744.8598999996, "Roads": [ [ 890, 908, 970 ] ], "NeighboringIntersections": "[[{481: 14.082989604162021, 527: 17.557896716473685, 524: 9.736322173111535}]]" }, "geometry": { "type": "Point", "coordinates": [ 460924.532599999569356, 4982744.859899999573827 ] } },
{ "type": "Feature", "properties": { "OBJECTID": 12257, "POINT_X": 460927.89989999961, "POINT_Y": 4985186.7943999991, "Roads": [ [ 910, 911, 913, 917 ] ], "NeighboringIntersections": "[[{450: 16.041289357818425, 462: 13.98697404413826, 495: 0.6824789085540663, 497: 0.8888078895727796}]]" }, "geometry": { "type": "Point", "coordinates": [ 460927.89989999961108, 4985186.794399999082088 ] } },
{ "type": "Feature", "properties": { "OBJECTID": 12260, "POINT_X": 460936.10730000027, "POINT_Y": 4985197.8004000001, "Roads": [ [ 912, 913, 920, 1006 ] ], "NeighboringIntersections": "[[{462: 13.932154504052773, 494: 0.6824789085540663, 500: 0.8881777803161709, 545: 19.501633239673076}]]" }, "geometry": { "type": "Point", "coordinates": [ 460936.107300000265241, 4985197.8004 ] } },
{ "type": "Feature", "properties": { "OBJECTID": 12261, "POINT_X": 460937.29409999959, "POINT_Y": 4988047.729, "Roads": [ [ 914, 915, 1122 ] ], "NeighboringIntersections": "[[{482: 4.808823488809804, 492: 9.407448629139733, 609: 25.323848916087666}]]" }, "geometry": { "type": "Point", "coordinates": [ 460937.294099999591708, 4988047.729000000283122 ] } },
{ "type": "Feature", "properties": { "OBJECTID": 12264, "POINT_X": 460939.05350000039, "POINT_Y": 4985178.5007000007, "Roads": [ [ 916, 917, 921, 956 ] ], "NeighboringIntersections": "[[{450: 16.255694789093656, 494: 0.8888078895727796, 500: 0.6911427830991258, 516: 7.058462799058752}]]" }, "geometry": { "type": "Point", "coordinates": [ 460939.05350000038743, 4985178.500700000673532 ] } },
{ "type": "Feature", "properties": { "OBJECTID": 12266, "POINT_X": 460941.2237, "POINT_Y": 4982532.6468000002, "Roads": [ [ 918, 941, 972 ] ], "NeighboringIntersections": "[[{481: 3.3906641657830647, 510: 7.827871492301315, 525: 6.794399844904851}]]" }, "geometry": { "type": "Point", "coordinates": [ 460941.223699999973178, 4982532.646800000220537 ] } },
{ "type": "Feature", "properties": { "OBJECTID": 12270, "POINT_X": 460943.85790000018, "POINT_Y": 4989287.4831000008, "Roads": [ [ 919, 939, 949 ] ], "NeighboringIntersections": "[[{509: 18.351645986346526, 514: 5.165921801682081}]]" }, "geometry": { "type": "Point", "coordinates": [ 460943.857900000177324, 4989287.4831000007689 ] } },
{ "type": "Feature", "properties": { "OBJECTID": 12279, "POINT_X": 460947.35759999976, "POINT_Y": 4985189.652000001, "Roads": [ [ 920, 921, 957, 996 ] ], "NeighboringIntersections": "[[{495: 0.8881777803161709, 497: 0.6911427830991258, 516: 6.97114065130785, 537: 16.355740684173377}]]" }, "geometry": { "type": "Point", "coordinates": [ 460947.357599999755621, 4985189.652000000700355 ] } },
{ "type": "Feature", "properties": { "OBJECTID": 12288, "POINT_X": 460952.6743000001, "POINT_Y": 4986484.5013999995, "Roads": [ [ 899, 924, 1026 ] ], "NeighboringIntersections": "[[{488: 8.885694766557197, 557: 17.22457149045792}]]" }, "geometry": { "type": "Point", "coordinates": [ 460952.674300000071526, 4986484.50139999948442 ] } },
{ "type": "Feature", "properties": { "OBJECTID": 12293, "POINT_X": 460954.9079, "POINT_Y": 4988241.4935, "Roads": [ [ 925, 937, 945 ] ], "NeighboringIntersections": "[[{492: 4.302769741745116, 508: 2.623106313481154}]]" }, "geometry": { "type": "Point", "coordinates": [ 460954.9079, 4988241.49349999986589 ] } },
{ "type": "Feature", "properties": { "OBJECTID": 12296, "POINT_X": 460957.024, "POINT_Y": 4987046.2601999994, "Roads": [ [ 923, 926, 982 ] ], "NeighboringIntersections": "[[{475: 7.53731824488456, 531: 9.322071792713862}]]" }, "geometry": { "type": "Point", "coordinates": [ 460957.024000000208616, 4987046.260199999436736 ] } },
{ "type": "Feature", "properties": { "OBJECTID": 12302, "POINT_X": 460961.35840000026, "POINT_Y": 4983824.6796000004, "Roads": [ [ 928, 929, 1010 ] ], "NeighboringIntersections": "[[{489: 4.2195838477667795, 517: 37.04046597338273, 547: 13.812327951994787}]]" }, "geometry": { "type": "Point", "coordinates": [ 460961.35840000025928, 4983824.67960000038147 ] } },
{ "type": "Feature", "properties": { "OBJECTID": 12308, "POINT_X": 460972.4847, "POINT_Y": 4983104.4769000001, "Roads": [ [ 932, 933, 965 ] ], "NeighboringIntersections": "[[{480: 6.730793773068733, 522: 4.873534860341879}]]" }, "geometry": { "type": "Point", "coordinates": [ 460972.484699999913573, 4983104.47690000012517 ] } },
{ "type": "Feature", "properties": { "OBJECTID": 12312, "POINT_X": 460976.7758, "POINT_Y": 4984587.3334999997, "Roads": [ [ 934, 946, 955 ] ], "NeighboringIntersections": "[[{479: 7.60272467743675, 512: 3.07115663939318}]]" }, "geometry": { "type": "Point", "coordinates": [ 460976.775799999944866, 4984587.333499999716878 ] } },
{ "type": "Feature", "properties": { "OBJECTID": 12316, "POINT_X": 460983.2972, "POINT_Y": 4987305.1205000002, "Roads": [ [ 930, 936, 1178 ] ], "NeighboringIntersections": "[[{477: 10.622889679984057, 638: 35.128503693669224}]]" }, "geometry": { "type": "Point", "coordinates": [ 460983.297199999913573, 4987305.120500000193715 ] } },
{ "type": "Feature", "properties": { "OBJECTID": 12326, "POINT_X": 460989.8388, "POINT_Y": 4988262.7335000001, "Roads": [ [ 937, 938, 979 ] ], "NeighboringIntersections": "[[{502: 2.623106313481154, 529: 6.299102682386781}]]" }, "geometry": { "type": "Point", "coordinates": [ 460989.838800000026822, 4988262.7335 ] } },
{ "type": "Feature", "properties": { "OBJECTID": 12327, "POINT_X": 460990.5214, "POINT_Y": 4988966.8749000002, "Roads": [ [ 922, 939, 977 ] ], "NeighboringIntersections": "[[{499: 18.351645986346526, 528: 5.864763793148336}]]" }, "geometry": { "type": "Point", "coordinates": [ 460990.521399999968708, 4988966.874900000169873 ] } },
{ "type": "Feature", "properties": { "OBJECTID": 12330, "POINT_X": 460995.6771, "POINT_Y": 4982426.1910999995, "Roads": [ [ 940, 941, 950 ] ], "NeighboringIntersections": "[[{498: 7.827871492301315}]]" }, "geometry": { "type": "Point", "coordinates": [ 460995.677099999971688, 4982426.191099999472499 ] } },
{ "type": "Feature", "properties": { "OBJECTID": 12338, "POINT_X": 461003.18180000037, "POINT_Y": 4982099.4954000004, "Roads": [ [ 943, 994 ] ], "NeighboringIntersections": "[[{391: 36.89520610034014, 536: 20.80172577030466}]]" }, "geometry": { "type": "Point", "coordinates": [ 461003.181800000369549, 4982099.495400000363588 ] } },
{ "type": "Feature", "properties": { "OBJECTID": 12345, "POINT_X": 461017.55379999988, "POINT_Y": 4984612.754000001, "Roads": [ [ 946, 947, 1023 ] ], "NeighboringIntersections": "[[{506: 3.07115663939318, 555: 10.919455733611672}]]" }, "geometry": { "type": "Point", "coordinates": [ 461017.55379999987781, 4984612.754000000655651 ] } },
{ "type": "Feature", "properties": { "OBJECTID": 12349, "POINT_X": 461020.31840000022, "POINT_Y": 4990088.2374000009, "Roads": [ [ 855, 948, 967 ] ], "NeighboringIntersections": "[[{463: 20.60142402176652, 515: 5.82350751718128}]]" }, "geometry": { "type": "Point", "coordinates": [ 461020.318400000222027, 4990088.237400000914931 ] } },
{ "type": "Feature", "properties": { "OBJECTID": 12352, "POINT_X": 461022.41210000031, "POINT_Y": 4989319.2869000006, "Roads": [ [ 949, 960, 969 ] ], "NeighboringIntersections": "[[{499: 5.165921801682081, 518: 2.157444909453951, 523: 4.446503396946345}]]" }, "geometry": { "type": "Point", "coordinates": [ 461022.412100000306964, 4989319.28690000064671 ] } },
{ "type": "Feature", "properties": { "OBJECTID": 12359, "POINT_X": 461030.59850000031, "POINT_Y": 4990177.7654999997, "Roads": [ [ 948, 953, 968 ] ], "NeighboringIntersections": "[[{513: 5.82350751718128}]]" }, "geometry": { "type": "Point", "coordinates": [ 461030.598500000312924, 4990177.76549999974668 ] } },
{ "type": "Feature", "properties": { "OBJECTID": 12369, "POINT_X": 461034.70150000043, "POINT_Y": 4985126.5329, "Roads": [ [ 935, 956, 957, 999 ] ], "NeighboringIntersections": "[[{497: 7.058462799058752, 500: 6.97114065130785, 540: 6.140987412284881}]]" }, "geometry": { "type": "Point", "coordinates": [ 461034.701500000432134, 4985126.5329 ] } },
{ "type": "Feature", "properties": { "OBJECTID": 12374, "POINT_X": 461037.55020000041, "POINT_Y": 4984144.0789000001, "Roads": [ [ 929, 958, 1003 ] ], "NeighboringIntersections": "[[{504: 37.04046597338273, 544: 9.642041891651408}]]" }, "geometry": { "type": "Point", "coordinates": [ 461037.550200000405312, 4984144.0789 ] } },
{ "type": "Feature", "properties": { "OBJECTID": 12380, "POINT_X": 461041.96150000021, "POINT_Y": 4989352.3180999998, "Roads": [ [ 959, 960, 1098 ] ], "NeighboringIntersections": "[[{514: 2.157444909453951, 595: 12.83049870990273}]]" }, "geometry": { "type": "Point", "coordinates": [ 461041.961500000208616, 4989352.318099999800324 ] } },
{ "type": "Feature", "properties": { "OBJECTID": 12385, "POINT_X": 461045.1986999996, "POINT_Y": 4986890.9986000005, "Roads": [ [ 961, 962, 1065 ] ], "NeighboringIntersections": "[[{474: 11.529511673963812, 520: 4.362567348227229, 576: 11.02427529513805}]]" }, "geometry": { "type": "Point", "coordinates": [ 461045.198699999600649, 4986890.99860000051558 ] } },
{ "type": "Feature", "properties": { "OBJECTID": 12387, "POINT_X": 461045.56329999957, "POINT_Y": 4986822.7411000002, "Roads": [ [ 942, 951, 962 ] ], "NeighboringIntersections": "[[{519: 4.362567348227229}]]" }, "geometry": { "type": "Point", "coordinates": [ 461045.563299999572337, 4986822.741100000217557 ] } },
{ "type": "Feature", "properties": { "OBJECTID": 12388, "POINT_X": 461047.7281, "POINT_Y": 4983222.6675000004, "Roads": [ [ 963, 964, 966 ] ], "NeighboringIntersections": "[[{526: 8.678433992051112, 539: 33.749456858424715, 522: 7.5771468238904305}]]" }, "geometry": { "type": "Point", "coordinates": [ 461047.728099999949336, 4983222.667500000447035 ] } },
{ "type": "Feature", "properties": { "OBJECTID": 12391, "POINT_X": 461048.59580000024, "POINT_Y": 4983104.1192000005, "Roads": [ [ 965, 966, 1081 ] ], "NeighboringIntersections": "[[{505: 4.873534860341879, 521: 7.5771468238904305, 585: 14.245083326735147}]]" }, "geometry": { "type": "Point", "coordinates": [ 461048.595800000242889, 4983104.119200000539422 ] } },
{ "type": "Feature", "properties": { "OBJECTID": 12417, "POINT_X": 461071.46250000037, "POINT_Y": 4989262.3402999993, "Roads": [ [ 969, 1029, 1096 ] ], "NeighboringIntersections": "[[{514: 4.446503396946345, 594: 16.504910571601503}]]" }, "geometry": { "type": "Point", "coordinates": [ 461071.462500000372529, 4989262.340299999341369 ] } },
{ "type": "Feature", "properties": { "OBJECTID": 12427, "POINT_X": 461076.8367999997, "POINT_Y": 4982748.0873000007, "Roads": [ [ 970, 971, 973 ] ], "NeighboringIntersections": "[[{493: 9.736322173111535, 527: 7.9986860740795525, 525: 14.63945252439165}]]" }, "geometry": { "type": "Point", "coordinates": [ 461076.836799999698997, 4982748.087300000712276 ] } },
{ "type": "Feature", "properties": { "OBJECTID": 12430, "POINT_X": 461077.22559999954, "POINT_Y": 4982519.0329, "Roads": [ [ 972, 973, 1084, 1086 ] ], "NeighboringIntersections": "[[{498: 6.794399844904851, 524: 14.63945252439165, 587: 8.592246398114462, 588: 8.66356790235407}]]" }, "geometry": { "type": "Point", "coordinates": [ 461077.225599999539554, 4982519.0329 ] } },
{ "type": "Feature", "properties": { "OBJECTID": 12435, "POINT_X": 461081.7028000001, "POINT_Y": 4983347.6181000005, "Roads": [ [ 963, 975, 1079 ] ], "NeighboringIntersections": "[[{521: 8.678433992051112, 539: 3.413583872311481, 584: 11.588315501382938}]]" }, "geometry": { "type": "Point", "coordinates": [ 461081.702800000086427, 4983347.618100000545382 ] } },
{ "type": "Feature", "properties": { "OBJECTID": 12437, "POINT_X": 461082.85059999954, "POINT_Y": 4982873.0008000005, "Roads": [ [ 908, 971, 976 ] ], "NeighboringIntersections": "[[{493: 17.557896716473685, 524: 7.9986860740795525}]]" }, "geometry": { "type": "Point", "coordinates": [ 461082.850599999539554, 4982873.000800000503659 ] } },
{ "type": "Feature", "properties": { "OBJECTID": 12439, "POINT_X": 461084.8953999998, "POINT_Y": 4988938.2687, "Roads": [ [ 977, 978, 1002, 1020 ] ], "NeighboringIntersections": "[[{509: 5.864763793148336, 543: 8.379851042210174, 553: 5.242023006601132}]]" }, "geometry": { "type": "Point", "coordinates": [ 461084.895399999804795, 4988938.268699999898672 ] } },
{ "type": "Feature", "properties": { "OBJECTID": 12440, "POINT_X": 461086.254, "POINT_Y": 4988282.1230999995, "Roads": [ [ 979, 989, 1013 ] ], "NeighboringIntersections": "[[{508: 6.299102682386781, 549: 5.553990448135347}]]" }, "geometry": { "type": "Point", "coordinates": [ 461086.253999999724329, 4988282.123099999502301 ] } },
{ "type": "Feature", "properties": { "OBJECTID": 12444, "POINT_X": 461089.52209999971, "POINT_Y": 4984800.3836000003, "Roads": [ [ 980, 981, 997 ] ], "NeighboringIntersections": "[[{483: 14.469132698999829, 535: 8.222328081711847, 538: 2.6040564070812633}]]" }, "geometry": { "type": "Point", "coordinates": [ 461089.522099999710917, 4984800.383600000292063 ] } },
{ "type": "Feature", "properties": { "OBJECTID": 12445, "POINT_X": 461090.44689999986, "POINT_Y": 4987005.3279, "Roads": [ [ 982, 992, 1048 ] ], "NeighboringIntersections": "[[{503: 9.322071792713862, 566: 9.61028384091024}]]" }, "geometry": { "type": "Point", "coordinates": [ 461090.446899999864399, 4987005.3279 ] } },
{ "type": "Feature", "properties": { "OBJECTID": 12447, "POINT_X": 461091.40759999957, "POINT_Y": 4985615.0975000001, "Roads": [ [ 983, 1014, 1038 ] ], "NeighboringIntersections": "[[{294: 59.8336964414838, 550: 4.416729936490456, 562: 6.639549244406109}]]" }, "geometry": { "type": "Point", "coordinates": [ 461091.407599999569356, 4985615.097500000149012 ] } },
{ "type": "Feature", "properties": { "OBJECTID": 12451, "POINT_X": 461095.99959999975, "POINT_Y": 4987490.6693999991, "Roads": [ [ 984, 985, 991 ] ], "NeighboringIntersections": "[[{490: 37.44031468190634}]]" }, "geometry": { "type": "Point", "coordinates": [ 461095.99959999974817, 4987490.669399999082088 ] } },
{ "type": "Feature", "properties": { "OBJECTID": 12456, "POINT_X": 461097.71580000035, "POINT_Y": 4989852.5284000002, "Roads": [ [ 944, 974, 1035 ] ], "NeighboringIntersections": "[[{560: 6.499252257466154}]]" }, "geometry": { "type": "Point", "coordinates": [ 461097.715800000354648, 4989852.528400000184774 ] } },
{ "type": "Feature", "properties": { "OBJECTID": 12466, "POINT_X": 461111.56329999957, "POINT_Y": 4984919.9045000002, "Roads": [ [ 981, 993, 1054 ] ], "NeighboringIntersections": "[[{530: 8.222328081711847, 570: 8.575416351366057}]]" }, "geometry": { "type": "Point", "coordinates": [ 461111.563299999572337, 4984919.904500000178814 ] } },
{ "type": "Feature", "properties": { "OBJECTID": 12470, "POINT_X": 461114.44340000022, "POINT_Y": 4982133.1648999993, "Roads": [ [ 994, 995 ] ], "NeighboringIntersections": "[[{511: 20.80172577030466, 589: 20.955962684975404}]]" }, "geometry": { "type": "Point", "coordinates": [ 461114.443400000222027, 4982133.164899999275804 ] } },
{ "type": "Feature", "properties": { "OBJECTID": 12478, "POINT_X": 461120.8339, "POINT_Y": 4985467.9093999993, "Roads": [ [ 996, 1011, 1042 ] ], "NeighboringIntersections": "[[{500: 16.355740684173377, 548: 3.0120191371502565, 564: 5.162271627069506}]]" }, "geometry": { "type": "Point", "coordinates": [ 461120.833899999968708, 4985467.909399999305606 ] } },
{ "type": "Feature", "properties": { "OBJECTID": 12479, "POINT_X": 461120.89659999963, "POINT_Y": 4984775.9176000003, "Roads": [ [ 988, 997, 1017 ] ], "NeighboringIntersections": "[[{530: 2.6040564070812633, 552: 3.723985531975292}]]" }, "geometry": { "type": "Point", "coordinates": [ 461120.896599999628961, 4984775.917600000277162 ] } },
{ "type": "Feature", "properties": { "OBJECTID": 12481, "POINT_X": 461121.3163000001, "POINT_Y": 4983383.4430999998, "Roads": [ [ 964, 975, 998 ] ], "NeighboringIntersections": "[[{521: 33.749456858424715, 526: 3.413583872311481, 541: 11.221363906623418}]]" }, "geometry": { "type": "Point", "coordinates": [ 461121.316300000064075, 4983383.443099999800324 ] } },
{ "type": "Feature", "properties": { "OBJECTID": 12483, "POINT_X": 461121.71239999961, "POINT_Y": 4985086.574, "Roads": [ [ 990, 999, 1055 ] ], "NeighboringIntersections": "[[{516: 6.140987412284881, 570: 16.243786704574674}]]" }, "geometry": { "type": "Point", "coordinates": [ 461121.71239999961108, 4985086.573999999091029 ] } },
{ "type": "Feature", "properties": { "OBJECTID": 12499, "POINT_X": 461132.21920000017, "POINT_Y": 4983543.6157000009, "Roads": [ [ 998, 1000, 1075 ] ], "NeighboringIntersections": "[[{539: 11.221363906623418, 465: 23.701261999021487, 581: 8.39330784524634}]]" }, "geometry": { "type": "Point", "coordinates": [ 461132.219200000166893, 4983543.61570000089705 ] } },
{ "type": "Feature", "properties": { "OBJECTID": 12501, "POINT_X": 461132.762, "POINT_Y": 4988702.7340999991, "Roads": [ [ 986, 1001, 1037 ] ], "NeighboringIntersections": "[[{543: 5.936835759615574, 561: 4.912759306855882}]]" }, "geometry": { "type": "Point", "coordinates": [ 461132.762000000104308, 4988702.734099999070168 ] } },
{ "type": "Feature", "properties": { "OBJECTID": 12506, "POINT_X": 461135.0066, "POINT_Y": 4988805.0234999992, "Roads": [ [ 1001, 1002, 1028 ] ], "NeighboringIntersections": "[[{542: 5.936835759615574, 528: 8.379851042210174}]]" }, "geometry": { "type": "Point", "coordinates": [ 461135.006599999964237, 4988805.023499999195337 ] } },
{ "type": "Feature", "properties": { "OBJECTID": 12521, "POINT_X": 461150.6985, "POINT_Y": 4984046.1910999995, "Roads": [ [ 1003, 1004, 1031 ] ], "NeighboringIntersections": "[[{517: 9.642041891651408, 546: 20.204119090329257, 558: 9.46622496677048}]]" }, "geometry": { "type": "Point", "coordinates": [ 461150.698499999940395, 4984046.191099999472499 ] } },
{ "type": "Feature", "properties": { "OBJECTID": 12524, "POINT_X": 461152.57849999983, "POINT_Y": 4985522.2678999994, "Roads": [ [ 1005, 1006, 1012, 1015 ] ], "NeighboringIntersections": "[[{315: 60.480162572540024, 495: 19.501633239673076, 548: 0.573746052696714, 550: 1.1503139746452424}]]" }, "geometry": { "type": "Point", "coordinates": [ 461152.578499999828637, 4985522.267899999395013 ] } },
{ "type": "Feature", "properties": { "OBJECTID": 12527, "POINT_X": 461155.5411, "POINT_Y": 4984349.6448, "Roads": [ [ 1004, 1007, 1008, 1070 ] ], "NeighboringIntersections": "[[{544: 20.204119090329257, 579: 5.694825936421509}]]" }, "geometry": { "type": "Point", "coordinates": [ 461155.541100000031292, 4984349.644799999892712 ] } },
{ "type": "Feature", "properties": { "OBJECTID": 12532, "POINT_X": 461160.92789999954, "POINT_Y": 4983876.914000001, "Roads": [ [ 1010, 1024, 1032 ] ], "NeighboringIntersections": "[[{504: 13.812327951994787, 558: 3.094399030405497}]]" }, "geometry": { "type": "Point", "coordinates": [ 461160.927899999544024, 4983876.914000000804663 ] } },
{ "type": "Feature", "properties": { "OBJECTID": 12533, "POINT_X": 461162.31329999957, "POINT_Y": 4985512.0588000007, "Roads": [ [ 1011, 1012, 1021, 1043 ] ], "NeighboringIntersections": "[[{537: 3.0120191371502565, 545: 0.573746052696714, 554: 1.1698076626327092, 564: 2.8917983225575057}]]" }, "geometry": { "type": "Point", "coordinates": [ 461162.313299999572337, 4985512.058800000697374 ] } },
{ "type": "Feature", "properties": { "OBJECTID": 12535, "POINT_X": 461164.64740000013, "POINT_Y": 4988318.2376000006, "Roads": [ [ 1013, 1025, 1045 ] ], "NeighboringIntersections": "[[{529: 5.553990448135347, 556: 3.120151671008939, 565: 4.306670620197686}]]" }, "geometry": { "type": "Point", "coordinates": [ 461164.64740000013262, 4988318.237600000575185 ] } },
{ "type": "Feature", "properties": { "OBJECTID": 12540, "POINT_X": 461168.7259, "POINT_Y": 4985538.8434999995, "Roads": [ [ 1014, 1015, 1022, 1039 ] ], "NeighboringIntersections": "[[{532: 4.416729936490456, 545: 1.1503139746452424, 554: 0.5807152099189734, 562: 2.5868029410820594}]]" }, "geometry": { "type": "Point", "coordinates": [ 461168.725899999961257, 4985538.843499999493361 ] } },
{ "type": "Feature", "properties": { "OBJECTID": 12547, "POINT_X": 461174.96939999983, "POINT_Y": 4986240.816, "Roads": [ [ 1016, 1019, 1051 ] ], "NeighboringIntersections": "[[{487: 18.688611454497266, 568: 4.189826697487788}]]" }, "geometry": { "type": "Point", "coordinates": [ 461174.969399999827147, 4986240.815999999642372 ] } },
{ "type": "Feature", "properties": { "OBJECTID": 12548, "POINT_X": 461176.666, "POINT_Y": 4984760.1096000001, "Roads": [ [ 1017, 1018, 1061 ] ], "NeighboringIntersections": "[[{538: 3.723985531975292, 574: 4.165722036839679}]]" }, "geometry": { "type": "Point", "coordinates": [ 461176.666000000201166, 4984760.1096 ] } },
{ "type": "Feature", "properties": { "OBJECTID": 12550, "POINT_X": 461177.65820000041, "POINT_Y": 4988943.7971000001, "Roads": [ [ 1020, 1030, 1040 ] ], "NeighboringIntersections": "[[{528: 5.242023006601132, 563: 3.1026212666310933}]]" }, "geometry": { "type": "Point", "coordinates": [ 461177.658200000412762, 4988943.7971 ] } },
{ "type": "Feature", "properties": { "OBJECTID": 12551, "POINT_X": 461178.86330000032, "POINT_Y": 4985528.7886999995, "Roads": [ [ 1021, 1022, 1202, 1478 ] ], "NeighboringIntersections": "[[{548: 1.1698076626327092, 550: 0.5807152099189734, 651: 17.588525561397677, 797: 39.25047668784677}]]" }, "geometry": { "type": "Point", "coordinates": [ 461178.863300000317395, 4985528.788699999451637 ] } },
{ "type": "Feature", "properties": { "OBJECTID": 12553, "POINT_X": 461180.95770000014, "POINT_Y": 4984652.1481999997, "Roads": [ [ 1009, 1023, 1068 ] ], "NeighboringIntersections": "[[{512: 10.919455733611672, 578: 3.9522586093512384}]]" }, "geometry": { "type": "Point", "coordinates": [ 461180.957700000144541, 4984652.148199999704957 ] } },
{ "type": "Feature", "properties": { "OBJECTID": 12557, "POINT_X": 461186.80080000032, "POINT_Y": 4988275.1107000001, "Roads": [ [ 1025, 1047, 1123 ] ], "NeighboringIntersections": "[[{549: 3.120151671008939}]]" }, "geometry": { "type": "Point", "coordinates": [ 461186.800800000317395, 4988275.1107 ] } },
{ "type": "Feature", "properties": { "OBJECTID": 12560, "POINT_X": 461187.97070000041, "POINT_Y": 4986487.8655999992, "Roads": [ [ 900, 1026, 1056 ] ], "NeighboringIntersections": "[[{488: 25.148063587252533, 501: 17.22457149045792, 571: 3.466380957110236}]]" }, "geometry": { "type": "Point", "coordinates": [ 461187.970700000412762, 4986487.865599999204278 ] } },
{ "type": "Feature", "properties": { "OBJECTID": 12570, "POINT_X": 461197.76070000045, "POINT_Y": 4983907.8027, "Roads": [ [ 1031, 1032, 1073 ] ], "NeighboringIntersections": "[[{544: 9.46622496677048, 547: 3.094399030405497, 580: 3.218161835169092}]]" }, "geometry": { "type": "Point", "coordinates": [ 461197.760700000450015, 4983907.802699999883771 ] } },
{ "type": "Feature", "properties": { "OBJECTID": 12574, "POINT_X": 461202.57430000044, "POINT_Y": 4986043.8225999996, "Roads": [ [ 1033, 1034, 1049 ] ], "NeighboringIntersections": "[[{485: 28.236469642583547, 567: 2.641035093672509}]]" }, "geometry": { "type": "Point", "coordinates": [ 461202.574300000444055, 4986043.822599999606609 ] } },
{ "type": "Feature", "properties": { "OBJECTID": 12575, "POINT_X": 461202.70990000013, "POINT_Y": 4989821.2203000002, "Roads": [ [ 1035, 1036, 1117 ] ], "NeighboringIntersections": "[[{534: 6.499252257466154, 606: 6.633149380024987}]]" }, "geometry": { "type": "Point", "coordinates": [ 461202.70990000013262, 4989821.220300000160933 ] } },
{ "type": "Feature", "properties": { "OBJECTID": 12578, "POINT_X": 461203.94330000039, "POINT_Y": 4988651.3516000006, "Roads": [ [ 1027, 1037, 1090 ] ], "NeighboringIntersections": "[[{542: 4.912759306855882, 591: 2.9213122577279824}]]" }, "geometry": { "type": "Point", "coordinates": [ 461203.943300000391901, 4988651.351600000634789 ] } },
{ "type": "Feature", "properties": { "OBJECTID": 12579, "POINT_X": 461205.15089999977, "POINT_Y": 4985576.0076000001, "Roads": [ [ 1038, 1039, 1197 ] ], "NeighboringIntersections": "[[{532: 6.639549244406109, 550: 2.5868029410820594, 648: 15.164294446427073}]]" }, "geometry": { "type": "Point", "coordinates": [ 461205.150899999774992, 4985576.00760000012815 ] } },
{ "type": "Feature", "properties": { "OBJECTID": 12581, "POINT_X": 461210.09460000042, "POINT_Y": 4988987.4978, "Roads": [ [ 1040, 1041, 1093 ] ], "NeighboringIntersections": "[[{553: 3.1026212666310933, 593: 2.757693576897515}]]" }, "geometry": { "type": "Point", "coordinates": [ 461210.094600000418723, 4988987.4978 ] } },
{ "type": "Feature", "properties": { "OBJECTID": 12588, "POINT_X": 461212.9319000002, "POINT_Y": 4985462.1294, "Roads": [ [ 1042, 1043, 1476 ] ], "NeighboringIntersections": "[[{537: 5.162271627069506, 548: 2.8917983225575057, 796: 37.09971868076578}]]" }, "geometry": { "type": "Point", "coordinates": [ 461212.931900000199676, 4985462.1294 ] } },
{ "type": "Feature", "properties": { "OBJECTID": 12597, "POINT_X": 461216.7536000004, "POINT_Y": 4988360.9167999998, "Roads": [ [ 1044, 1045, 1046 ] ], "NeighboringIntersections": "[[{549: 4.306670620197686, 590: 6.8187940876986}]]" }, "geometry": { "type": "Point", "coordinates": [ 461216.753600000403821, 4988360.916799999773502 ] } },
{ "type": "Feature", "properties": { "OBJECTID": 12607, "POINT_X": 461230.13229999971, "POINT_Y": 4987048.477, "Roads": [ [ 1048, 1066, 1150 ] ], "NeighboringIntersections": "[[{531: 9.61028384091024, 576: 10.544784966757062, 621: 8.856479070937919}]]" }, "geometry": { "type": "Point", "coordinates": [ 461230.132299999706447, 4987048.477 ] } },
{ "type": "Feature", "properties": { "OBJECTID": 12611, "POINT_X": 461239.43890000042, "POINT_Y": 4986056.9736000001, "Roads": [ [ 1049, 1050, 1102, 1126 ] ], "NeighboringIntersections": "[[{559: 2.641035093672509, 568: 11.441293994457077, 597: 8.167192672159047, 610: 5.7316893772850985}]]" }, "geometry": { "type": "Point", "coordinates": [ 461239.438900000415742, 4986056.973600000143051 ] } },
{ "type": "Feature", "properties": { "OBJECTID": 12614, "POINT_X": 461240.13729999959, "POINT_Y": 4986235.9872999992, "Roads": [ [ 1050, 1051, 1052 ] ], "NeighboringIntersections": "[[{567: 11.441293994457077, 551: 4.189826697487788, 569: 6.257099681992375}]]" }, "geometry": { "type": "Point", "coordinates": [ 461240.137299999594688, 4986235.987299999222159 ] } },
{ "type": "Feature", "properties": { "OBJECTID": 12615, "POINT_X": 461240.502, "POINT_Y": 4986333.8877000008, "Roads": [ [ 1052, 1053, 1166 ] ], "NeighboringIntersections": "[[{568: 6.257099681992375, 571: 9.376631340259953, 631: 10.81501711558183}]]" }, "geometry": { "type": "Point", "coordinates": [ 461240.502000000327826, 4986333.887700000777841 ] } },
{ "type": "Feature", "properties": { "OBJECTID": 12617, "POINT_X": 461240.74880000018, "POINT_Y": 4984941.4585999995, "Roads": [ [ 1054, 1055, 1062, 1124 ] ], "NeighboringIntersections": "[[{535: 8.575416351366057, 540: 16.243786704574674, 574: 11.619864999410705}]]" }, "geometry": { "type": "Point", "coordinates": [ 461240.748800000175834, 4984941.458599999547005 ] } },
{ "type": "Feature", "properties": { "OBJECTID": 12618, "POINT_X": 461240.96310000028, "POINT_Y": 4986480.5975000001, "Roads": [ [ 1053, 1056, 1057 ] ], "NeighboringIntersections": "[[{569: 9.376631340259953, 557: 3.466380957110236, 572: 7.104851497210423}]]" }, "geometry": { "type": "Point", "coordinates": [ 461240.963100000284612, 4986480.597500000149012 ] } },
{ "type": "Feature", "properties": { "OBJECTID": 12619, "POINT_X": 461241.31230000034, "POINT_Y": 4986591.7622999996, "Roads": [ [ 1057, 1058, 1109 ] ], "NeighboringIntersections": "[[{571: 7.104851497210423, 573: 6.756303153301938, 602: 4.438491252890439}]]" }, "geometry": { "type": "Point", "coordinates": [ 461241.312300000339746, 4986591.762299999594688 ] } },
{ "type": "Feature", "properties": { "OBJECTID": 12620, "POINT_X": 461241.64439999964, "POINT_Y": 4986697.4736000001, "Roads": [ [ 1058, 1059, 1060 ] ], "NeighboringIntersections": "[[{572: 6.756303153301938, 575: 6.59826597350628}]]" }, "geometry": { "type": "Point", "coordinates": [ 461241.644399999640882, 4986697.473600000143051 ] } },
{ "type": "Feature", "properties": { "OBJECTID": 12621, "POINT_X": 461241.82, "POINT_Y": 4984759.6526999995, "Roads": [ [ 1061, 1062, 1069, 1137 ] ], "NeighboringIntersections": "[[{552: 4.165722036839679, 570: 11.619864999410705, 578: 6.834098096446158}]]" }, "geometry": { "type": "Point", "coordinates": [ 461241.820000000298023, 4984759.652699999511242 ] } },
{ "type": "Feature", "properties": { "OBJECTID": 12622, "POINT_X": 461241.96850000042, "POINT_Y": 4986800.7122000009, "Roads": [ [ 1060, 1063, 1064, 1209 ] ], "NeighboringIntersections": "[[{573: 6.59826597350628, 576: 5.374131773159336, 655: 16.412220829472545}]]" }, "geometry": { "type": "Point", "coordinates": [ 461241.968500000424683, 4986800.712200000882149 ] } },
{ "type": "Feature", "properties": { "OBJECTID": 12624, "POINT_X": 461242.23280000035, "POINT_Y": 4986884.7975999992, "Roads": [ [ 1064, 1065, 1066, 1352 ] ], "NeighboringIntersections": "[[{575: 5.374131773159336, 519: 11.02427529513805, 566: 10.544784966757062, 728: 31.135099269737545}]]" }, "geometry": { "type": "Point", "coordinates": [ 461242.232800000347197, 4986884.79759999923408 ] } },
{ "type": "Feature", "properties": { "OBJECTID": 12625, "POINT_X": 461242.7516000001, "POINT_Y": 4984437.4277999997, "Roads": [ [ 1067, 1071, 1111 ] ], "NeighboringIntersections": "[[{578: 13.760373254987675, 579: 5.550394782360784, 603: 4.394491383885021}]]" }, "geometry": { "type": "Point", "coordinates": [ 461242.751600000075996, 4984437.427799999713898 ] } },
{ "type": "Feature", "properties": { "OBJECTID": 12626, "POINT_X": 461242.79360000044, "POINT_Y": 4984652.7281, "Roads": [ [ 1067, 1068, 1069 ] ], "NeighboringIntersections": "[[{577: 13.760373254987675, 555: 3.9522586093512384, 574: 6.834098096446158}]]" }, "geometry": { "type": "Point", "coordinates": [ 461242.793600000441074, 4984652.7281 ] } },
{ "type": "Feature", "properties": { "OBJECTID": 12629, "POINT_X": 461244.63829999976, "POINT_Y": 4984350.6045999993, "Roads": [ [ 1070, 1071, 1074 ] ], "NeighboringIntersections": "[[{546: 5.694825936421509, 577: 5.550394782360784, 580: 27.783990050609457}]]" }, "geometry": { "type": "Point", "coordinates": [ 461244.638299999758601, 4984350.604599999263883 ] } },
{ "type": "Feature", "properties": { "OBJECTID": 12633, "POINT_X": 461246.92069999967, "POINT_Y": 4983915.8912000004, "Roads": [ [ 1073, 1074, 1076, 1142 ] ], "NeighboringIntersections": "[[{558: 3.218161835169092, 579: 27.783990050609457, 581: 20.74354377153195, 617: 6.777019879419174}]]" }, "geometry": { "type": "Point", "coordinates": [ 461246.920699999667704, 4983915.891200000420213 ] } },
{ "type": "Feature", "properties": { "OBJECTID": 12634, "POINT_X": 461247.68979999982, "POINT_Y": 4983591.3311000001, "Roads": [ [ 1075, 1076, 1077 ] ], "NeighboringIntersections": "[[{541: 8.39330784524634, 580: 20.74354377153195, 582: 4.195904269440508}]]" }, "geometry": { "type": "Point", "coordinates": [ 461247.689799999818206, 4983591.3311 ] } },
{ "type": "Feature", "properties": { "OBJECTID": 12635, "POINT_X": 461247.80240000039, "POINT_Y": 4983525.6804000009, "Roads": [ [ 1077, 1078, 1145 ] ], "NeighboringIntersections": "[[{581: 4.195904269440508, 583: 11.237822413940103, 619: 7.343606026396511}]]" }, "geometry": { "type": "Point", "coordinates": [ 461247.802400000393391, 4983525.680400000885129 ] } },
{ "type": "Feature", "properties": { "OBJECTID": 12636, "POINT_X": 461248.10080000013, "POINT_Y": 4983349.8491999991, "Roads": [ [ 1078, 1080, 1120 ] ], "NeighboringIntersections": "[[{582: 11.237822413940103, 584: 2.9877496298988055, 608: 4.413948330706902}]]" }, "geometry": { "type": "Point", "coordinates": [ 461248.10080000013113, 4983349.849199999123812 ] } },
{ "type": "Feature", "properties": { "OBJECTID": 12637, "POINT_X": 461248.24610000011, "POINT_Y": 4983303.1019000001, "Roads": [ [ 1079, 1080, 1082 ] ], "NeighboringIntersections": "[[{526: 11.588315501382938, 583: 2.9877496298988055, 585: 8.27655173105903}]]" }, "geometry": { "type": "Point", "coordinates": [ 461248.246100000105798, 4983303.10190000012517 ] } },
{ "type": "Feature", "properties": { "OBJECTID": 12638, "POINT_X": 461248.49490000028, "POINT_Y": 4983173.6039000005, "Roads": [ [ 1081, 1082, 1083 ] ], "NeighboringIntersections": "[[{522: 14.245083326735147, 584: 8.27655173105903, 586: 19.51009331260582}]]" }, "geometry": { "type": "Point", "coordinates": [ 461248.494900000281632, 4983173.603900000452995 ] } },
{ "type": "Feature", "properties": { "OBJECTID": 12639, "POINT_X": 461248.91949999984, "POINT_Y": 4982868.3414999992, "Roads": [ [ 1083, 1085, 1105 ] ], "NeighboringIntersections": "[[{585: 19.51009331260582, 587: 22.79483033894287, 599: 1.8306766600365196}]]" }, "geometry": { "type": "Point", "coordinates": [ 461248.919499999843538, 4982868.341499999165535 ] } },
{ "type": "Feature", "properties": { "OBJECTID": 12640, "POINT_X": 461249.59829999972, "POINT_Y": 4982511.6861000005, "Roads": [ [ 1084, 1085, 1087, 1158 ] ], "NeighboringIntersections": "[[{525: 8.592246398114462, 586: 22.79483033894287, 588: 0.8878528070457989, 626: 6.763747834426319}]]" }, "geometry": { "type": "Point", "coordinates": [ 461249.598299999721348, 4982511.68610000051558 ] } },
{ "type": "Feature", "properties": { "OBJECTID": 12641, "POINT_X": 461249.60039999988, "POINT_Y": 4982497.7943999991, "Roads": [ [ 1086, 1087, 1088, 1159 ] ], "NeighboringIntersections": "[[{525: 8.66356790235407, 587: 0.8878528070457989, 589: 9.578563460169306, 626: 6.767783870372468}]]" }, "geometry": { "type": "Point", "coordinates": [ 461249.600399999879301, 4982497.794399999082088 ] } },
{ "type": "Feature", "properties": { "OBJECTID": 12644, "POINT_X": 461249.80179999955, "POINT_Y": 4982347.9244999997, "Roads": [ [ 995, 1088, 1125 ] ], "NeighboringIntersections": "[[{536: 20.955962684975404, 588: 9.578563460169306}]]" }, "geometry": { "type": "Point", "coordinates": [ 461249.801799999549985, 4982347.924499999731779 ] } },
{ "type": "Feature", "properties": { "OBJECTID": 12651, "POINT_X": 461251.67659999989, "POINT_Y": 4988472.163000001, "Roads": [ [ 1046, 1089, 1151 ] ], "NeighboringIntersections": "[[{565: 6.8187940876986, 591: 10.504151888808169, 622: 7.183212195711456}]]" }, "geometry": { "type": "Point", "coordinates": [ 461251.676599999889731, 4988472.16300000064075 ] } },
{ "type": "Feature", "properties": { "OBJECTID": 12652, "POINT_X": 461252.5389, "POINT_Y": 4988636.5129000004, "Roads": [ [ 1089, 1090, 1091, 1133 ] ], "NeighboringIntersections": "[[{590: 10.504151888808169, 561: 2.9213122577279824, 592: 6.31371815090074, 614: 5.786658418280865}]]" }, "geometry": { "type": "Point", "coordinates": [ 461252.538900000043213, 4988636.512900000438094 ] } },
{ "type": "Feature", "properties": { "OBJECTID": 12653, "POINT_X": 461253.05719999969, "POINT_Y": 4988735.2984999996, "Roads": [ [ 1091, 1092, 1161 ] ], "NeighboringIntersections": "[[{591: 6.31371815090074, 593: 16.950778091456012, 627: 7.496323918504566}]]" }, "geometry": { "type": "Point", "coordinates": [ 461253.057199999690056, 4988735.298499999567866 ] } },
{ "type": "Feature", "properties": { "OBJECTID": 12657, "POINT_X": 461255.9556, "POINT_Y": 4989000.5011, "Roads": [ [ 1092, 1093, 1094, 1095 ] ], "NeighboringIntersections": "[[{592: 16.950778091456012, 563: 2.757693576897515, 594: 11.925076908413951, 632: 14.82131941137817}]]" }, "geometry": { "type": "Point", "coordinates": [ 461255.955599999986589, 4989000.5011 ] } },
{ "type": "Feature", "properties": { "OBJECTID": 12660, "POINT_X": 461258.00939999986, "POINT_Y": 4989187.0743000004, "Roads": [ [ 1094, 1096, 1097 ] ], "NeighboringIntersections": "[[{593: 11.925076908413951, 523: 16.504910571601503, 595: 12.752180354192514}]]" }, "geometry": { "type": "Point", "coordinates": [ 461258.009399999864399, 4989187.074300000444055 ] } },
{ "type": "Feature", "properties": { "OBJECTID": 12663, "POINT_X": 461260.048, "POINT_Y": 4989386.5896000005, "Roads": [ [ 1097, 1098, 1099, 1175 ] ], "NeighboringIntersections": "[[{594: 12.752180354192514, 518: 12.83049870990273, 596: 13.17828382817902, 636: 8.717256356833252}]]" }, "geometry": { "type": "Point", "coordinates": [ 461260.048000000417233, 4989386.589600000530481 ] } },
{ "type": "Feature", "properties": { "OBJECTID": 12666, "POINT_X": 461262.0614, "POINT_Y": 4989592.7723999992, "Roads": [ [ 1099, 1100, 1101 ] ], "NeighboringIntersections": "[[{595: 13.17828382817902, 606: 14.004981920915379}]]" }, "geometry": { "type": "Point", "coordinates": [ 461262.0614, 4989592.772399999201298 ] } },
{ "type": "Feature", "properties": { "OBJECTID": 12671, "POINT_X": 461265.6958999997, "POINT_Y": 4985934.2727000006, "Roads": [ [ 1072, 1102, 1154 ] ], "NeighboringIntersections": "[[{567: 8.167192672159047, 623: 9.5319583066786}]]" }, "geometry": { "type": "Point", "coordinates": [ 461265.695899999700487, 4985934.272700000554323 ] } },
{ "type": "Feature", "properties": { "OBJECTID": 12673, "POINT_X": 461267.43869999982, "POINT_Y": 4989956.4693, "Roads": [ [ 1103, 1118, 1244 ] ], "NeighboringIntersections": "[[{463: 21.64469837343296, 606: 11.629333479129487, 675: 14.200969765017602}]]" }, "geometry": { "type": "Point", "coordinates": [ 461267.438699999824166, 4989956.4693 ] } },
{ "type": "Feature", "properties": { "OBJECTID": 12691, "POINT_X": 461277.46719999984, "POINT_Y": 4982870.6821999997, "Roads": [ [ 1105, 1106, 1108 ] ], "NeighboringIntersections": "[[{586: 1.8306766600365196, 601: 0.8335775117883185}]]" }, "geometry": { "type": "Point", "coordinates": [ 461277.467199999839067, 4982870.682199999690056 ] } },
{ "type": "Feature", "properties": { "OBJECTID": 12697, "POINT_X": 461280.06290000025, "POINT_Y": 4987801.6224000007, "Roads": [ [ 902, 1107, 1130 ] ], "NeighboringIntersections": "[[{604: 13.41634099473415, 612: 5.396188647711241}]]" }, "geometry": { "type": "Point", "coordinates": [ 461280.06290000025183, 4987801.622400000691414 ] } },
{ "type": "Feature", "properties": { "OBJECTID": 12712, "POINT_X": 461290.49349999987, "POINT_Y": 4982871.3318000007, "Roads": [ [ 1104, 1108, 1162 ] ], "NeighboringIntersections": "[[{599: 0.8335775117883185, 628: 6.470085479030905}]]" }, "geometry": { "type": "Point", "coordinates": [ 461290.49349999986589, 4982871.331800000742078 ] } },
{ "type": "Feature", "properties": { "OBJECTID": 12733, "POINT_X": 461310.75870000012, "POINT_Y": 4986591.7259, "Roads": [ [ 1109, 1110, 1169 ] ], "NeighboringIntersections": "[[{572: 4.438491252890439, 633: 6.7244391541403585}]]" }, "geometry": { "type": "Point", "coordinates": [ 461310.75870000012219, 4986591.7259 ] } },
{ "type": "Feature", "properties": { "OBJECTID": 12735, "POINT_X": 461311.5088, "POINT_Y": 4984437.1023999993, "Roads": [ [ 1111, 1112, 1116, 1223 ] ], "NeighboringIntersections": "[[{577: 4.394491383885021, 663: 23.384116639853083, 605: 11.806698923510012, 664: 15.227368975638461}]]" }, "geometry": { "type": "Point", "coordinates": [ 461311.508799999952316, 4984437.102399999275804 ] } },
{ "type": "Feature", "properties": { "OBJECTID": 12736, "POINT_X": 461311.7544, "POINT_Y": 4988006.3344000001, "Roads": [ [ 1107, 1113, 1114, 1115 ] ], "NeighboringIntersections": "[[{600: 13.41634099473415, 609: 3.644655924638992}]]" }, "geometry": { "type": "Point", "coordinates": [ 461311.754399999976158, 4988006.3344 ] } },
{ "type": "Feature", "properties": { "OBJECTID": 12738, "POINT_X": 461315.65670000017, "POINT_Y": 4984252.4660999998, "Roads": [ [ 1116, 1119, 1173 ] ], "NeighboringIntersections": "[[{603: 11.806698923510012, 607: 6.633261978703573, 635: 6.041494914378868}]]" }, "geometry": { "type": "Point", "coordinates": [ 461315.656700000166893, 4984252.466099999845028 ] } },
{ "type": "Feature", "properties": { "OBJECTID": 12739, "POINT_X": 461315.71079999954, "POINT_Y": 4989794.7935000006, "Roads": [ [ 1101, 1117, 1118, 1157 ] ], "NeighboringIntersections": "[[{596: 14.004981920915379, 560: 6.633149380024987, 598: 11.629333479129487, 625: 3.570445737437549}]]" }, "geometry": { "type": "Point", "coordinates": [ 461315.710799999535084, 4989794.793500000610948 ] } },
{ "type": "Feature", "properties": { "OBJECTID": 12741, "POINT_X": 461316.7511, "POINT_Y": 4984148.6852000002, "Roads": [ [ 1119, 1143, 1225 ] ], "NeighboringIntersections": "[[{605: 6.633261978703573, 617: 14.400609186179999, 665: 13.75726901971079}]]" }, "geometry": { "type": "Point", "coordinates": [ 461316.7511, 4984148.685200000181794 ] } },
{ "type": "Feature", "properties": { "OBJECTID": 12742, "POINT_X": 461317.13719999976, "POINT_Y": 4983349.2311000004, "Roads": [ [ 1120, 1121, 1182 ] ], "NeighboringIntersections": "[[{583: 4.413948330706902, 640: 8.169737245973899}]]" }, "geometry": { "type": "Point", "coordinates": [ 461317.137199999764562, 4983349.231100000441074 ] } },
{ "type": "Feature", "properties": { "OBJECTID": 12746, "POINT_X": 461321.3279, "POINT_Y": 4988062.5507999994, "Roads": [ [ 1114, 1122, 1261 ] ], "NeighboringIntersections": "[[{604: 3.644655924638992, 496: 25.323848916087666, 683: 16.04869604314127}]]" }, "geometry": { "type": "Point", "coordinates": [ 461321.327899999916553, 4988062.550799999386072 ] } },
{ "type": "Feature", "properties": { "OBJECTID": 12750, "POINT_X": 461328.9331, "POINT_Y": 4986061.9077000003, "Roads": [ [ 1126, 1127, 1180 ] ], "NeighboringIntersections": "[[{567: 5.7316893772850985, 639: 5.849536227500859}]]" }, "geometry": { "type": "Point", "coordinates": [ 461328.933100000023842, 4986061.907700000330806 ] } },
{ "type": "Feature", "properties": { "OBJECTID": 12757, "POINT_X": 461338.28309999965, "POINT_Y": 4990167.1674000006, "Roads": [ [ 1128, 1129, 1138 ] ], "NeighboringIntersections": "[[{615: 7.558903591479473}]]" }, "geometry": { "type": "Point", "coordinates": [ 461338.283099999651313, 4990167.167400000616908 ] } },
{ "type": "Feature", "properties": { "OBJECTID": 12758, "POINT_X": 461339.1157, "POINT_Y": 4987742.7656999994, "Roads": [ [ 1130, 1165, 1171 ] ], "NeighboringIntersections": "[[{600: 5.396188647711241, 630: 7.788916480484081, 634: 5.08966031978135}]]" }, "geometry": { "type": "Point", "coordinates": [ 461339.115699999965727, 4987742.765699999406934 ] } },
{ "type": "Feature", "properties": { "OBJECTID": 12759, "POINT_X": 461339.47219999973, "POINT_Y": 4988856.8486000001, "Roads": [ [ 1131, 1132, 1186 ] ], "NeighboringIntersections": "[[{618: 3.1317108291747293, 643: 9.535702175657716}]]" }, "geometry": { "type": "Point", "coordinates": [ 461339.472199999727309, 4988856.848600000143051 ] } },
{ "type": "Feature", "properties": { "OBJECTID": 12760, "POINT_X": 461339.78270000033, "POINT_Y": 4988595.805, "Roads": [ [ 1133, 1134, 1152 ] ], "NeighboringIntersections": "[[{591: 5.786658418280865, 629: 4.320803567703546, 622: 6.042913443391366}]]" }, "geometry": { "type": "Point", "coordinates": [ 461339.782700000330806, 4988595.804999999701977 ] } },
{ "type": "Feature", "properties": { "OBJECTID": 12762, "POINT_X": 461342.39989999961, "POINT_Y": 4990298.8751999997, "Roads": [ [ 1129, 1136, 1232 ] ], "NeighboringIntersections": "[[{611: 7.558903591479473, 668: 10.91900211423972}]]" }, "geometry": { "type": "Point", "coordinates": [ 461342.39989999961108, 4990298.875199999660254 ] } },
{ "type": "Feature", "properties": { "OBJECTID": 12771, "POINT_X": 461350.42260000017, "POINT_Y": 4983137.7634999994, "Roads": [ [ 1139, 1140, 1141 ] ], "NeighboringIntersections": "[[{624: 5.271983554219247, 650: 8.267205903588431}]]" }, "geometry": { "type": "Point", "coordinates": [ 461350.422600000165403, 4983137.763499999418855 ] } },
{ "type": "Feature", "properties": { "OBJECTID": 12773, "POINT_X": 461351.0915000001, "POINT_Y": 4983929.1116000004, "Roads": [ [ 1142, 1143, 1206 ] ], "NeighboringIntersections": "[[{580: 6.777019879419174, 607: 14.400609186179999, 654: 8.380754965851247}]]" }, "geometry": { "type": "Point", "coordinates": [ 461351.091500000096858, 4983929.111600000411272 ] } },
{ "type": "Feature", "properties": { "OBJECTID": 12786, "POINT_X": 461358.87739999965, "POINT_Y": 4988902.6152, "Roads": [ [ 1132, 1144, 1212 ] ], "NeighboringIntersections": "[[{613: 3.1317108291747293, 657: 7.071925260615918}]]" }, "geometry": { "type": "Point", "coordinates": [ 461358.877399999648333, 4988902.615199999883771 ] } },
{ "type": "Feature", "properties": { "OBJECTID": 12789, "POINT_X": 461360.54540000018, "POINT_Y": 4983529.9026999995, "Roads": [ [ 1145, 1146, 1191 ] ], "NeighboringIntersections": "[[{582: 7.343606026396511, 645: 5.490472300922419}]]" }, "geometry": { "type": "Point", "coordinates": [ 461360.545400000177324, 4983529.902699999511242 ] } },
{ "type": "Feature", "properties": { "OBJECTID": 12801, "POINT_X": 461368.44809999969, "POINT_Y": 4989693.6986999996, "Roads": [ [ 1147, 1148, 1239 ] ], "NeighboringIntersections": "[[{625: 5.234686605045594, 672: 10.043891096873352}]]" }, "geometry": { "type": "Point", "coordinates": [ 461368.448099999688566, 4989693.698699999600649 ] } },
{ "type": "Feature", "properties": { "OBJECTID": 12802, "POINT_X": 461368.67229999974, "POINT_Y": 4987051.4554999992, "Roads": [ [ 1149, 1150, 1210 ] ], "NeighboringIntersections": "[[{566: 8.856479070937919}]]" }, "geometry": { "type": "Point", "coordinates": [ 461368.6722999997437, 4987051.45549999922514 ] } },
{ "type": "Feature", "properties": { "OBJECTID": 12806, "POINT_X": 461371.88590000011, "POINT_Y": 4988496.989, "Roads": [ [ 1151, 1152, 1237 ] ], "NeighboringIntersections": "[[{590: 7.183212195711456, 614: 6.042913443391366, 671: 8.630360687240062}]]" }, "geometry": { "type": "Point", "coordinates": [ 461371.885900000110269, 4988496.989 ] } },
{ "type": "Feature", "properties": { "OBJECTID": 12813, "POINT_X": 461377.12260000035, "POINT_Y": 4985836.3033000007, "Roads": [ [ 1153, 1154, 1198 ] ], "NeighboringIntersections": "[[{597: 9.5319583066786, 648: 8.111925552000054}]]" }, "geometry": { "type": "Point", "coordinates": [ 461377.122600000351667, 4985836.303300000727177 ] } },
{ "type": "Feature", "properties": { "OBJECTID": 12814, "POINT_X": 461377.1272, "POINT_Y": 4983207.6034999993, "Roads": [ [ 1140, 1155, 1156 ] ], "NeighboringIntersections": "[[{616: 5.271983554219247, 640: 5.479068305597801}]]" }, "geometry": { "type": "Point", "coordinates": [ 461377.127199999988079, 4983207.603499999269843 ] } },
{ "type": "Feature", "properties": { "OBJECTID": 12816, "POINT_X": 461377.30520000029, "POINT_Y": 4989785.3246999998, "Roads": [ [ 1148, 1157, 1189 ] ], "NeighboringIntersections": "[[{620: 5.234686605045594, 606: 3.570445737437549, 644: 3.191889780399806}]]" }, "geometry": { "type": "Point", "coordinates": [ 461377.305200000293553, 4989785.324699999764562 ] } },
{ "type": "Feature", "properties": { "OBJECTID": 12826, "POINT_X": 461384.6875, "POINT_Y": 4982502.648, "Roads": [ [ 1158, 1159, 1160, 1249 ] ], "NeighboringIntersections": "[[{587: 6.763747834426319, 588: 6.767783870372468, 677: 7.822065866318783}]]" }, "geometry": { "type": "Point", "coordinates": [ 461384.6875, 4982502.648 ] } },
{ "type": "Feature", "properties": { "OBJECTID": 12832, "POINT_X": 461387.1026999997, "POINT_Y": 4988734.8454, "Roads": [ [ 1161, 1164, 1187 ] ], "NeighboringIntersections": "[[{592: 7.496323918504566, 629: 5.189278858006139, 643: 2.428219407601132}]]" }, "geometry": { "type": "Point", "coordinates": [ 461387.102699999697506, 4988734.8454 ] } },
{ "type": "Feature", "properties": { "OBJECTID": 12835, "POINT_X": 461391.72690000013, "POINT_Y": 4982871.5033999998, "Roads": [ [ 1162, 1163, 1193 ] ], "NeighboringIntersections": "[[{601: 6.470085479030905, 646: 3.348817206484426}]]" }, "geometry": { "type": "Point", "coordinates": [ 461391.72690000012517, 4982871.503399999812245 ] } },
{ "type": "Feature", "properties": { "OBJECTID": 12837, "POINT_X": 461396.13609999977, "POINT_Y": 4988643.5978999995, "Roads": [ [ 1134, 1164, 1241 ] ], "NeighboringIntersections": "[[{614: 4.320803567703546, 627: 5.189278858006139}]]" }, "geometry": { "type": "Point", "coordinates": [ 461396.136099999770522, 4988643.597899999469519 ] } },
{ "type": "Feature", "properties": { "OBJECTID": 12844, "POINT_X": 461400.3218, "POINT_Y": 4987637.3818999995, "Roads": [ [ 1165, 1179, 1267 ] ], "NeighboringIntersections": "[[{612: 7.788916480484081, 638: 8.546746448758363}]]" }, "geometry": { "type": "Point", "coordinates": [ 461400.321800000034273, 4987637.381899999454618 ] } },
{ "type": "Feature", "properties": { "OBJECTID": 12853, "POINT_X": 461406.14630000014, "POINT_Y": 4986326.0668000001, "Roads": [ [ 1166, 1167, 1177, 1268 ] ], "NeighboringIntersections": "[[{569: 10.81501711558183, 642: 3.67277479270659, 637: 9.984752474094806, 686: 11.896312532659843}]]" }, "geometry": { "type": "Point", "coordinates": [ 461406.146300000138581, 4986326.066800000146031 ] } },
{ "type": "Feature", "properties": { "OBJECTID": 12854, "POINT_X": 461406.31759999972, "POINT_Y": 4989188.3395000007, "Roads": [ [ 1095, 1168, 1229 ] ], "NeighboringIntersections": "[[{593: 14.82131941137817, 667: 5.519485057647693}]]" }, "geometry": { "type": "Point", "coordinates": [ 461406.317599999718368, 4989188.339500000700355 ] } },
{ "type": "Feature", "properties": { "OBJECTID": 12859, "POINT_X": 461409.26470000017, "POINT_Y": 4986619.1042, "Roads": [ [ 1169, 1170 ] ], "NeighboringIntersections": "[[{602: 6.7244391541403585, 655: 31.20968877413347}]]" }, "geometry": { "type": "Point", "coordinates": [ 461409.264700000174344, 4986619.1042 ] } },
{ "type": "Feature", "properties": { "OBJECTID": 12860, "POINT_X": 461409.36259999964, "POINT_Y": 4987779.9717999995, "Roads": [ [ 1171, 1172, 1257 ] ], "NeighboringIntersections": "[[{612: 5.08966031978135}]]" }, "geometry": { "type": "Point", "coordinates": [ 461409.362599999643862, 4987779.971799999475479 ] } },
{ "type": "Feature", "properties": { "OBJECTID": 12862, "POINT_X": 461410.18049999978, "POINT_Y": 4984253.3188000005, "Roads": [ [ 1173, 1174, 1228 ] ], "NeighboringIntersections": "[[{605: 6.041494914378868, 664: 19.734718560820863, 666: 5.61247376725916}]]" }, "geometry": { "type": "Point", "coordinates": [ 461410.180499999783933, 4984253.318800000473857 ] } },
{ "type": "Feature", "properties": { "OBJECTID": 12866, "POINT_X": 461415.3147, "POINT_Y": 4989391.4991999995, "Roads": [ [ 1135, 1175, 1243 ] ], "NeighboringIntersections": "[[{595: 8.717256356833252, 674: 6.0738429913896725}]]" }, "geometry": { "type": "Point", "coordinates": [ 461415.314699999988079, 4989391.499199999496341 ] } },
{ "type": "Feature", "properties": { "OBJECTID": 12868, "POINT_X": 461416.9594000001, "POINT_Y": 4986172.294, "Roads": [ [ 1176, 1177, 1181 ] ], "NeighboringIntersections": "[[{631: 9.984752474094806, 639: 7.219862006427063}]]" }, "geometry": { "type": "Point", "coordinates": [ 461416.959400000050664, 4986172.293999999761581 ] } },
{ "type": "Feature", "properties": { "OBJECTID": 12872, "POINT_X": 461418.29360000044, "POINT_Y": 4987510.4521999992, "Roads": [ [ 1178, 1179, 1274 ] ], "NeighboringIntersections": "[[{507: 35.128503693669224, 630: 8.546746448758363}]]" }, "geometry": { "type": "Point", "coordinates": [ 461418.293600000441074, 4987510.452199999243021 ] } },
{ "type": "Feature", "properties": { "OBJECTID": 12873, "POINT_X": 461420.30109999981, "POINT_Y": 4986059.6473999992, "Roads": [ [ 1180, 1181, 1194 ] ], "NeighboringIntersections": "[[{610: 5.849536227500859, 637: 7.219862006427063, 647: 5.6872054493310085}]]" }, "geometry": { "type": "Point", "coordinates": [ 461420.301099999807775, 4986059.647399999201298 ] } },
{ "type": "Feature", "properties": { "OBJECTID": 12875, "POINT_X": 461421.09819999989, "POINT_Y": 4983280.2096999995, "Roads": [ [ 1156, 1182, 1220 ] ], "NeighboringIntersections": "[[{624: 5.479068305597801, 608: 8.169737245973899, 662: 6.315407289275488}]]" }, "geometry": { "type": "Point", "coordinates": [ 461421.098199999891222, 4983280.209699999541044 ] } },
{ "type": "Feature", "properties": { "OBJECTID": 12877, "POINT_X": 461422.85450000037, "POINT_Y": 4989889.1173, "Roads": [ [ 1183, 1190, 1238 ] ], "NeighboringIntersections": "[[{669: 10.343617710591841, 644: 5.319405521182891}]]" }, "geometry": { "type": "Point", "coordinates": [ 461422.854500000365078, 4989889.1173 ] } },
{ "type": "Feature", "properties": { "OBJECTID": 12881, "POINT_X": 461428.60769999959, "POINT_Y": 4986378.4995000008, "Roads": [ [ 1167, 1185, 1271 ] ], "NeighboringIntersections": "[[{631: 3.67277479270659, 687: 12.210517159204272}]]" }, "geometry": { "type": "Point", "coordinates": [ 461428.607699999585748, 4986378.499500000849366 ] } },
{ "type": "Feature", "properties": { "OBJECTID": 12887, "POINT_X": 461430.52290000021, "POINT_Y": 4988734.6985999998, "Roads": [ [ 1186, 1187, 1211 ] ], "NeighboringIntersections": "[[{613: 9.535702175657716, 627: 2.428219407601132, 656: 3.0850265313927125}]]" }, "geometry": { "type": "Point", "coordinates": [ 461430.522900000214577, 4988734.698599999770522 ] } },
{ "type": "Feature", "properties": { "OBJECTID": 12890, "POINT_X": 461432.63939999975, "POINT_Y": 4989796.9256999996, "Roads": [ [ 1189, 1190, 1295 ] ], "NeighboringIntersections": "[[{625: 3.191889780399806, 641: 5.319405521182891, 701: 12.520168388127201}]]" }, "geometry": { "type": "Point", "coordinates": [ 461432.639399999752641, 4989796.925699999555945 ] } },
{ "type": "Feature", "properties": { "OBJECTID": 12902, "POINT_X": 461440.7893000003, "POINT_Y": 4983506.7638000008, "Roads": [ [ 1191, 1192, 1242 ] ], "NeighboringIntersections": "[[{619: 5.490472300922419, 673: 5.352359790890253}]]" }, "geometry": { "type": "Point", "coordinates": [ 461440.789300000295043, 4983506.76380000077188 ] } },
{ "type": "Feature", "properties": { "OBJECTID": 12903, "POINT_X": 461440.8487999998, "POINT_Y": 4982887.7513999995, "Roads": [ [ 1193, 1215, 1270 ] ], "NeighboringIntersections": "[[{628: 3.348817206484426, 659: 6.576430181936409}]]" }, "geometry": { "type": "Point", "coordinates": [ 461440.848799999803305, 4982887.75139999948442 ] } },
{ "type": "Feature", "properties": { "OBJECTID": 12905, "POINT_X": 461442.37569999974, "POINT_Y": 4985974.6942999996, "Roads": [ [ 1184, 1194, 1256 ] ], "NeighboringIntersections": "[[{639: 5.6872054493310085, 681: 7.140953470456716}]]" }, "geometry": { "type": "Point", "coordinates": [ 461442.37569999974221, 4985974.694299999624491 ] } },
{ "type": "Feature", "properties": { "OBJECTID": 12923, "POINT_X": 461457.93850000016, "POINT_Y": 4985739.5320999995, "Roads": [ [ 1197, 1198, 1203, 1510 ] ], "NeighboringIntersections": "[[{562: 15.164294446427073, 623: 8.111925552000054, 651: 0.8831167770621499, 814: 34.40886111555426}]]" }, "geometry": { "type": "Point", "coordinates": [ 461457.938500000163913, 4985739.5320999994874 ] } },
{ "type": "Feature", "properties": { "OBJECTID": 12924, "POINT_X": 461458.16139999963, "POINT_Y": 4981311.6753000002, "Roads": [ [ 1188, 1199, 1200, 1392 ] ], "NeighboringIntersections": "[[{653: 7.8705324394536005, 752: 24.282695260648644}]]" }, "geometry": { "type": "Point", "coordinates": [ 461458.161399999633431, 4981311.675300000235438 ] } },
{ "type": "Feature", "properties": { "OBJECTID": 12927, "POINT_X": 461460.47269999981, "POINT_Y": 4983156.9272000007, "Roads": [ [ 1141, 1201, 1227 ] ], "NeighboringIntersections": "[[{616: 8.267205903588431, 662: 4.1863483739308665}]]" }, "geometry": { "type": "Point", "coordinates": [ 461460.472699999809265, 4983156.927200000733137 ] } },
{ "type": "Feature", "properties": { "OBJECTID": 12935, "POINT_X": 461465.3153, "POINT_Y": 4985727.8484000005, "Roads": [ [ 1202, 1203, 1234, 1508 ] ], "NeighboringIntersections": "[[{554: 17.588525561397677, 648: 0.8831167770621499, 670: 4.856125723721705, 813: 34.01655967849861}]]" }, "geometry": { "type": "Point", "coordinates": [ 461465.315299999900162, 4985727.848400000482798 ] } },
{ "type": "Feature", "properties": { "OBJECTID": 12937, "POINT_X": 461466.95409999974, "POINT_Y": 4982262.6886, "Roads": [ [ 1195, 1204, 1252 ] ], "NeighboringIntersections": "[[{679: 4.9662530808032725}]]" }, "geometry": { "type": "Point", "coordinates": [ 461466.95409999974072, 4982262.6886 ] } },
{ "type": "Feature", "properties": { "OBJECTID": 12941, "POINT_X": 461470.3174000001, "POINT_Y": 4981432.5528999995, "Roads": [ [ 1200, 1205, 1377 ] ], "NeighboringIntersections": "[[{649: 7.8705324394536005, 744: 22.466679235654123}]]" }, "geometry": { "type": "Point", "coordinates": [ 461470.317400000058115, 4981432.552899999544024 ] } },
{ "type": "Feature", "properties": { "OBJECTID": 12950, "POINT_X": 461475.59289999958, "POINT_Y": 4983931.8189000003, "Roads": [ [ 1206, 1207, 1208 ] ], "NeighboringIntersections": "[[{617: 8.380754965851247, 665: 8.740798713492289, 704: 19.553058003301906}]]" }, "geometry": { "type": "Point", "coordinates": [ 461475.592899999581277, 4983931.818900000303984 ] } },
{ "type": "Feature", "properties": { "OBJECTID": 12951, "POINT_X": 461477.97649999987, "POINT_Y": 4986730.5454999991, "Roads": [ [ 1170, 1209 ] ], "NeighboringIntersections": "[[{633: 31.20968877413347, 575: 16.412220829472545}]]" }, "geometry": { "type": "Point", "coordinates": [ 461477.97649999987334, 4986730.545499999076128 ] } },
{ "type": "Feature", "properties": { "OBJECTID": 12955, "POINT_X": 461482.2725, "POINT_Y": 4988751.3025000002, "Roads": [ [ 1211, 1247, 1287 ] ], "NeighboringIntersections": "[[{643: 3.0850265313927125, 676: 7.717682865919425, 696: 10.440469587136159}]]" }, "geometry": { "type": "Point", "coordinates": [ 461482.272499999962747, 4988751.302500000223517 ] } },
{ "type": "Feature", "properties": { "OBJECTID": 12956, "POINT_X": 461482.44230000023, "POINT_Y": 4988907.5955999997, "Roads": [ [ 1212, 1213, 1248 ] ], "NeighboringIntersections": "[[{618: 7.071925260615918, 660: 1.9565626117977708, 676: 3.9024725303625454}]]" }, "geometry": { "type": "Point", "coordinates": [ 461482.442300000227988, 4988907.595599999651313 ] } },
{ "type": "Feature", "properties": { "OBJECTID": 12957, "POINT_X": 461487.48610000033, "POINT_Y": 4982634.4924999997, "Roads": [ [ 1196, 1214, 1318 ] ], "NeighboringIntersections": "[[{714: 12.880470938637021}]]" }, "geometry": { "type": "Point", "coordinates": [ 461487.486100000329316, 4982634.492499999701977 ] } },
{ "type": "Feature", "properties": { "OBJECTID": 12958, "POINT_X": 461487.9001000002, "POINT_Y": 4982976.5942000002, "Roads": [ [ 1215, 1216, 1255 ] ], "NeighboringIntersections": "[[{646: 6.576430181936409, 680: 3.9567975364398817}]]" }, "geometry": { "type": "Point", "coordinates": [ 461487.900100000202656, 4982976.594200000166893 ] } },
{ "type": "Feature", "properties": { "OBJECTID": 12962, "POINT_X": 461492.348, "POINT_Y": 4988940.9613000005, "Roads": [ [ 1213, 1217, 1218 ] ], "NeighboringIntersections": "[[{657: 1.9565626117977708}]]" }, "geometry": { "type": "Point", "coordinates": [ 461492.348000000230968, 4988940.961300000548363 ] } },
{ "type": "Feature", "properties": { "OBJECTID": 12963, "POINT_X": 461492.96480000019, "POINT_Y": 4981550.4667000007, "Roads": [ [ 1219, 1283 ] ], "NeighboringIntersections": "[[{693: 10.188658595997536}]]" }, "geometry": { "type": "Point", "coordinates": [ 461492.964800000190735, 4981550.466700000688434 ] } },
{ "type": "Feature", "properties": { "OBJECTID": 12964, "POINT_X": 461493.6069, "POINT_Y": 4983213.314, "Roads": [ [ 1201, 1220, 1221, 1281 ] ], "NeighboringIntersections": "[[{650: 4.1863483739308665, 640: 6.315407289275488, 692: 7.433837799318986}]]" }, "geometry": { "type": "Point", "coordinates": [ 461493.606900000013411, 4983213.313999999314547 ] } },
{ "type": "Feature", "properties": { "OBJECTID": 12966, "POINT_X": 461494.8377, "POINT_Y": 4984636.3614000008, "Roads": [ [ 1112, 1222, 1224 ] ], "NeighboringIntersections": "[[{603: 23.384116639853083, 664: 6.416545242028103}]]" }, "geometry": { "type": "Point", "coordinates": [ 461494.837700000032783, 4984636.361400000751019 ] } },
{ "type": "Feature", "properties": { "OBJECTID": 12968, "POINT_X": 461495.4104000004, "POINT_Y": 4984535.9671999998, "Roads": [ [ 1174, 1223, 1224, 1323 ] ], "NeighboringIntersections": "[[{635: 19.734718560820863, 603: 15.227368975638461, 663: 6.416545242028103, 717: 33.94763333146383}]]" }, "geometry": { "type": "Point", "coordinates": [ 461495.410400000400841, 4984535.967199999839067 ] } },
{ "type": "Feature", "properties": { "OBJECTID": 12970, "POINT_X": 461497.81840000022, "POINT_Y": 4984064.8308000006, "Roads": [ [ 1207, 1225, 1226 ] ], "NeighboringIntersections": "[[{654: 8.740798713492289, 607: 13.75726901971079, 666: 12.093969219698623}]]" }, "geometry": { "type": "Point", "coordinates": [ 461497.818400000222027, 4984064.830800000578165 ] } },
{ "type": "Feature", "properties": { "OBJECTID": 12972, "POINT_X": 461497.99239999987, "POINT_Y": 4984254.0578000005, "Roads": [ [ 1226, 1228, 1324 ] ], "NeighboringIntersections": "[[{665: 12.093969219698623, 635: 5.61247376725916, 717: 12.66868334721779}]]" }, "geometry": { "type": "Point", "coordinates": [ 461497.99239999987185, 4984254.057800000533462 ] } },
{ "type": "Feature", "properties": { "OBJECTID": 12974, "POINT_X": 461497.99820000026, "POINT_Y": 4989208.3272999991, "Roads": [ [ 1229, 1230, 1231 ] ], "NeighboringIntersections": "[[{632: 5.519485057647693, 674: 9.176600345234716, 699: 14.669810293379564}]]" }, "geometry": { "type": "Point", "coordinates": [ 461497.998200000263751, 4989208.327299999073148 ] } },
{ "type": "Feature", "properties": { "OBJECTID": 12977, "POINT_X": 461501.31670000032, "POINT_Y": 4990294.3883999996, "Roads": [ [ 1232, 1245, 1289 ] ], "NeighboringIntersections": "[[{615: 10.91900211423972, 675: 9.401772126616928, 697: 6.792285010200282}]]" }, "geometry": { "type": "Point", "coordinates": [ 461501.316700000315905, 4990294.388399999588728 ] } },
{ "type": "Feature", "properties": { "OBJECTID": 12978, "POINT_X": 461503.28529999964, "POINT_Y": 4990015.2513999995, "Roads": [ [ 1183, 1233, 1260 ] ], "NeighboringIntersections": "[[{641: 10.343617710591841}]]" }, "geometry": { "type": "Point", "coordinates": [ 461503.285299999639392, 4990015.25139999948442 ] } },
{ "type": "Feature", "properties": { "OBJECTID": 12981, "POINT_X": 461503.83339999989, "POINT_Y": 4985662.3544999994, "Roads": [ [ 1234, 1235, 1265 ] ], "NeighboringIntersections": "[[{651: 4.856125723721705, 685: 7.276880138903533}]]" }, "geometry": { "type": "Point", "coordinates": [ 461503.833399999886751, 4985662.354499999433756 ] } },
{ "type": "Feature", "properties": { "OBJECTID": 12986, "POINT_X": 461509.82849999983, "POINT_Y": 4988530.1907000002, "Roads": [ [ 1237, 1250, 1263 ] ], "NeighboringIntersections": "[[{622: 8.630360687240062, 678: 6.363408515780232, 684: 3.6856115330983954}]]" }, "geometry": { "type": "Point", "coordinates": [ 461509.828499999828637, 4988530.190700000151992 ] } },
{ "type": "Feature", "properties": { "OBJECTID": 12991, "POINT_X": 461511.55240000039, "POINT_Y": 4989602.7754999995, "Roads": [ [ 1239, 1240, 1279 ] ], "NeighboringIntersections": "[[{620: 10.043891096873352, 691: 5.224338124209556}]]" }, "geometry": { "type": "Point", "coordinates": [ 461511.552400000393391, 4989602.775499999523163 ] } },
{ "type": "Feature", "properties": { "OBJECTID": 13003, "POINT_X": 461519.2734000003, "POINT_Y": 4983488.4875000007, "Roads": [ [ 1242, 1246, 1325 ] ], "NeighboringIntersections": "[[{645: 5.352359790890253, 718: 15.239136017191884}]]" }, "geometry": { "type": "Point", "coordinates": [ 461519.273400000296533, 4983488.487500000745058 ] } },
{ "type": "Feature", "properties": { "OBJECTID": 13004, "POINT_X": 461520.26250000019, "POINT_Y": 4989366.5417999998, "Roads": [ [ 1230, 1243, 1277 ] ], "NeighboringIntersections": "[[{667: 9.176600345234716, 636: 6.0738429913896725, 690: 4.63800950716011}]]" }, "geometry": { "type": "Point", "coordinates": [ 461520.262500000186265, 4989366.541799999773502 ] } },
{ "type": "Feature", "properties": { "OBJECTID": 13016, "POINT_X": 461525.03770000022, "POINT_Y": 4990133.562000001, "Roads": [ [ 1244, 1245, 1367 ] ], "NeighboringIntersections": "[[{598: 14.200969765017602, 668: 9.401772126616928, 739: 10.979783198354164}]]" }, "geometry": { "type": "Point", "coordinates": [ 461525.037700000219047, 4990133.562000000849366 ] } },
{ "type": "Feature", "properties": { "OBJECTID": 13029, "POINT_X": 461541.60020000022, "POINT_Y": 4988872.3306000009, "Roads": [ [ 1247, 1248, 1327 ] ], "NeighboringIntersections": "[[{656: 7.717682865919425, 657: 3.9024725303625454, 719: 10.647911024988474}]]" }, "geometry": { "type": "Point", "coordinates": [ 461541.600200000219047, 4988872.330600000917912 ] } },
{ "type": "Feature", "properties": { "OBJECTID": 13030, "POINT_X": 461542.02170000039, "POINT_Y": 4982500.0935999993, "Roads": [ [ 1249, 1253, 1314 ] ], "NeighboringIntersections": "[[{626: 7.822065866318783, 679: 15.069635699467723, 712: 6.728150033245823}]]" }, "geometry": { "type": "Point", "coordinates": [ 461542.02170000039041, 4982500.093599999323487 ] } },
{ "type": "Feature", "properties": { "OBJECTID": 13033, "POINT_X": 461544.371, "POINT_Y": 4988433.1287999991, "Roads": [ [ 1250, 1251, 1290 ] ], "NeighboringIntersections": "[[{671: 6.363408515780232, 698: 7.288482519555335}]]" }, "geometry": { "type": "Point", "coordinates": [ 461544.371000000275671, 4988433.128799999132752 ] } },
{ "type": "Feature", "properties": { "OBJECTID": 13034, "POINT_X": 461544.6409, "POINT_Y": 4982264.3225999996, "Roads": [ [ 1252, 1253, 1254 ] ], "NeighboringIntersections": "[[{652: 4.9662530808032725, 677: 15.069635699467723, 706: 14.15191601467655}]]" }, "geometry": { "type": "Point", "coordinates": [ 461544.6409, 4982264.322599999606609 ] } },
{ "type": "Feature", "properties": { "OBJECTID": 13036, "POINT_X": 461545.95959999971, "POINT_Y": 4982990.4618999995, "Roads": [ [ 1255, 1305 ] ], "NeighboringIntersections": "[[{659: 3.9567975364398817, 707: 21.92202823717922}]]" }, "geometry": { "type": "Point", "coordinates": [ 461545.959599999710917, 4982990.461899999529123 ] } },
{ "type": "Feature", "properties": { "OBJECTID": 13040, "POINT_X": 461550.859, "POINT_Y": 4985954.1240999997, "Roads": [ [ 1236, 1256, 1272 ] ], "NeighboringIntersections": "[[{647: 7.140953470456716, 688: 2.6557573763684648}]]" }, "geometry": { "type": "Point", "coordinates": [ 461550.859000000171363, 4985954.124099999666214 ] } },
{ "type": "Feature", "properties": { "OBJECTID": 13051, "POINT_X": 461559.59549999982, "POINT_Y": 4980687.4014, "Roads": [ [ 1258, 1259, 1471 ] ], "NeighboringIntersections": "[[{793: 28.858982211450407}]]" }, "geometry": { "type": "Point", "coordinates": [ 461559.595499999821186, 4980687.401399999856949 ] } },
{ "type": "Feature", "properties": { "OBJECTID": 13069, "POINT_X": 461571.2209000001, "POINT_Y": 4988064.2011999991, "Roads": [ [ 1261, 1262, 1364 ] ], "NeighboringIntersections": "[[{609: 16.04869604314127, 695: 7.825354143499085, 737: 12.785860017106678}]]" }, "geometry": { "type": "Point", "coordinates": [ 461571.220900000073016, 4988064.201199999079108 ] } },
{ "type": "Feature", "properties": { "OBJECTID": 13070, "POINT_X": 461571.52070000023, "POINT_Y": 4988546.1427999996, "Roads": [ [ 1263, 1264, 1288 ] ], "NeighboringIntersections": "[[{671: 3.6856115330983954, 698: 3.6463847125279902, 696: 5.280058961089857}]]" }, "geometry": { "type": "Point", "coordinates": [ 461571.520700000226498, 4988546.142799999564886 ] } },
{ "type": "Feature", "properties": { "OBJECTID": 13071, "POINT_X": 461571.7467, "POINT_Y": 4985571.6055999994, "Roads": [ [ 1265, 1266, 1307 ] ], "NeighboringIntersections": "[[{670: 7.276880138903533, 708: 6.7828193544449675}]]" }, "geometry": { "type": "Point", "coordinates": [ 461571.746700000017881, 4985571.605599999427795 ] } },
{ "type": "Feature", "properties": { "OBJECTID": 13082, "POINT_X": 461585.6683, "POINT_Y": 4986325.2136000004, "Roads": [ [ 1268, 1269, 1299 ] ], "NeighboringIntersections": "[[{631: 11.896312532659843, 687: 9.70307732090703, 703: 8.070291571999883}]]" }, "geometry": { "type": "Point", "coordinates": [ 461585.668300000019372, 4986325.213600000366569 ] } },
{ "type": "Feature", "properties": { "OBJECTID": 13084, "POINT_X": 461586.24789999984, "POINT_Y": 4986473.6698000003, "Roads": [ [ 1269, 1271, 1293 ] ], "NeighboringIntersections": "[[{686: 9.70307732090703, 642: 12.210517159204272}]]" }, "geometry": { "type": "Point", "coordinates": [ 461586.247899999842048, 4986473.669800000265241 ] } },
{ "type": "Feature", "properties": { "OBJECTID": 13085, "POINT_X": 461587.17119999975, "POINT_Y": 4985971.6568999998, "Roads": [ [ 1272, 1273, 1310 ] ], "NeighboringIntersections": "[[{681: 2.6557573763684648, 689: 5.267767941280953}]]" }, "geometry": { "type": "Point", "coordinates": [ 461587.17119999974966, 4985971.656899999827147 ] } },
{ "type": "Feature", "properties": { "OBJECTID": 13095, "POINT_X": 461598.91959999967, "POINT_Y": 4986051.3624000009, "Roads": [ [ 1273, 1275, 1276 ] ], "NeighboringIntersections": "[[{688: 5.267767941280953, 694: 6.485445003674553}]]" }, "geometry": { "type": "Point", "coordinates": [ 461598.919599999673665, 4986051.362400000914931 ] } },
{ "type": "Feature", "properties": { "OBJECTID": 13096, "POINT_X": 461600.2714, "POINT_Y": 4989361.4264000002, "Roads": [ [ 1277, 1278, 1291 ] ], "NeighboringIntersections": "[[{674: 4.63800950716011, 699: 1.311631287021805}]]" }, "geometry": { "type": "Point", "coordinates": [ 461600.271399999968708, 4989361.426400000229478 ] } },
{ "type": "Feature", "properties": { "OBJECTID": 13099, "POINT_X": 461604.37480000034, "POINT_Y": 4989592.7633999996, "Roads": [ [ 1279, 1280, 1334 ] ], "NeighboringIntersections": "[[{672: 5.224338124209556, 701: 9.039377827170393, 721: 6.974603701675058}]]" }, "geometry": { "type": "Point", "coordinates": [ 461604.374800000339746, 4989592.763399999588728 ] } },
{ "type": "Feature", "properties": { "OBJECTID": 13100, "POINT_X": 461605.025, "POINT_Y": 4983191.5998, "Roads": [ [ 1281, 1282, 1302 ] ], "NeighboringIntersections": "[[{662: 7.433837799318986, 705: 2.973251278272777}]]" }, "geometry": { "type": "Point", "coordinates": [ 461605.025000000372529, 4983191.5998 ] } },
{ "type": "Feature", "properties": { "OBJECTID": 13108, "POINT_X": 461611.50079999957, "POINT_Y": 4981654.8228999991, "Roads": [ [ 1283, 1397, 1417 ] ], "NeighboringIntersections": "[[{661: 10.188658595997536, 755: 19.879413030590808, 765: 18.715685644823463}]]" }, "geometry": { "type": "Point", "coordinates": [ 461611.500799999572337, 4981654.82289999909699 ] } },
{ "type": "Feature", "properties": { "OBJECTID": 13109, "POINT_X": 461611.54179999977, "POINT_Y": 4986150.7232000008, "Roads": [ [ 1276, 1284, 1285 ] ], "NeighboringIntersections": "[[{689: 6.485445003674553, 703: 4.964217477035958}]]" }, "geometry": { "type": "Point", "coordinates": [ 461611.541799999773502, 4986150.723200000822544 ] } },
{ "type": "Feature", "properties": { "OBJECTID": 13111, "POINT_X": 461614.05090000015, "POINT_Y": 4988174.6044999994, "Roads": [ [ 1262, 1286, 1380 ] ], "NeighboringIntersections": "[[{683: 7.825354143499085, 746: 14.327394385361355}]]" }, "geometry": { "type": "Point", "coordinates": [ 461614.050900000147521, 4988174.604499999433756 ] } },
{ "type": "Feature", "properties": { "OBJECTID": 13112, "POINT_X": 461615.4665000001, "POINT_Y": 4988628.1458000001, "Roads": [ [ 1287, 1288, 1366 ] ], "NeighboringIntersections": "[[{656: 10.440469587136159, 684: 5.280058961089857, 738: 8.540102973385753}]]" }, "geometry": { "type": "Point", "coordinates": [ 461615.466500000096858, 4988628.1458 ] } },
{ "type": "Feature", "properties": { "OBJECTID": 13114, "POINT_X": 461616.0378, "POINT_Y": 4990317.9785999991, "Roads": [ [ 1289, 1292, 1363 ] ], "NeighboringIntersections": "[[{668: 6.792285010200282, 736: 7.459515854582213}]]" }, "geometry": { "type": "Point", "coordinates": [ 461616.037800000049174, 4990317.97859999909997 ] } },
{ "type": "Feature", "properties": { "OBJECTID": 13117, "POINT_X": 461619.88009999972, "POINT_Y": 4988503.4196000006, "Roads": [ [ 1264, 1290, 1317 ] ], "NeighboringIntersections": "[[{684: 3.6463847125279902, 678: 7.288482519555335}]]" }, "geometry": { "type": "Point", "coordinates": [ 461619.880099999718368, 4988503.419600000604987 ] } },
{ "type": "Feature", "properties": { "OBJECTID": 13119, "POINT_X": 461620.15660000034, "POINT_Y": 4989348.9999000002, "Roads": [ [ 1231, 1291, 1331 ] ], "NeighboringIntersections": "[[{667: 14.669810293379564, 690: 1.311631287021805, 720: 5.351329159167666}]]" }, "geometry": { "type": "Point", "coordinates": [ 461620.156600000336766, 4989348.999900000169873 ] } },
{ "type": "Feature", "properties": { "OBJECTID": 13143, "POINT_X": 461636.9254000001, "POINT_Y": 4982173.735, "Roads": [ [ 1294, 1298, 1329, 1338 ] ], "NeighboringIntersections": "[[{702: 5.941515560631645, 723: 8.106590226034744}]]" }, "geometry": { "type": "Point", "coordinates": [ 461636.925400000065565, 4982173.734999999403954 ] } },
{ "type": "Feature", "properties": { "OBJECTID": 13144, "POINT_X": 461636.94560000021, "POINT_Y": 4989746.8334, "Roads": [ [ 1280, 1295, 1296, 1357 ] ], "NeighboringIntersections": "[[{691: 9.039377827170393, 644: 12.520168388127201, 732: 6.766988713997121}]]" }, "geometry": { "type": "Point", "coordinates": [ 461636.945600000210106, 4989746.833399999886751 ] } },
{ "type": "Feature", "properties": { "OBJECTID": 13149, "POINT_X": 461639.61440000031, "POINT_Y": 4982080.9411999993, "Roads": [ [ 1297, 1298, 1309 ] ], "NeighboringIntersections": "[[{700: 5.941515560631645, 709: 3.7879999597414997}]]" }, "geometry": { "type": "Point", "coordinates": [ 461639.614400000311434, 4982080.941199999302626 ] } },
{ "type": "Feature", "properties": { "OBJECTID": 13165, "POINT_X": 461645.96509999968, "POINT_Y": 4986217.6197999995, "Roads": [ [ 1285, 1299, 1389 ] ], "NeighboringIntersections": "[[{694: 4.964217477035958, 686: 8.070291571999883}]]" }, "geometry": { "type": "Point", "coordinates": [ 461645.965099999681115, 4986217.619799999520183 ] } },
{ "type": "Feature", "properties": { "OBJECTID": 13170, "POINT_X": 461648.70320000034, "POINT_Y": 4984115.5277999993, "Roads": [ [ 1208, 1300, 1301, 1328 ] ], "NeighboringIntersections": "[[{654: 19.553058003301906, 717: 6.783362740508}]]" }, "geometry": { "type": "Point", "coordinates": [ 461648.703200000338256, 4984115.527799999341369 ] } },
{ "type": "Feature", "properties": { "OBJECTID": 13171, "POINT_X": 461648.70409999974, "POINT_Y": 4983207.1029000003, "Roads": [ [ 1302, 1303, 1320 ] ], "NeighboringIntersections": "[[{692: 2.973251278272777, 715: 2.497789129250631}]]" }, "geometry": { "type": "Point", "coordinates": [ 461648.70409999974072, 4983207.102900000289083 ] } },
{ "type": "Feature", "properties": { "OBJECTID": 13172, "POINT_X": 461649.0718, "POINT_Y": 4982382.1717000008, "Roads": [ [ 1254, 1304, 1543 ] ], "NeighboringIntersections": "[[{679: 14.15191601467655, 832: 26.02421173878849}]]" }, "geometry": { "type": "Point", "coordinates": [ 461649.071800000034273, 4982382.171700000762939 ] } },
{ "type": "Feature", "properties": { "OBJECTID": 13177, "POINT_X": 461653.09250000026, "POINT_Y": 4982978.406, "Roads": [ [ 1305, 1312 ] ], "NeighboringIntersections": "[[{680: 21.92202823717922, 711: 1.1903096042547492}]]" }, "geometry": { "type": "Point", "coordinates": [ 461653.09250000026077, 4982978.405999999493361 ] } },
{ "type": "Feature", "properties": { "OBJECTID": 13185, "POINT_X": 461658.331, "POINT_Y": 4985510.5776000004, "Roads": [ [ 1307, 1308, 1373 ] ], "NeighboringIntersections": "[[{685: 6.7828193544449675, 742: 8.462063349623868}]]" }, "geometry": { "type": "Point", "coordinates": [ 461658.331000000238419, 4985510.577600000426173 ] } },
{ "type": "Feature", "properties": { "OBJECTID": 13187, "POINT_X": 461658.95760000031, "POINT_Y": 4982026.041, "Roads": [ [ 1309, 1322 ] ], "NeighboringIntersections": "[[{702: 3.7879999597414997, 716: 24.47150734315783}]]" }, "geometry": { "type": "Point", "coordinates": [ 461658.957600000314415, 4982026.040999999269843 ] } },
{ "type": "Feature", "properties": { "OBJECTID": 13209, "POINT_X": 461671.40170000028, "POINT_Y": 4983065.1492, "Roads": [ [ 1311, 1313, 1339 ] ], "NeighboringIntersections": "[[{711: 5.408913646093584}]]" }, "geometry": { "type": "Point", "coordinates": [ 461671.401700000278652, 4983065.14919999986887 ] } },
{ "type": "Feature", "properties": { "OBJECTID": 13210, "POINT_X": 461671.549, "POINT_Y": 4982980.897, "Roads": [ [ 1312, 1313, 1371 ] ], "NeighboringIntersections": "[[{707: 1.1903096042547492, 710: 5.408913646093584, 741: 6.938541585529567}]]" }, "geometry": { "type": "Point", "coordinates": [ 461671.548999999649823, 4982980.896999999880791 ] } },
{ "type": "Feature", "properties": { "OBJECTID": 13221, "POINT_X": 461677.35890000034, "POINT_Y": 4982498.3179000001, "Roads": [ [ 1314, 1315, 1444 ] ], "NeighboringIntersections": "[[{677: 6.728150033245823, 713: 7.450099123134791, 781: 14.185420198482037}]]" }, "geometry": { "type": "Point", "coordinates": [ 461677.358900000341237, 4982498.317900000140071 ] } },
{ "type": "Feature", "properties": { "OBJECTID": 13223, "POINT_X": 461678.8881000001, "POINT_Y": 4982614.8750999998, "Roads": [ [ 1315, 1316, 1378 ] ], "NeighboringIntersections": "[[{712: 7.450099123134791, 714: 1.4733005696105181}]]" }, "geometry": { "type": "Point", "coordinates": [ 461678.888100000098348, 4982614.875099999830127 ] } },
{ "type": "Feature", "properties": { "OBJECTID": 13226, "POINT_X": 461680.87370000035, "POINT_Y": 4982637.8016, "Roads": [ [ 1316, 1318, 1319 ] ], "NeighboringIntersections": "[[{713: 1.4733005696105181, 658: 12.880470938637021, 729: 7.690750439952618}]]" }, "geometry": { "type": "Point", "coordinates": [ 461680.873700000345707, 4982637.801599999889731 ] } },
{ "type": "Feature", "properties": { "OBJECTID": 13227, "POINT_X": 461681.49239999987, "POINT_Y": 4983228.2738000005, "Roads": [ [ 1320, 1321, 1358 ] ], "NeighboringIntersections": "[[{705: 2.497789129250631, 758: 35.76412700436164, 733: 6.080257774719902}]]" }, "geometry": { "type": "Point", "coordinates": [ 461681.49239999987185, 4983228.273800000548363 ] } },
{ "type": "Feature", "properties": { "OBJECTID": 13238, "POINT_X": 461688.50239999965, "POINT_Y": 4982004.5475999992, "Roads": [ [ 1322, 1343 ] ], "NeighboringIntersections": "[[{709: 24.47150734315783, 725: 3.041935037506243}]]" }, "geometry": { "type": "Point", "coordinates": [ 461688.502399999648333, 4982004.54759999923408 ] } },
{ "type": "Feature", "properties": { "OBJECTID": 13240, "POINT_X": 461689.1376, "POINT_Y": 4984213.6455000006, "Roads": [ [ 1301, 1323, 1324 ] ], "NeighboringIntersections": "[[{704: 6.783362740508, 664: 33.94763333146383, 666: 12.66868334721779}]]" }, "geometry": { "type": "Point", "coordinates": [ 461689.137600000016391, 4984213.645500000566244 ] } },
{ "type": "Feature", "properties": { "OBJECTID": 13246, "POINT_X": 461693.5017, "POINT_Y": 4983641.6611000001, "Roads": [ [ 1325, 1326, 1360 ] ], "NeighboringIntersections": "[[{673: 15.239136017191884, 731: 8.05714275102335, 734: 6.3710640978541395}]]" }, "geometry": { "type": "Point", "coordinates": [ 461693.501699999906123, 4983641.661100000143051 ] } },
{ "type": "Feature", "properties": { "OBJECTID": 13256, "POINT_X": 461699.03760000039, "POINT_Y": 4988969.1798, "Roads": [ [ 1327, 1350, 1447 ] ], "NeighboringIntersections": "[[{676: 10.647911024988474, 727: 5.930963281767839, 783: 15.642869465593384}]]" }, "geometry": { "type": "Point", "coordinates": [ 461699.03760000038892, 4988969.1798 ] } },
{ "type": "Feature", "properties": { "OBJECTID": 13274, "POINT_X": 461713.971, "POINT_Y": 4989339.5515000001, "Roads": [ [ 1331, 1332, 1333, 1395 ] ], "NeighboringIntersections": "[[{699: 5.351329159167666, 771: 16.46558989542488, 753: 7.428310222533638}]]" }, "geometry": { "type": "Point", "coordinates": [ 461713.970999999903142, 4989339.5515 ] } },
{ "type": "Feature", "properties": { "OBJECTID": 13278, "POINT_X": 461719.38389999978, "POINT_Y": 4989622.6667, "Roads": [ [ 1334, 1335, 1386 ] ], "NeighboringIntersections": "[[{691: 6.974603701675058, 732: 4.753291664235195}]]" }, "geometry": { "type": "Point", "coordinates": [ 461719.383899999782443, 4989622.6667 ] } },
{ "type": "Feature", "properties": { "OBJECTID": 13280, "POINT_X": 461720.5027000001, "POINT_Y": 4987936.4206000008, "Roads": [ [ 1336, 1337, 1347 ] ], "NeighboringIntersections": "[[{737: 4.321704121257218, 726: 9.142991104546047}]]" }, "geometry": { "type": "Point", "coordinates": [ 461720.502700000070035, 4987936.4206000007689 ] } },
{ "type": "Feature", "properties": { "OBJECTID": 13287, "POINT_X": 461725.7445, "POINT_Y": 4982251.2839000002, "Roads": [ [ 1338, 1345, 1419 ] ], "NeighboringIntersections": "[[{700: 8.106590226034744, 766: 10.905274533250363}]]" }, "geometry": { "type": "Point", "coordinates": [ 461725.744500000029802, 4982251.283900000154972 ] } },
{ "type": "Feature", "properties": { "OBJECTID": 13295, "POINT_X": 461732.94170000032, "POINT_Y": 4985790.7787999995, "Roads": [ [ 1342, 1361, 1468 ] ], "NeighboringIntersections": "[[{735: 9.753171829450794, 791: 17.916783680259762}]]" }, "geometry": { "type": "Point", "coordinates": [ 461732.941700000315905, 4985790.778799999505281 ] } },
{ "type": "Feature", "properties": { "OBJECTID": 13297, "POINT_X": 461733.73290000018, "POINT_Y": 4981989.7462000009, "Roads": [ [ 1343, 1344, 1370 ] ], "NeighboringIntersections": "[[{716: 3.041935037506243, 740: 1.9653726900835375}]]" }, "geometry": { "type": "Point", "coordinates": [ 461733.732900000177324, 4981989.746200000867248 ] } },
{ "type": "Feature", "properties": { "OBJECTID": 13304, "POINT_X": 461738.94089999981, "POINT_Y": 4987802.2419000007, "Roads": [ [ 1330, 1347, 1348, 1349 ] ], "NeighboringIntersections": "[[{722: 9.142991104546047, 772: 13.272448027105535}]]" }, "geometry": { "type": "Point", "coordinates": [ 461738.940899999812245, 4987802.241900000721216 ] } },
{ "type": "Feature", "properties": { "OBJECTID": 13305, "POINT_X": 461738.94429999962, "POINT_Y": 4989064.9202999994, "Roads": [ [ 1350, 1351, 1462 ] ], "NeighboringIntersections": "[[{719: 5.930963281767839, 789: 14.003582658393519}]]" }, "geometry": { "type": "Point", "coordinates": [ 461738.944299999624491, 4989064.920299999415874 ] } },
{ "type": "Feature", "properties": { "OBJECTID": 13308, "POINT_X": 461740.80559999961, "POINT_Y": 4986660.9887000006, "Roads": [ [ 1341, 1352, 1396 ] ], "NeighboringIntersections": "[[{576: 31.135099269737545, 754: 6.063633011157978}]]" }, "geometry": { "type": "Point", "coordinates": [ 461740.80559999961406, 4986660.988700000569224 ] } },
{ "type": "Feature", "properties": { "OBJECTID": 13309, "POINT_X": 461741.07010000013, "POINT_Y": 4982741.1715999991, "Roads": [ [ 1319, 1353, 1394 ] ], "NeighboringIntersections": "[[{714: 7.690750439952618, 745: 10.110072587902158}]]" }, "geometry": { "type": "Point", "coordinates": [ 461741.07010000012815, 4982741.171599999070168 ] } },
{ "type": "Feature", "properties": { "OBJECTID": 13310, "POINT_X": 461741.58839999977, "POINT_Y": 4987647.2254000008, "Roads": [ [ 1340, 1354, 1426 ] ], "NeighboringIntersections": "[[{770: 13.145379231831706}]]" }, "geometry": { "type": "Point", "coordinates": [ 461741.588399999774992, 4987647.225400000810623 ] } },
{ "type": "Feature", "properties": { "OBJECTID": 13313, "POINT_X": 461746.6184, "POINT_Y": 4983743.5812999997, "Roads": [ [ 1326, 1355, 1356 ] ], "NeighboringIntersections": "[[{718: 8.05714275102335}]]" }, "geometry": { "type": "Point", "coordinates": [ 461746.618400000035763, 4983743.581299999728799 ] } },
{ "type": "Feature", "properties": { "OBJECTID": 13315, "POINT_X": 461748.48639999982, "POINT_Y": 4989702.1824999992, "Roads": [ [ 1335, 1357, 1412 ] ], "NeighboringIntersections": "[[{721: 4.753291664235195, 701: 6.766988713997121, 762: 7.588398260804434}]]" }, "geometry": { "type": "Point", "coordinates": [ 461748.486399999819696, 4989702.182499999180436 ] } },
{ "type": "Feature", "properties": { "OBJECTID": 13316, "POINT_X": 461748.7242000001, "POINT_Y": 4983295.2085999995, "Roads": [ [ 1358, 1359, 1375, 1390 ] ], "NeighboringIntersections": "[[{715: 6.080257774719902, 751: 5.380382432822005}]]" }, "geometry": { "type": "Point", "coordinates": [ 461748.724200000055134, 4983295.208599999547005 ] } },
{ "type": "Feature", "properties": { "OBJECTID": 13317, "POINT_X": 461749.2111, "POINT_Y": 4983560.2836000007, "Roads": [ [ 1306, 1360, 1450 ] ], "NeighboringIntersections": "[[{718: 6.3710640978541395, 784: 19.827391092254008}]]" }, "geometry": { "type": "Point", "coordinates": [ 461749.211099999956787, 4983560.283600000664592 ] } },
{ "type": "Feature", "properties": { "OBJECTID": 13318, "POINT_X": 461749.227, "POINT_Y": 4985654.3664999995, "Roads": [ [ 1361, 1362, 1376 ] ], "NeighboringIntersections": "[[{724: 9.753171829450794, 743: 8.476400863470227}]]" }, "geometry": { "type": "Point", "coordinates": [ 461749.226999999955297, 4985654.366499999538064 ] } },
{ "type": "Feature", "properties": { "OBJECTID": 13319, "POINT_X": 461749.23479999974, "POINT_Y": 4990315.2371999994, "Roads": [ [ 1363, 1368, 1401 ] ], "NeighboringIntersections": "[[{697: 7.459515854582213, 739: 5.8016450311355525}]]" }, "geometry": { "type": "Point", "coordinates": [ 461749.2347999997437, 4990315.237199999392033 ] } },
{ "type": "Feature", "properties": { "OBJECTID": 13330, "POINT_X": 461754.9046, "POINT_Y": 4987994.6236000005, "Roads": [ [ 1337, 1364, 1365, 1405 ] ], "NeighboringIntersections": "[[{722: 4.321704121257218, 683: 12.785860017106678, 746: 5.762639759735927, 759: 8.39002495557766}]]" }, "geometry": { "type": "Point", "coordinates": [ 461754.9046, 4987994.62360000051558 ] } },
{ "type": "Feature", "properties": { "OBJECTID": 13332, "POINT_X": 461757.082, "POINT_Y": 4988634.5614999998, "Roads": [ [ 1366, 1407, 1410 ] ], "NeighboringIntersections": "[[{696: 8.540102973385753, 760: 10.159179720291858}]]" }, "geometry": { "type": "Point", "coordinates": [ 461757.082000000402331, 4988634.561499999836087 ] } },
{ "type": "Feature", "properties": { "OBJECTID": 13333, "POINT_X": 461757.28610000014, "POINT_Y": 4990212.6271000002, "Roads": [ [ 1367, 1368, 1576 ] ], "NeighboringIntersections": "[[{675: 10.979783198354164, 736: 5.8016450311355525, 850: 14.215199899588697}]]" }, "geometry": { "type": "Point", "coordinates": [ 461757.286100000143051, 4990212.627100000157952 ] } },
{ "type": "Feature", "properties": { "OBJECTID": 13340, "POINT_X": 461763.00320000015, "POINT_Y": 4981980.3189000003, "Roads": [ [ 1369, 1370, 1382 ] ], "NeighboringIntersections": "[[{725: 1.9653726900835375, 747: 3.3973847041167424}]]" }, "geometry": { "type": "Point", "coordinates": [ 461763.003200000151992, 4981980.318900000303984 ] } },
{ "type": "Feature", "properties": { "OBJECTID": 13348, "POINT_X": 461772.3903000001, "POINT_Y": 4982955.2006000001, "Roads": [ [ 1371, 1372, 1379 ] ], "NeighboringIntersections": "[[{711: 6.938541585529567, 748: 3.639078237891608, 745: 5.256453796876763}]]" }, "geometry": { "type": "Point", "coordinates": [ 461772.390300000086427, 4982955.2006 ] } },
{ "type": "Feature", "properties": { "OBJECTID": 13362, "POINT_X": 461782.98620000016, "POINT_Y": 4985470.0, "Roads": [ [ 1373, 1374, 1435 ] ], "NeighboringIntersections": "[[{708: 8.462063349623868, 743: 4.11754232065196, 777: 9.750270314201133}]]" }, "geometry": { "type": "Point", "coordinates": [ 461782.986200000159442, 4985470.0 ] } },
{ "type": "Feature", "properties": { "OBJECTID": 13368, "POINT_X": 461789.708, "POINT_Y": 4985534.073000001, "Roads": [ [ 1374, 1376, 1437 ] ], "NeighboringIntersections": "[[{742: 4.11754232065196, 735: 8.476400863470227}]]" }, "geometry": { "type": "Point", "coordinates": [ 461789.707999999634922, 4985534.073000000789762 ] } },
{ "type": "Feature", "properties": { "OBJECTID": 13369, "POINT_X": 461790.72690000013, "POINT_Y": 4981385.6469000001, "Roads": [ [ 1377, 1393, 1459 ] ], "NeighboringIntersections": "[[{653: 22.466679235654123, 752: 4.579325298975238, 788: 20.465693689890454}]]" }, "geometry": { "type": "Point", "coordinates": [ 461790.72690000012517, 4981385.6469 ] } },
{ "type": "Feature", "properties": { "OBJECTID": 13377, "POINT_X": 461805.453, "POINT_Y": 4982881.8288000003, "Roads": [ [ 1353, 1379, 1400 ] ], "NeighboringIntersections": "[[{729: 10.110072587902158, 741: 5.256453796876763, 756: 3.0418542180038655}]]" }, "geometry": { "type": "Point", "coordinates": [ 461805.45299999974668, 4982881.82880000025034 ] } },
{ "type": "Feature", "properties": { "OBJECTID": 13382, "POINT_X": 461808.75189999957, "POINT_Y": 4988066.3111000005, "Roads": [ [ 1365, 1380, 1381 ] ], "NeighboringIntersections": "[[{737: 5.762639759735927, 695: 14.327394385361355, 794: 17.31355955250202}]]" }, "geometry": { "type": "Point", "coordinates": [ 461808.751899999566376, 4988066.31110000051558 ] } },
{ "type": "Feature", "properties": { "OBJECTID": 13387, "POINT_X": 461813.60049999971, "POINT_Y": 4981964.0228000004, "Roads": [ [ 1382, 1383, 1403 ] ], "NeighboringIntersections": "[[{740: 3.3973847041167424, 757: 3.0550370313124997}]]" }, "geometry": { "type": "Point", "coordinates": [ 461813.600499999709427, 4981964.02280000038445 ] } },
{ "type": "Feature", "properties": { "OBJECTID": 13388, "POINT_X": 461814.11739999987, "POINT_Y": 4982993.7843999993, "Roads": [ [ 1372, 1384, 1385 ] ], "NeighboringIntersections": "[[{741: 3.639078237891608}]]" }, "geometry": { "type": "Point", "coordinates": [ 461814.11739999987185, 4982993.784399999305606 ] } },
{ "type": "Feature", "properties": { "OBJECTID": 13399, "POINT_X": 461818.44660000037, "POINT_Y": 4987419.3181999996, "Roads": [ [ 1346, 1387, 1440 ] ], "NeighboringIntersections": "[[{770: 12.783212064533453, 780: 11.956000509947211}]]" }, "geometry": { "type": "Point", "coordinates": [ 461818.446600000374019, 4987419.318199999630451 ] } },
{ "type": "Feature", "properties": { "OBJECTID": 13402, "POINT_X": 461820.18719999958, "POINT_Y": 4983419.3176000006, "Roads": [ [ 1388, 1391, 1452 ] ], "NeighboringIntersections": "[[{751: 6.182051313295045, 785: 14.857500190977833}]]" }, "geometry": { "type": "Point", "coordinates": [ 461820.187199999578297, 4983419.317600000649691 ] } },
{ "type": "Feature", "properties": { "OBJECTID": 13408, "POINT_X": 461826.49309999961, "POINT_Y": 4983324.565, "Roads": [ [ 1390, 1391, 1404 ] ], "NeighboringIntersections": "[[{733: 5.380382432822005, 750: 6.182051313295045, 758: 3.0200659564903924}]]" }, "geometry": { "type": "Point", "coordinates": [ 461826.49309999961406, 4983324.564999999478459 ] } },
{ "type": "Feature", "properties": { "OBJECTID": 13409, "POINT_X": 461828.08559999987, "POINT_Y": 4981325.2433000002, "Roads": [ [ 1392, 1393, 1460 ] ], "NeighboringIntersections": "[[{649: 24.282695260648644, 744: 4.579325298975238, 788: 10.314841240812193}]]" }, "geometry": { "type": "Point", "coordinates": [ 461828.08559999987483, 4981325.243300000205636 ] } },
{ "type": "Feature", "properties": { "OBJECTID": 13416, "POINT_X": 461835.35819999967, "POINT_Y": 4989297.4756000005, "Roads": [ [ 1395, 1406, 1432 ] ], "NeighboringIntersections": "[[{720: 7.428310222533638, 775: 5.711741338233712}]]" }, "geometry": { "type": "Point", "coordinates": [ 461835.358199999667704, 4989297.475600000470877 ] } },
{ "type": "Feature", "properties": { "OBJECTID": 13420, "POINT_X": 461843.15529999975, "POINT_Y": 4986629.2309000008, "Roads": [ [ 1396, 1530, 1532 ] ], "NeighboringIntersections": "[[{728: 6.063633011157978, 825: 22.314874873029105, 826: 11.678605717279552}]]" }, "geometry": { "type": "Point", "coordinates": [ 461843.155299999751151, 4986629.230900000780821 ] } },
{ "type": "Feature", "properties": { "OBJECTID": 13423, "POINT_X": 461846.7921000002, "POINT_Y": 4981575.419, "Roads": [ [ 1397, 1418, 1427 ] ], "NeighboringIntersections": "[[{693: 19.879413030590808, 765: 9.654544257435212}]]" }, "geometry": { "type": "Point", "coordinates": [ 461846.792100000195205, 4981575.418999999761581 ] } },
{ "type": "Feature", "properties": { "OBJECTID": 13426, "POINT_X": 461852.93290000036, "POINT_Y": 4982885.1234000009, "Roads": [ [ 1400, 1434, 1466 ] ], "NeighboringIntersections": "[[{745: 3.0418542180038655, 776: 5.140189858265139, 790: 13.280066538561082}]]" }, "geometry": { "type": "Point", "coordinates": [ 461852.932900000363588, 4982885.123400000855327 ] } },
{ "type": "Feature", "properties": { "OBJECTID": 13429, "POINT_X": 461859.41959999967, "POINT_Y": 4981950.4291999992, "Roads": [ [ 1399, 1403, 1423 ] ], "NeighboringIntersections": "[[{747: 3.0550370313124997, 769: 2.9312146175278015}]]" }, "geometry": { "type": "Point", "coordinates": [ 461859.419599999673665, 4981950.429199999198318 ] } },
{ "type": "Feature", "properties": { "OBJECTID": 13449, "POINT_X": 461871.97609999962, "POINT_Y": 4983336.5164000001, "Roads": [ [ 1321, 1404, 1453 ] ], "NeighboringIntersections": "[[{715: 35.76412700436164, 751: 3.0200659564903924, 785: 9.147980004932908}]]" }, "geometry": { "type": "Point", "coordinates": [ 461871.976099999621511, 4983336.5164 ] } },
{ "type": "Feature", "properties": { "OBJECTID": 13452, "POINT_X": 461872.717, "POINT_Y": 4987938.0686000008, "Roads": [ [ 1405, 1438, 1570 ] ], "NeighboringIntersections": "[[{737: 8.39002495557766, 779: 4.957168228746511, 846: 12.157202353627817}]]" }, "geometry": { "type": "Point", "coordinates": [ 461872.717000000178814, 4987938.068600000813603 ] } },
{ "type": "Feature", "properties": { "OBJECTID": 13454, "POINT_X": 461874.69560000021, "POINT_Y": 4988764.943, "Roads": [ [ 1407, 1408, 1409 ] ], "NeighboringIntersections": "[[{738: 10.159179720291858, 783: 18.007109209067256}]]" }, "geometry": { "type": "Point", "coordinates": [ 461874.695600000210106, 4988764.943 ] } },
{ "type": "Feature", "properties": { "OBJECTID": 13458, "POINT_X": 461881.9682, "POINT_Y": 4986858.4417000003, "Roads": [ [ 1402, 1411, 1436 ] ], "NeighboringIntersections": "[[{767: 4.166591786117931, 778: 6.361852294940709}]]" }, "geometry": { "type": "Point", "coordinates": [ 461881.9682, 4986858.441700000315905 ] } },
{ "type": "Feature", "properties": { "OBJECTID": 13459, "POINT_X": 461882.7917, "POINT_Y": 4989699.7745999992, "Roads": [ [ 1412, 1413, 1572 ] ], "NeighboringIntersections": "[[{732: 7.588398260804434, 847: 12.4869589681242}]]" }, "geometry": { "type": "Point", "coordinates": [ 461882.791699999943376, 4989699.774599999189377 ] } },
{ "type": "Feature", "properties": { "OBJECTID": 13461, "POINT_X": 461886.41150000039, "POINT_Y": 4984200.8875999991, "Roads": [ [ 1414, 1416, 1443 ] ], "NeighboringIntersections": "[[{774: 10.27148801471388, 764: 7.383489135527}]]" }, "geometry": { "type": "Point", "coordinates": [ 461886.411500000394881, 4984200.887599999085069 ] } },
{ "type": "Feature", "properties": { "OBJECTID": 13462, "POINT_X": 461886.92119999975, "POINT_Y": 4984085.3637000006, "Roads": [ [ 1415, 1416, 1442, 1498 ] ], "NeighboringIntersections": "[[{763: 7.383489135527, 808: 18.161089324090153}]]" }, "geometry": { "type": "Point", "coordinates": [ 461886.92119999974966, 4984085.363700000569224 ] } },
{ "type": "Feature", "properties": { "OBJECTID": 13465, "POINT_X": 461891.07210000046, "POINT_Y": 4981715.5778000001, "Roads": [ [ 1417, 1418, 1553 ] ], "NeighboringIntersections": "[[{693: 18.715685644823463, 755: 9.654544257435212, 837: 12.031283677044069}]]" }, "geometry": { "type": "Point", "coordinates": [ 461891.072100000455976, 4981715.5778 ] } },
{ "type": "Feature", "properties": { "OBJECTID": 13466, "POINT_X": 461895.00019999966, "POINT_Y": 4982257.7065999992, "Roads": [ [ 1398, 1419, 1457 ] ], "NeighboringIntersections": "[[{723: 10.905274533250363, 787: 5.617383630668475}]]" }, "geometry": { "type": "Point", "coordinates": [ 461895.000199999660254, 4982257.706599999219179 ] } },
{ "type": "Feature", "properties": { "OBJECTID": 13475, "POINT_X": 461900.1838999996, "POINT_Y": 4986915.8500999995, "Roads": [ [ 1411, 1420, 1421 ] ], "NeighboringIntersections": "[[{761: 4.166591786117931, 782: 4.3507154205842475}]]" }, "geometry": { "type": "Point", "coordinates": [ 461900.183899999596179, 4986915.850099999457598 ] } },
{ "type": "Feature", "properties": { "OBJECTID": 13477, "POINT_X": 461901.5418999996, "POINT_Y": 4984628.0197000001, "Roads": [ [ 1422, 1431, 1505 ] ], "NeighboringIntersections": "[[{774: 19.781757610562444, 811: 9.50760518538639}]]" }, "geometry": { "type": "Point", "coordinates": [ 461901.541899999603629, 4984628.0197 ] } },
{ "type": "Feature", "properties": { "OBJECTID": 13481, "POINT_X": 461903.81940000039, "POINT_Y": 4981938.9573999997, "Roads": [ [ 1423, 1424, 1539 ] ], "NeighboringIntersections": "[[{757: 2.9312146175278015, 830: 10.468177289125213}]]" }, "geometry": { "type": "Point", "coordinates": [ 461903.81940000038594, 4981938.957399999722838 ] } },
{ "type": "Feature", "properties": { "OBJECTID": 13489, "POINT_X": 461911.296, "POINT_Y": 4987589.1286999993, "Roads": [ [ 1387, 1426, 1454 ] ], "NeighboringIntersections": "[[{749: 12.783212064533453, 730: 13.145379231831706, 786: 6.043109967662612}]]" }, "geometry": { "type": "Point", "coordinates": [ 461911.296000000089407, 4987589.128699999302626 ] } },
{ "type": "Feature", "properties": { "OBJECTID": 13492, "POINT_X": 461914.30069999956, "POINT_Y": 4989447.9011000004, "Roads": [ [ 1332, 1433, 1458 ] ], "NeighboringIntersections": "[[{720: 16.46558989542488, 775: 6.444861612505621}]]" }, "geometry": { "type": "Point", "coordinates": [ 461914.300699999555945, 4989447.901100000366569 ] } },
{ "type": "Feature", "properties": { "OBJECTID": 13508, "POINT_X": 461925.2028000001, "POINT_Y": 4987805.6897, "Roads": [ [ 1349, 1428, 1429 ] ], "NeighboringIntersections": "[[{726: 13.272448027105535, 779: 7.711457656685207}]]" }, "geometry": { "type": "Point", "coordinates": [ 461925.202800000086427, 4987805.6897 ] } },
{ "type": "Feature", "properties": { "OBJECTID": 13512, "POINT_X": 461925.50119999982, "POINT_Y": 4987275.8874999993, "Roads": [ [ 1441, 1446, 1456 ] ], "NeighboringIntersections": "[[{780: 2.5171097144314687, 782: 36.225936098482904}]]" }, "geometry": { "type": "Point", "coordinates": [ 461925.501199999824166, 4987275.887499999254942 ] } },
{ "type": "Feature", "properties": { "OBJECTID": 13516, "POINT_X": 461928.49330000021, "POINT_Y": 4984350.548, "Roads": [ [ 1414, 1430, 1431, 1501 ] ], "NeighboringIntersections": "[[{763: 10.27148801471388, 768: 19.781757610562444, 809: 7.760149849232206}]]" }, "geometry": { "type": "Point", "coordinates": [ 461928.493300000205636, 4984350.548000000417233 ] } },
{ "type": "Feature", "properties": { "OBJECTID": 13519, "POINT_X": 461930.0115, "POINT_Y": 4989335.4060999993, "Roads": [ [ 1432, 1433, 1465, 1565 ] ], "NeighboringIntersections": "[[{753: 5.711741338233712, 771: 6.444861612505621, 843: 7.508821069219515}]]" }, "geometry": { "type": "Point", "coordinates": [ 461930.011500000022352, 4989335.406099999323487 ] } },
{ "type": "Feature", "properties": { "OBJECTID": 13521, "POINT_X": 461931.4852, "POINT_Y": 4982899.675000001, "Roads": [ [ 1434, 1439, 1467 ] ], "NeighboringIntersections": "[[{756: 5.140189858265139, 790: 4.1237444325218195}]]" }, "geometry": { "type": "Point", "coordinates": [ 461931.4852, 4982899.675000000745058 ] } },
{ "type": "Feature", "properties": { "OBJECTID": 13522, "POINT_X": 461932.54910000041, "POINT_Y": 4985474.5227000006, "Roads": [ [ 1435, 1484, 1486 ] ], "NeighboringIntersections": "[[{742: 9.750270314201133, 800: 7.330007191634576, 801: 8.09561203504808}]]" }, "geometry": { "type": "Point", "coordinates": [ 461932.549100000411272, 4985474.522700000554323 ] } },
{ "type": "Feature", "properties": { "OBJECTID": 13527, "POINT_X": 461938.292, "POINT_Y": 4986779.0258000009, "Roads": [ [ 1436, 1464, 1534 ] ], "NeighboringIntersections": "[[{761: 6.361852294940709, 827: 7.919219311197699}]]" }, "geometry": { "type": "Point", "coordinates": [ 461938.292000000365078, 4986779.025800000876188 ] } },
{ "type": "Feature", "properties": { "OBJECTID": 13538, "POINT_X": 461948.14240000024, "POINT_Y": 4987922.8022000007, "Roads": [ [ 1428, 1438, 1568 ] ], "NeighboringIntersections": "[[{772: 7.711457656685207, 759: 4.957168228746511, 845: 7.322879048949225}]]" }, "geometry": { "type": "Point", "coordinates": [ 461948.142400000244379, 4987922.802200000733137 ] } },
{ "type": "Feature", "properties": { "OBJECTID": 13544, "POINT_X": 461957.1124, "POINT_Y": 4987299.3781000003, "Roads": [ [ 1440, 1441, 1541 ] ], "NeighboringIntersections": "[[{749: 11.956000509947211, 773: 2.5171097144314687, 831: 6.666867788589484}]]" }, "geometry": { "type": "Point", "coordinates": [ 461957.112399999983609, 4987299.378100000321865 ] } },
{ "type": "Feature", "properties": { "OBJECTID": 13549, "POINT_X": 461962.6612, "POINT_Y": 4982496.9517000001, "Roads": [ [ 1444, 1445, 1469, 1557 ] ], "NeighboringIntersections": "[[{712: 14.185420198482037, 792: 2.1946940225788216, 839: 4.926691861618261}]]" }, "geometry": { "type": "Point", "coordinates": [ 461962.661199999973178, 4982496.9517 ] } },
{ "type": "Feature", "properties": { "OBJECTID": 13553, "POINT_X": 461965.9096, "POINT_Y": 4986930.0159000009, "Roads": [ [ 1421, 1446, 1449 ] ], "NeighboringIntersections": "[[{767: 4.3507154205842475, 773: 36.225936098482904}]]" }, "geometry": { "type": "Point", "coordinates": [ 461965.909599999897182, 4986930.015900000929832 ] } },
{ "type": "Feature", "properties": { "OBJECTID": 13554, "POINT_X": 461967.83029999956, "POINT_Y": 4988951.8603000008, "Roads": [ [ 1409, 1447, 1448 ] ], "NeighboringIntersections": "[[{760: 18.007109209067256, 719: 15.642869465593384}]]" }, "geometry": { "type": "Point", "coordinates": [ 461967.830299999564886, 4988951.860300000756979 ] } },
{ "type": "Feature", "properties": { "OBJECTID": 13558, "POINT_X": 461972.32079999987, "POINT_Y": 4983730.9876000006, "Roads": [ [ 1450, 1451, 1496 ] ], "NeighboringIntersections": "[[{734: 19.827391092254008, 807: 4.634353284702993}]]" }, "geometry": { "type": "Point", "coordinates": [ 461972.32079999987036, 4983730.987600000575185 ] } },
{ "type": "Feature", "properties": { "OBJECTID": 13560, "POINT_X": 461974.32930000033, "POINT_Y": 4983432.8681000005, "Roads": [ [ 1452, 1453, 1489 ] ], "NeighboringIntersections": "[[{750: 14.857500190977833, 758: 9.147980004932908, 803: 4.215595047217812}]]" }, "geometry": { "type": "Point", "coordinates": [ 461974.329300000332296, 4983432.868100000545382 ] } },
{ "type": "Feature", "properties": { "OBJECTID": 13562, "POINT_X": 461977.36479999963, "POINT_Y": 4987647.6458000001, "Roads": [ [ 1454, 1455, 1559 ] ], "NeighboringIntersections": "[[{770: 6.043109967662612, 840: 5.521064139587303}]]" }, "geometry": { "type": "Point", "coordinates": [ 461977.364799999631941, 4987647.6458 ] } },
{ "type": "Feature", "properties": { "OBJECTID": 13564, "POINT_X": 461982.42140000034, "POINT_Y": 4982265.0527, "Roads": [ [ 1457, 1461, 1524 ] ], "NeighboringIntersections": "[[{766: 5.617383630668475, 822: 4.35289353482143}]]" }, "geometry": { "type": "Point", "coordinates": [ 461982.421400000341237, 4982265.052699999883771 ] } },
{ "type": "Feature", "properties": { "OBJECTID": 13567, "POINT_X": 461983.5477, "POINT_Y": 4981299.3307000007, "Roads": [ [ 1459, 1460, 1551 ] ], "NeighboringIntersections": "[[{744: 20.465693689890454, 752: 10.314841240812193, 836: 4.703334288920771}]]" }, "geometry": { "type": "Point", "coordinates": [ 461983.5477, 4981299.330700000748038 ] } },
{ "type": "Feature", "properties": { "OBJECTID": 13568, "POINT_X": 461984.64719999954, "POINT_Y": 4989079.146, "Roads": [ [ 1462, 1463, 1561 ] ], "NeighboringIntersections": "[[{727: 14.003582658393519, 841: 4.256145369829047}]]" }, "geometry": { "type": "Point", "coordinates": [ 461984.647199999541044, 4989079.145999999716878 ] } },
{ "type": "Feature", "properties": { "OBJECTID": 13571, "POINT_X": 461990.37079999968, "POINT_Y": 4982925.8961999994, "Roads": [ [ 1466, 1467, 1512 ] ], "NeighboringIntersections": "[[{756: 13.280066538561082, 776: 4.1237444325218195, 815: 3.427945204392679}]]" }, "geometry": { "type": "Point", "coordinates": [ 461990.370799999684095, 4982925.896199999377131 ] } },
{ "type": "Feature", "properties": { "OBJECTID": 13574, "POINT_X": 461993.81130000018, "POINT_Y": 4985771.092, "Roads": [ [ 1425, 1468, 1491 ] ], "NeighboringIntersections": "[[{724: 17.916783680259762, 804: 2.9802629366373257}]]" }, "geometry": { "type": "Point", "coordinates": [ 461993.811300000175834, 4985771.092000000178814 ] } },
{ "type": "Feature", "properties": { "OBJECTID": 13589, "POINT_X": 462005.98340000026, "POINT_Y": 4982493.8932000007, "Roads": [ [ 1469, 1470, 1555 ] ], "NeighboringIntersections": "[[{781: 2.1946940225788216, 835: 4.1706158856389175, 838: 2.664422697263742}]]" }, "geometry": { "type": "Point", "coordinates": [ 462005.98340000025928, 4982493.893200000748038 ] } },
{ "type": "Feature", "properties": { "OBJECTID": 13602, "POINT_X": 462011.091, "POINT_Y": 4980681.2928, "Roads": [ [ 1471, 1472, 1474 ] ], "NeighboringIntersections": "[[{682: 28.858982211450407, 795: 1.074083388049372}]]" }, "geometry": { "type": "Point", "coordinates": [ 462011.091000000014901, 4980681.2928 ] } },
{ "type": "Feature", "properties": { "OBJECTID": 13610, "POINT_X": 462023.01719999965, "POINT_Y": 4988202.6492999997, "Roads": [ [ 1381, 1473, 1563 ] ], "NeighboringIntersections": "[[{746: 17.31355955250202, 842: 2.731562777049754}]]" }, "geometry": { "type": "Point", "coordinates": [ 462023.017199999652803, 4988202.649299999698997 ] } },
{ "type": "Feature", "properties": { "OBJECTID": 13611, "POINT_X": 462023.18269999977, "POINT_Y": 4980692.964, "Roads": [ [ 1474, 1475, 1493 ] ], "NeighboringIntersections": "[[{793: 1.074083388049372, 805: 1.6522973678755326}]]" }, "geometry": { "type": "Point", "coordinates": [ 462023.182699999772012, 4980692.963999999687076 ] } },
{ "type": "Feature", "properties": { "OBJECTID": 13622, "POINT_X": 462032.07490000036, "POINT_Y": 4985125.8955000006, "Roads": [ [ 1476, 1477, 1482, 1517 ] ], "NeighboringIntersections": "[[{564: 37.09971868076578, 797: 1.4730180763324678, 799: 15.819720951628373, 818: 0.6773326235041313}]]" }, "geometry": { "type": "Point", "coordinates": [ 462032.074900000356138, 4985125.895500000566244 ] } },
{ "type": "Feature", "properties": { "OBJECTID": 13623, "POINT_X": 462032.32249999978, "POINT_Y": 4985148.9416000005, "Roads": [ [ 1477, 1478, 1479, 1519 ] ], "NeighboringIntersections": "[[{796: 1.4730180763324678, 554: 39.25047668784677, 798: 14.355179730486592, 819: 0.6811493713260538}]]" }, "geometry": { "type": "Point", "coordinates": [ 462032.322499999776483, 4985148.941600000485778 ] } },
{ "type": "Feature", "properties": { "OBJECTID": 13625, "POINT_X": 462034.0269, "POINT_Y": 4985373.5310999993, "Roads": [ [ 1479, 1480, 1481, 1522 ] ], "NeighboringIntersections": "[[{797: 14.355179730486592, 800: 9.169356421780734, 821: 1.032799436707487}]]" }, "geometry": { "type": "Point", "coordinates": [ 462034.026899999938905, 4985373.531099999323487 ] } },
{ "type": "Feature", "properties": { "OBJECTID": 13629, "POINT_X": 462037.568, "POINT_Y": 4984880.2112000007, "Roads": [ [ 1482, 1483, 1488, 1798 ] ], "NeighboringIntersections": "[[{796: 15.819720951628373, 817: 12.201288317505782, 802: 10.478862418167523, 973: 26.086278391761}]]" }, "geometry": { "type": "Point", "coordinates": [ 462037.567999999970198, 4984880.211200000718236 ] } },
{ "type": "Feature", "properties": { "OBJECTID": 13630, "POINT_X": 462037.73220000044, "POINT_Y": 4985516.9404000007, "Roads": [ [ 1481, 1484, 1485, 1526 ] ], "NeighboringIntersections": "[[{798: 9.169356421780734, 777: 7.330007191634576, 801: 1.1329783396887545, 823: 0.8334351559578816}]]" }, "geometry": { "type": "Point", "coordinates": [ 462037.732200000435114, 4985516.940400000661612 ] } },
{ "type": "Feature", "properties": { "OBJECTID": 13631, "POINT_X": 462037.856, "POINT_Y": 4985534.667, "Roads": [ [ 1485, 1486, 1487, 1528 ] ], "NeighboringIntersections": "[[{800: 1.1329783396887545, 777: 8.09561203504808, 804: 14.82915877359519, 824: 0.8396297750027593}]]" }, "geometry": { "type": "Point", "coordinates": [ 462037.855999999679625, 4985534.666999999433756 ] } },
{ "type": "Feature", "properties": { "OBJECTID": 13633, "POINT_X": 462038.95249999966, "POINT_Y": 4984716.3343000002, "Roads": [ [ 1488, 1506, 1790 ] ], "NeighboringIntersections": "[[{799: 10.478862418167523, 811: 8.269602764744167, 968: 30.611493583770464}]]" }, "geometry": { "type": "Point", "coordinates": [ 462038.952499999664724, 4984716.334300000220537 ] } },
{ "type": "Feature", "properties": { "OBJECTID": 13634, "POINT_X": 462039.40639999975, "POINT_Y": 4983438.57, "Roads": [ [ 1489, 1490, 1513, 1669 ] ], "NeighboringIntersections": "[[{785: 4.215595047217812, 807: 19.841602060132473, 815: 32.337707521696444, 904: 15.907268629779686}]]" }, "geometry": { "type": "Point", "coordinates": [ 462039.40639999974519, 4983438.570000000298023 ] } },
{ "type": "Feature", "properties": { "OBJECTID": 13637, "POINT_X": 462039.80179999955, "POINT_Y": 4985766.6807000004, "Roads": [ [ 1487, 1491, 1492, 1537 ] ], "NeighboringIntersections": "[[{801: 14.82915877359519, 791: 2.9802629366373257, 810: 9.677742932240543, 829: 0.8593030933695248}]]" }, "geometry": { "type": "Point", "coordinates": [ 462039.801799999549985, 4985766.680700000375509 ] } },
{ "type": "Feature", "properties": { "OBJECTID": 13638, "POINT_X": 462040.37289999984, "POINT_Y": 4980712.2732999995, "Roads": [ [ 1493, 1494, 1772 ] ], "NeighboringIntersections": "[[{795: 1.6522973678755326, 806: 12.796573819585118, 958: 26.440663847771763}]]" }, "geometry": { "type": "Point", "coordinates": [ 462040.372899999842048, 4980712.273299999535084 ] } },
{ "type": "Feature", "properties": { "OBJECTID": 13639, "POINT_X": 462040.59410000034, "POINT_Y": 4980911.2325999998, "Roads": [ [ 1494, 1495, 1775 ] ], "NeighboringIntersections": "[[{805: 12.796573819585118, 816: 7.00009358714815, 960: 24.952047024321065}]]" }, "geometry": { "type": "Point", "coordinates": [ 462040.594100000336766, 4980911.232599999755621 ] } },
{ "type": "Feature", "properties": { "OBJECTID": 13641, "POINT_X": 462040.847, "POINT_Y": 4983749.0163000003, "Roads": [ [ 1490, 1496, 1497, 1601, 1603 ] ], "NeighboringIntersections": "[[{803: 19.841602060132473, 784: 4.634353284702993, 808: 12.863754855167933, 865: 6.815871691887849, 866: 7.092577080804638}]]" }, "geometry": { "type": "Point", "coordinates": [ 462040.847000000067055, 4983749.01630000025034 ] } },
{ "type": "Feature", "properties": { "OBJECTID": 13642, "POINT_X": 462040.92129999958, "POINT_Y": 4983950.2873999998, "Roads": [ [ 1497, 1498, 1499, 1500 ] ], "NeighboringIntersections": "[[{807: 12.863754855167933, 764: 18.161089324090153, 812: 9.74605648286759, 975: 46.47035176154305}]]" }, "geometry": { "type": "Point", "coordinates": [ 462040.921299999579787, 4983950.287399999797344 ] } },
{ "type": "Feature", "properties": { "OBJECTID": 13643, "POINT_X": 462041.32160000037, "POINT_Y": 4984314.3027999997, "Roads": [ [ 1501, 1502, 1507, 1587 ] ], "NeighboringIntersections": "[[{774: 7.760149849232206, 811: 17.426705966913328, 812: 13.51916421314463, 856: 3.827745392167677}]]" }, "geometry": { "type": "Point", "coordinates": [ 462041.321600000374019, 4984314.302799999713898 ] } },
{ "type": "Feature", "properties": { "OBJECTID": 13644, "POINT_X": 462041.38609999977, "POINT_Y": 4985918.0942000002, "Roads": [ [ 1492, 1503, 1504 ] ], "NeighboringIntersections": "[[{804: 9.677742932240543, 813: 7.986495602657978}]]" }, "geometry": { "type": "Point", "coordinates": [ 462041.386099999770522, 4985918.094200000166893 ] } },
{ "type": "Feature", "properties": { "OBJECTID": 13645, "POINT_X": 462041.40330000035, "POINT_Y": 4984586.968, "Roads": [ [ 1502, 1505, 1506 ] ], "NeighboringIntersections": "[[{809: 17.426705966913328, 768: 9.50760518538639, 802: 8.269602764744167}]]" }, "geometry": { "type": "Point", "coordinates": [ 462041.403300000354648, 4984586.968000000342727 ] } },
{ "type": "Feature", "properties": { "OBJECTID": 13646, "POINT_X": 462041.57430000044, "POINT_Y": 4984102.7766999993, "Roads": [ [ 1499, 1507, 1584 ] ], "NeighboringIntersections": "[[{808: 9.74605648286759, 809: 13.51916421314463, 855: 3.2811243028141948}]]" }, "geometry": { "type": "Point", "coordinates": [ 462041.574300000444055, 4984102.776699999347329 ] } },
{ "type": "Feature", "properties": { "OBJECTID": 13647, "POINT_X": 462042.577, "POINT_Y": 4986043.0479000006, "Roads": [ [ 1504, 1508, 1509, 1546 ] ], "NeighboringIntersections": "[[{810: 7.986495602657978, 651: 34.01655967849861, 814: 0.8661716176715399, 833: 0.664247140496033}]]" }, "geometry": { "type": "Point", "coordinates": [ 462042.576999999582767, 4986043.047900000587106 ] } },
{ "type": "Feature", "properties": { "OBJECTID": 13648, "POINT_X": 462042.64439999964, "POINT_Y": 4986056.6001999993, "Roads": [ [ 1509, 1510, 1511, 1548 ] ], "NeighboringIntersections": "[[{813: 0.8661716176715399, 648: 34.40886111555426, 820: 13.332000439955388, 834: 0.6674707580228754}]]" }, "geometry": { "type": "Point", "coordinates": [ 462042.644399999640882, 4986056.600199999287724 ] } },
{ "type": "Feature", "properties": { "OBJECTID": 13649, "POINT_X": 462043.331, "POINT_Y": 4982932.7381999996, "Roads": [ [ 1512, 1513, 1558, 1582, 1617, 1619 ] ], "NeighboringIntersections": "[[{790: 3.427945204392679, 803: 32.337707521696444, 839: 26.375912431535312, 853: 23.361888239955462, 876: 8.493301442458105, 877: 8.793222694101377}]]" }, "geometry": { "type": "Point", "coordinates": [ 462043.331000000238419, 4982932.738199999555945 ] } },
{ "type": "Feature", "properties": { "OBJECTID": 13650, "POINT_X": 462045.8246, "POINT_Y": 4981020.6338999998, "Roads": [ [ 1495, 1514, 1780 ] ], "NeighboringIntersections": "[[{806: 7.00009358714815, 836: 17.775764045423564, 962: 24.798317367775105}]]" }, "geometry": { "type": "Point", "coordinates": [ 462045.824599999934435, 4981020.633899999782443 ] } },
{ "type": "Feature", "properties": { "OBJECTID": 13652, "POINT_X": 462047.814, "POINT_Y": 4985070.4266, "Roads": [ [ 1483, 1515, 1516 ] ], "NeighboringIntersections": "[[{799: 12.201288317505782, 818: 3.4029090977484167, 858: 5.841129252634207}]]" }, "geometry": { "type": "Point", "coordinates": [ 462047.814000000245869, 4985070.426599999889731 ] } },
{ "type": "Feature", "properties": { "OBJECTID": 13654, "POINT_X": 462048.5784, "POINT_Y": 4985123.6641000006, "Roads": [ [ 1515, 1517, 1518, 1591 ] ], "NeighboringIntersections": "[[{817: 3.4029090977484167, 796: 0.6773326235041313, 819: 1.4891932437935156, 858: 2.8522789877747847}]]" }, "geometry": { "type": "Point", "coordinates": [ 462048.5784, 4985123.664100000634789 ] } },
{ "type": "Feature", "properties": { "OBJECTID": 13655, "POINT_X": 462048.95260000043, "POINT_Y": 4985146.9616, "Roads": [ [ 1518, 1519, 1520, 1893 ] ], "NeighboringIntersections": "[[{818: 1.4891932437935156, 797: 0.6811493713260538, 821: 14.476276327706884, 1022: 32.68230102131111}]]" }, "geometry": { "type": "Point", "coordinates": [ 462048.952600000426173, 4985146.9616 ] } },
{ "type": "Feature", "properties": { "OBJECTID": 13656, "POINT_X": 462049.66480000038, "POINT_Y": 4986264.8765999991, "Roads": [ [ 1511, 1521, 1549 ] ], "NeighboringIntersections": "[[{814: 13.332000439955388, 825: 14.070592294804849, 834: 13.377165043501112}]]" }, "geometry": { "type": "Point", "coordinates": [ 462049.664800000376999, 4986264.876599999144673 ] } },
{ "type": "Feature", "properties": { "OBJECTID": 13657, "POINT_X": 462050.18630000018, "POINT_Y": 4985373.4520999994, "Roads": [ [ 1520, 1522, 1523, 1635 ] ], "NeighboringIntersections": "[[{819: 14.476276327706884, 798: 1.032799436707487, 823: 9.168259500231244}]]" }, "geometry": { "type": "Point", "coordinates": [ 462050.186300000175834, 4985373.452099999412894 ] } },
{ "type": "Feature", "properties": { "OBJECTID": 13658, "POINT_X": 462050.5143, "POINT_Y": 4982266.4166000001, "Roads": [ [ 1524, 1525, 1540 ] ], "NeighboringIntersections": "[[{787: 4.35289353482143, 832: 7.006524376898327, 830: 22.902397920954783}]]" }, "geometry": { "type": "Point", "coordinates": [ 462050.514299999922514, 4982266.416600000113249 ] } },
{ "type": "Feature", "properties": { "OBJECTID": 13659, "POINT_X": 462050.77240000013, "POINT_Y": 4985516.9009000007, "Roads": [ [ 1523, 1526, 1527, 1749 ] ], "NeighboringIntersections": "[[{821: 9.168259500231244, 800: 0.8334351559578816, 824: 1.1311276013422507, 947: 21.213233684719285}]]" }, "geometry": { "type": "Point", "coordinates": [ 462050.77240000013262, 4985516.900900000706315 ] } },
{ "type": "Feature", "properties": { "OBJECTID": 13660, "POINT_X": 462050.993, "POINT_Y": 4985534.5976, "Roads": [ [ 1527, 1528, 1529, 1746 ] ], "NeighboringIntersections": "[[{823: 1.1311276013422507, 801: 0.8396297750027593, 829: 14.827130032331695, 945: 21.175544373972645}]]" }, "geometry": { "type": "Point", "coordinates": [ 462050.992999999783933, 4985534.5976 ] } },
{ "type": "Feature", "properties": { "OBJECTID": 13661, "POINT_X": 462051.47879999969, "POINT_Y": 4986485.0046999995, "Roads": [ [ 1521, 1530, 1531, 1588 ] ], "NeighboringIntersections": "[[{820: 14.070592294804849, 754: 22.314874873029105, 826: 9.843043953415144, 857: 3.815806022098848}]]" }, "geometry": { "type": "Point", "coordinates": [ 462051.478799999691546, 4986485.004699999466538 ] } },
{ "type": "Feature", "properties": { "OBJECTID": 13662, "POINT_X": 462051.72879999969, "POINT_Y": 4986639.0127000008, "Roads": [ [ 1531, 1532, 1533, 1819 ] ], "NeighboringIntersections": "[[{825: 9.843043953415144, 754: 11.678605717279552, 827: 11.196741195300044, 983: 29.283252009963427}]]" }, "geometry": { "type": "Point", "coordinates": [ 462051.728799999691546, 4986639.012700000777841 ] } },
{ "type": "Feature", "properties": { "OBJECTID": 13663, "POINT_X": 462051.98670000024, "POINT_Y": 4986814.2011999991, "Roads": [ [ 1533, 1534, 1535 ] ], "NeighboringIntersections": "[[{826: 11.196741195300044, 778: 7.919219311197699, 828: 10.125827351335785}]]" }, "geometry": { "type": "Point", "coordinates": [ 462051.986700000241399, 4986814.201199999079108 ] } },
{ "type": "Feature", "properties": { "OBJECTID": 13664, "POINT_X": 462052.20110000018, "POINT_Y": 4986972.6338, "Roads": [ [ 1535, 1536, 1676 ] ], "NeighboringIntersections": "[[{827: 10.125827351335785, 831: 22.504136506814234, 908: 16.750552805220284}]]" }, "geometry": { "type": "Point", "coordinates": [ 462052.201100000180304, 4986972.6338 ] } },
{ "type": "Feature", "properties": { "OBJECTID": 13666, "POINT_X": 462053.2463999996, "POINT_Y": 4985766.577, "Roads": [ [ 1529, 1537, 1538, 1751 ] ], "NeighboringIntersections": "[[{824: 14.827130032331695, 804: 0.8593030933695248, 833: 17.669124667898174, 948: 21.127653903901926}]]" }, "geometry": { "type": "Point", "coordinates": [ 462053.246399999596179, 4985766.576999999582767 ] } },
{ "type": "Feature", "properties": { "OBJECTID": 13667, "POINT_X": 462054.65220000036, "POINT_Y": 4981908.1404999997, "Roads": [ [ 1539, 1540, 1554 ] ], "NeighboringIntersections": "[[{769: 10.468177289125213, 822: 22.902397920954783, 837: 7.368738802358114}]]" }, "geometry": { "type": "Point", "coordinates": [ 462054.652200000360608, 4981908.14049999974668 ] } },
{ "type": "Feature", "properties": { "OBJECTID": 13668, "POINT_X": 462055.17420000024, "POINT_Y": 4987324.7234000005, "Roads": [ [ 1536, 1541, 1542, 1593 ] ], "NeighboringIntersections": "[[{828: 22.504136506814234, 780: 6.666867788589484, 840: 19.07509474572433, 859: 4.283906563295924}]]" }, "geometry": { "type": "Point", "coordinates": [ 462055.174200000241399, 4987324.723400000482798 ] } },
{ "type": "Feature", "properties": { "OBJECTID": 13670, "POINT_X": 462055.93250000011, "POINT_Y": 4982375.9050999992, "Roads": [ [ 1525, 1543, 1544, 1545 ] ], "NeighboringIntersections": "[[{822: 7.006524376898327, 706: 26.02421173878849, 835: 5.775683847042214, 851: 8.736248089309479}]]" }, "geometry": { "type": "Point", "coordinates": [ 462055.932500000111759, 4982375.905099999159575 ] } },
{ "type": "Feature", "properties": { "OBJECTID": 13671, "POINT_X": 462055.93950000033, "POINT_Y": 4986043.0210999995, "Roads": [ [ 1538, 1546, 1547, 1692 ] ], "NeighboringIntersections": "[[{829: 17.669124667898174, 813: 0.664247140496033, 834: 0.854096299012699, 917: 11.14456079226541}]]" }, "geometry": { "type": "Point", "coordinates": [ 462055.939500000327826, 4986043.021099999547005 ] } },
{ "type": "Feature", "properties": { "OBJECTID": 13672, "POINT_X": 462056.06950000022, "POINT_Y": 4986056.384, "Roads": [ [ 1547, 1548, 1549, 1683 ] ], "NeighboringIntersections": "[[{833: 0.854096299012699, 814: 0.6674707580228754, 820: 13.377165043501112, 912: 10.787313916069392}]]" }, "geometry": { "type": "Point", "coordinates": [ 462056.069500000216067, 4986056.38399999961257 ] } },
{ "type": "Feature", "properties": { "OBJECTID": 13673, "POINT_X": 462056.09439999983, "POINT_Y": 4982464.8375000004, "Roads": [ [ 1470, 1544, 1550 ] ], "NeighboringIntersections": "[[{792: 4.1706158856389175, 832: 5.775683847042214, 838: 2.6315974482745004}]]" }, "geometry": { "type": "Point", "coordinates": [ 462056.094399999827147, 4982464.837500000372529 ] } },
{ "type": "Feature", "properties": { "OBJECTID": 13674, "POINT_X": 462057.13360000029, "POINT_Y": 4981298.5306000002, "Roads": [ [ 1514, 1551, 1552 ] ], "NeighboringIntersections": "[[{816: 17.775764045423564, 788: 4.703334288920771, 848: 11.256131165109819}]]" }, "geometry": { "type": "Point", "coordinates": [ 462057.133600000292063, 4981298.530600000172853 ] } },
{ "type": "Feature", "properties": { "OBJECTID": 13676, "POINT_X": 462057.5455, "POINT_Y": 4981792.884, "Roads": [ [ 1553, 1554, 1567, 1636 ] ], "NeighboringIntersections": "[[{765: 12.031283677044069, 830: 7.368738802358114, 844: 11.938715589177315, 885: 9.596032097878666}]]" }, "geometry": { "type": "Point", "coordinates": [ 462057.5455, 4981792.88399999961257 ] } },
{ "type": "Feature", "properties": { "OBJECTID": 13677, "POINT_X": 462058.17459999956, "POINT_Y": 4982505.9548000004, "Roads": [ [ 1550, 1555, 1556, 1578 ] ], "NeighboringIntersections": "[[{835: 2.6315974482745004, 792: 2.664422697263742, 839: 0.9409219528668769, 851: 0.735505299536382}]]" }, "geometry": { "type": "Point", "coordinates": [ 462058.174599999561906, 4982505.954800000414252 ] } },
{ "type": "Feature", "properties": { "OBJECTID": 13679, "POINT_X": 462058.556, "POINT_Y": 4982520.6719000004, "Roads": [ [ 1556, 1557, 1558, 1580 ] ], "NeighboringIntersections": "[[{838: 0.9409219528668769, 781: 4.926691861618261, 815: 26.375912431535312, 852: 0.7350711541972781}]]" }, "geometry": { "type": "Point", "coordinates": [ 462058.55599999986589, 4982520.671900000423193 ] } },
{ "type": "Feature", "properties": { "OBJECTID": 13680, "POINT_X": 462058.65490000043, "POINT_Y": 4987623.1592999995, "Roads": [ [ 1542, 1559, 1560 ] ], "NeighboringIntersections": "[[{831: 19.07509474572433, 786: 5.521064139587303, 845: 19.057559479117227}]]" }, "geometry": { "type": "Point", "coordinates": [ 462058.654900000430644, 4987623.159299999475479 ] } },
{ "type": "Feature", "properties": { "OBJECTID": 13681, "POINT_X": 462060.00810000021, "POINT_Y": 4989071.0604999997, "Roads": [ [ 1561, 1562, 1564, 1633 ] ], "NeighboringIntersections": "[[{789: 4.256145369829047, 843: 18.0390396430243, 842: 56.19202530436108, 884: 8.330306548123533}]]" }, "geometry": { "type": "Point", "coordinates": [ 462060.008100000210106, 4989071.060499999672174 ] } },
{ "type": "Feature", "properties": { "OBJECTID": 13682, "POINT_X": 462061.57309999969, "POINT_Y": 4988191.8668000009, "Roads": [ [ 1563, 1564, 1571, 1598 ] ], "NeighboringIntersections": "[[{794: 2.731562777049754, 841: 56.19202530436108, 846: 16.403876414158496, 862: 5.605537789288349}]]" }, "geometry": { "type": "Point", "coordinates": [ 462061.573099999688566, 4988191.866800000891089 ] } },
{ "type": "Feature", "properties": { "OBJECTID": 13683, "POINT_X": 462061.64240000024, "POINT_Y": 4989353.3016, "Roads": [ [ 1562, 1565, 1566, 1608 ] ], "NeighboringIntersections": "[[{841: 18.0390396430243, 775: 7.508821069219515, 847: 16.269517346734037, 869: 5.4801931446240735}]]" }, "geometry": { "type": "Point", "coordinates": [ 462061.642400000244379, 4989353.301599999889731 ] } },
{ "type": "Feature", "properties": { "OBJECTID": 13684, "POINT_X": 462061.67360000033, "POINT_Y": 4981606.1316999998, "Roads": [ [ 1567, 1574, 1716 ] ], "NeighboringIntersections": "[[{837: 11.938715589177315, 848: 8.412588646549166, 929: 16.775498778834386}]]" }, "geometry": { "type": "Point", "coordinates": [ 462061.673600000329316, 4981606.131699999794364 ] } },
{ "type": "Feature", "properties": { "OBJECTID": 13688, "POINT_X": 462062.70440000016, "POINT_Y": 4987921.314, "Roads": [ [ 1560, 1568, 1569, 1688 ] ], "NeighboringIntersections": "[[{840: 19.057559479117227, 779: 7.322879048949225, 846: 0.8880253585572931, 915: 13.448688297040253}]]" }, "geometry": { "type": "Point", "coordinates": [ 462062.704400000162423, 4987921.313999999314547 ] } },
{ "type": "Feature", "properties": { "OBJECTID": 13689, "POINT_X": 462062.79569999967, "POINT_Y": 4987935.2081000004, "Roads": [ [ 1569, 1570, 1571, 1689 ] ], "NeighboringIntersections": "[[{845: 0.8880253585572931, 759: 12.157202353627817, 842: 16.403876414158496, 915: 13.48941402044551}]]" }, "geometry": { "type": "Point", "coordinates": [ 462062.795699999667704, 4987935.208100000396371 ] } },
{ "type": "Feature", "properties": { "OBJECTID": 13690, "POINT_X": 462063.23089999985, "POINT_Y": 4989607.856000001, "Roads": [ [ 1566, 1572, 1573 ] ], "NeighboringIntersections": "[[{843: 16.269517346734037, 762: 12.4869589681242, 849: 20.893643563392658}]]" }, "geometry": { "type": "Point", "coordinates": [ 462063.230899999849498, 4989607.856000000610948 ] } },
{ "type": "Feature", "properties": { "OBJECTID": 13691, "POINT_X": 462063.80310000014, "POINT_Y": 4981474.5221999995, "Roads": [ [ 1552, 1574, 1597 ] ], "NeighboringIntersections": "[[{836: 11.256131165109819, 844: 8.412588646549166, 861: 4.56854416063973}]]" }, "geometry": { "type": "Point", "coordinates": [ 462063.803100000135601, 4981474.522199999541044 ] } },
{ "type": "Feature", "properties": { "OBJECTID": 13693, "POINT_X": 462065.03980000038, "POINT_Y": 4989934.7612999994, "Roads": [ [ 1573, 1575, 1609 ] ], "NeighboringIntersections": "[[{847: 20.893643563392658, 850: 17.394957517807477, 870: 6.15341031272009}]]" }, "geometry": { "type": "Point", "coordinates": [ 462065.039800000376999, 4989934.761299999430776 ] } },
{ "type": "Feature", "properties": { "OBJECTID": 13699, "POINT_X": 462072.11479999963, "POINT_Y": 4990206.8318000007, "Roads": [ [ 1575, 1576, 1577, 1702 ] ], "NeighboringIntersections": "[[{849: 17.394957517807477, 739: 14.215199899588697, 854: 9.14400031718278, 923: 10.47163213557841}]]" }, "geometry": { "type": "Point", "coordinates": [ 462072.114799999631941, 4990206.831800000742078 ] } },
{ "type": "Feature", "properties": { "OBJECTID": 13700, "POINT_X": 462072.321, "POINT_Y": 4982510.28, "Roads": [ [ 1545, 1578, 1579, 1740 ] ], "NeighboringIntersections": "[[{832: 8.736248089309479, 838: 0.735505299536382, 852: 0.9443709788762202, 942: 14.84749907498609}]]" }, "geometry": { "type": "Point", "coordinates": [ 462072.321000000461936, 4982510.279999999329448 ] } },
{ "type": "Feature", "properties": { "OBJECTID": 13701, "POINT_X": 462072.67769999988, "POINT_Y": 4982525.0516999997, "Roads": [ [ 1579, 1580, 1581, 1594 ] ], "NeighboringIntersections": "[[{851: 0.9443709788762202, 839: 0.7350711541972781, 853: 2.8118030575501725, 860: 2.9502178656308105}]]" }, "geometry": { "type": "Point", "coordinates": [ 462072.677699999883771, 4982525.051699999719858 ] } },
{ "type": "Feature", "properties": { "OBJECTID": 13702, "POINT_X": 462073.40390000027, "POINT_Y": 4982569.0395999998, "Roads": [ [ 1581, 1582, 1595 ] ], "NeighboringIntersections": "[[{852: 2.8118030575501725, 815: 23.361888239955462, 860: 4.59170701832715}]]" }, "geometry": { "type": "Point", "coordinates": [ 462073.403900000266731, 4982569.039599999785423 ] } },
{ "type": "Feature", "properties": { "OBJECTID": 13705, "POINT_X": 462075.9972000001, "POINT_Y": 4990349.8498, "Roads": [ [ 1577, 1583, 1703 ] ], "NeighboringIntersections": "[[{850: 9.14400031718278, 923: 22.831815703759748}]]" }, "geometry": { "type": "Point", "coordinates": [ 462075.997200000099838, 4990349.8498 ] } },
{ "type": "Feature", "properties": { "OBJECTID": 13717, "POINT_X": 462092.858, "POINT_Y": 4984105.1154999994, "Roads": [ [ 1584, 1585, 1586 ] ], "NeighboringIntersections": "[[{812: 3.2811243028141948, 928: 21.61104550084199}]]" }, "geometry": { "type": "Point", "coordinates": [ 462092.858, 4984105.115499999374151 ] } },
{ "type": "Feature", "properties": { "OBJECTID": 13725, "POINT_X": 462101.21190000046, "POINT_Y": 4984314.1754000001, "Roads": [ [ 1587, 1590, 1600 ] ], "NeighboringIntersections": "[[{809: 3.827745392167677, 864: 2.747788460454991}]]" }, "geometry": { "type": "Point", "coordinates": [ 462101.211900000460446, 4984314.1754 ] } },
{ "type": "Feature", "properties": { "OBJECTID": 13734, "POINT_X": 462110.86259999964, "POINT_Y": 4986489.0344999991, "Roads": [ [ 1588, 1589, 1629 ] ], "NeighboringIntersections": "[[{825: 3.815806022098848, 882: 5.257668304423467}]]" }, "geometry": { "type": "Point", "coordinates": [ 462110.862599999643862, 4986489.034499999135733 ] } },
{ "type": "Feature", "properties": { "OBJECTID": 13737, "POINT_X": 462117.60989999957, "POINT_Y": 4985111.317, "Roads": [ [ 1516, 1591, 1800 ] ], "NeighboringIntersections": "[[{817: 5.841129252634207, 818: 2.8522789877747847, 974: 14.311545410361708}]]" }, "geometry": { "type": "Point", "coordinates": [ 462117.609899999573827, 4985111.316999999806285 ] } },
{ "type": "Feature", "properties": { "OBJECTID": 13739, "POINT_X": 462122.196, "POINT_Y": 4987323.8329000007, "Roads": [ [ 1592, 1593, 1642 ] ], "NeighboringIntersections": "[[{831: 4.283906563295924, 889: 6.231052159723573}]]" }, "geometry": { "type": "Point", "coordinates": [ 462122.196000000461936, 4987323.832900000736117 ] } },
{ "type": "Feature", "properties": { "OBJECTID": 13741, "POINT_X": 462129.11830000021, "POINT_Y": 4982543.4025999997, "Roads": [ [ 1594, 1595, 1738 ] ], "NeighboringIntersections": "[[{852: 2.9502178656308105, 853: 4.59170701832715, 940: 11.770185370341277}]]" }, "geometry": { "type": "Point", "coordinates": [ 462129.118300000205636, 4982543.402599999681115 ] } },
{ "type": "Feature", "properties": { "OBJECTID": 13744, "POINT_X": 462135.28380000032, "POINT_Y": 4981474.8074999992, "Roads": [ [ 1596, 1597, 1796 ] ], "NeighboringIntersections": "[[{848: 4.56854416063973, 972: 19.785955247329255}]]" }, "geometry": { "type": "Point", "coordinates": [ 462135.283800000324845, 4981474.807499999180436 ] } },
{ "type": "Feature", "properties": { "OBJECTID": 13747, "POINT_X": 462137.74280000012, "POINT_Y": 4988233.3657000009, "Roads": [ [ 1598, 1605, 1621 ] ], "NeighboringIntersections": "[[{842: 5.605537789288349, 867: 1.7054351204756895, 878: 3.693625806991069}]]" }, "geometry": { "type": "Point", "coordinates": [ 462137.74280000012368, 4988233.36570000089705 ] } },
{ "type": "Feature", "properties": { "OBJECTID": 13750, "POINT_X": 462140.64740000013, "POINT_Y": 4988500.1006000005, "Roads": [ [ 1614, 1627 ] ], "NeighboringIntersections": "[[{873: 7.724186898548922, 881: 13.287810439799577}]]" }, "geometry": { "type": "Point", "coordinates": [ 462140.64740000013262, 4988500.100600000470877 ] } },
{ "type": "Feature", "properties": { "OBJECTID": 13751, "POINT_X": 462144.20480000041, "POINT_Y": 4984314.0839000009, "Roads": [ [ 1600, 1639, 1641 ] ], "NeighboringIntersections": "[[{856: 2.747788460454991, 888: 4.566581557285788}]]" }, "geometry": { "type": "Point", "coordinates": [ 462144.204800000414252, 4984314.08390000090003 ] } },
{ "type": "Feature", "properties": { "OBJECTID": 13752, "POINT_X": 462145.26790000033, "POINT_Y": 4983735.0626999997, "Roads": [ [ 1601, 1602, 1668 ] ], "NeighboringIntersections": "[[{807: 6.815871691887849, 866: 0.6726352067507452, 903: 27.251285648850846}]]" }, "geometry": { "type": "Point", "coordinates": [ 462145.267900000326335, 4983735.062699999660254 ] } },
{ "type": "Feature", "properties": { "OBJECTID": 13756, "POINT_X": 462149.04260000028, "POINT_Y": 4983744.8868000004, "Roads": [ [ 1602, 1603, 1604, 1672 ] ], "NeighboringIntersections": "[[{865: 0.6726352067507452, 807: 7.092577080804638, 875: 3.684222837171424, 906: 11.421461805763954}]]" }, "geometry": { "type": "Point", "coordinates": [ 462149.042600000277162, 4983744.886800000444055 ] } },
{ "type": "Feature", "properties": { "OBJECTID": 13758, "POINT_X": 462155.2418, "POINT_Y": 4988253.4126999993, "Roads": [ [ 1605, 1606, 1622 ] ], "NeighboringIntersections": "[[{862: 1.7054351204756895, 881: 5.412609609396065, 878: 2.4866282169759275}]]" }, "geometry": { "type": "Point", "coordinates": [ 462155.241799999959767, 4988253.412699999287724 ] } },
{ "type": "Feature", "properties": { "OBJECTID": 13760, "POINT_X": 462155.80289999954, "POINT_Y": 4988137.5757, "Roads": [ [ 1607, 1674 ] ], "NeighboringIntersections": "[[{907: 6.453551362667225}]]" }, "geometry": { "type": "Point", "coordinates": [ 462155.802899999544024, 4988137.5757 ] } },
{ "type": "Feature", "properties": { "OBJECTID": 13761, "POINT_X": 462155.81709999964, "POINT_Y": 4989372.0853000004, "Roads": [ [ 1608, 1613, 1735, 1767 ] ], "NeighboringIntersections": "[[{843: 5.4801931446240735, 872: 4.786317076101889, 938: 13.503431231625276, 956: 15.368256638689678}]]" }, "geometry": { "type": "Point", "coordinates": [ 462155.817099999636412, 4989372.08530000038445 ] } },
{ "type": "Feature", "properties": { "OBJECTID": 13762, "POINT_X": 462155.9035, "POINT_Y": 4989910.9822000004, "Roads": [ [ 1609, 1631, 1831 ] ], "NeighboringIntersections": "[[{849: 6.15341031272009, 883: 6.963160784264297, 988: 32.04724193213673}]]" }, "geometry": { "type": "Point", "coordinates": [ 462155.903500000014901, 4989910.982200000435114 ] } },
{ "type": "Feature", "properties": { "OBJECTID": 13766, "POINT_X": 462161.52309999987, "POINT_Y": 4987991.965, "Roads": [ [ 1611, 1695 ] ], "NeighboringIntersections": "[[{919: 8.082616391944269}]]" }, "geometry": { "type": "Point", "coordinates": [ 462161.52309999987483, 4987991.964999999850988 ] } },
{ "type": "Feature", "properties": { "OBJECTID": 13767, "POINT_X": 462162.3251, "POINT_Y": 4989451.3736000005, "Roads": [ [ 1612, 1613, 1768 ] ], "NeighboringIntersections": "[[{869: 4.786317076101889, 956: 17.491552153978596}]]" }, "geometry": { "type": "Point", "coordinates": [ 462162.325100000016391, 4989451.37360000051558 ] } },
{ "type": "Feature", "properties": { "OBJECTID": 13770, "POINT_X": 462163.19510000013, "POINT_Y": 4988502.6276999991, "Roads": [ [ 1614, 1682 ] ], "NeighboringIntersections": "[[{863: 7.724186898548922, 911: 8.194591933927699}]]" }, "geometry": { "type": "Point", "coordinates": [ 462163.19510000012815, 4988502.627699999138713 ] } },
{ "type": "Feature", "properties": { "OBJECTID": 13773, "POINT_X": 462165.01630000025, "POINT_Y": 4982996.2567999996, "Roads": [ [ 1615, 1618, 1623 ] ], "NeighboringIntersections": "[[{876: 2.174955634606816, 879: 2.1834965077580017}]]" }, "geometry": { "type": "Point", "coordinates": [ 462165.01630000025034, 4982996.256799999624491 ] } },
{ "type": "Feature", "properties": { "OBJECTID": 13776, "POINT_X": 462170.23730000015, "POINT_Y": 4983798.4937999994, "Roads": [ [ 1604, 1616, 1670 ] ], "NeighboringIntersections": "[[{866: 3.684222837171424, 905: 6.54324381755089}]]" }, "geometry": { "type": "Point", "coordinates": [ 462170.237300000153482, 4983798.49379999935627 ] } },
{ "type": "Feature", "properties": { "OBJECTID": 13777, "POINT_X": 462171.27840000018, "POINT_Y": 4982963.2607000005, "Roads": [ [ 1617, 1618, 1620, 1624 ] ], "NeighboringIntersections": "[[{815: 8.493301442458105, 874: 2.174955634606816, 877: 0.6477355097228992, 879: 0.9723516066369965}]]" }, "geometry": { "type": "Point", "coordinates": [ 462171.278400000184774, 4982963.260700000450015 ] } },
{ "type": "Feature", "properties": { "OBJECTID": 13779, "POINT_X": 462175.96810000017, "POINT_Y": 4982954.2763, "Roads": [ [ 1619, 1620, 1625, 1638 ] ], "NeighboringIntersections": "[[{815: 8.793222694101377, 876: 0.6477355097228992, 880: 0.9395664187921556, 886: 3.8130905496135825}]]" }, "geometry": { "type": "Point", "coordinates": [ 462175.968100000172853, 4982954.2763 ] } },
{ "type": "Feature", "properties": { "OBJECTID": 13786, "POINT_X": 462184.79949999973, "POINT_Y": 4988228.1129000001, "Roads": [ [ 1621, 1622, 1707 ] ], "NeighboringIntersections": "[[{862: 3.693625806991069, 867: 2.4866282169759275, 924: 8.469823469910967}]]" }, "geometry": { "type": "Point", "coordinates": [ 462184.799499999731779, 4988228.1129 ] } },
{ "type": "Feature", "properties": { "OBJECTID": 13787, "POINT_X": 462185.16909999959, "POINT_Y": 4982969.4661999997, "Roads": [ [ 1623, 1624, 1626, 1720 ] ], "NeighboringIntersections": "[[{874: 2.1834965077580017, 876: 0.9723516066369965, 880: 0.6358698127009229, 931: 10.197418375290228}]]" }, "geometry": { "type": "Point", "coordinates": [ 462185.169099999591708, 4982969.466199999675155 ] } },
{ "type": "Feature", "properties": { "OBJECTID": 13794, "POINT_X": 462189.3213, "POINT_Y": 4982960.425000001, "Roads": [ [ 1625, 1626, 1646, 1722 ] ], "NeighboringIntersections": "[[{877: 0.9395664187921556, 879: 0.6358698127009229, 891: 3.776479846220524, 932: 10.075034575452666}]]" }, "geometry": { "type": "Point", "coordinates": [ 462189.321299999952316, 4982960.425000000745058 ] } },
{ "type": "Feature", "properties": { "OBJECTID": 13795, "POINT_X": 462189.5943, "POINT_Y": 4988330.2553000003, "Roads": [ [ 1606, 1627, 1628 ] ], "NeighboringIntersections": "[[{867: 5.412609609396065, 863: 13.287810439799577, 897: 3.16938597859565}]]" }, "geometry": { "type": "Point", "coordinates": [ 462189.5943, 4988330.255300000309944 ] } },
{ "type": "Feature", "properties": { "OBJECTID": 13796, "POINT_X": 462189.82120000012, "POINT_Y": 4986511.6320999991, "Roads": [ [ 1629, 1630, 1640, 1686 ] ], "NeighboringIntersections": "[[{857: 5.257668304423467, 887: 7.206287966305718, 914: 5.40289540261188}]]" }, "geometry": { "type": "Point", "coordinates": [ 462189.82120000012219, 4986511.632099999114871 ] } },
{ "type": "Feature", "properties": { "OBJECTID": 13802, "POINT_X": 462196.7856000001, "POINT_Y": 4989814.3951999992, "Roads": [ [ 1631, 1667, 1718 ] ], "NeighboringIntersections": "[[{870: 6.963160784264297, 902: 3.0630033191622656, 930: 22.440120891328927}]]" }, "geometry": { "type": "Point", "coordinates": [ 462196.785600000061095, 4989814.395199999213219 ] } },
{ "type": "Feature", "properties": { "OBJECTID": 13809, "POINT_X": 462203.28849999979, "POINT_Y": 4989105.006, "Roads": [ [ 1633, 1634, 1710 ] ], "NeighboringIntersections": "[[{841: 8.330306548123533, 925: 7.394942687677809}]]" }, "geometry": { "type": "Point", "coordinates": [ 462203.288499999791384, 4989105.005999999120831 ] } },
{ "type": "Feature", "properties": { "OBJECTID": 13814, "POINT_X": 462206.99930000026, "POINT_Y": 4981801.7938000001, "Roads": [ [ 1599, 1636, 1713 ] ], "NeighboringIntersections": "[[{837: 9.596032097878666, 927: 7.4653054501146565}]]" }, "geometry": { "type": "Point", "coordinates": [ 462206.99930000025779, 4981801.793800000101328 ] } },
{ "type": "Feature", "properties": { "OBJECTID": 13821, "POINT_X": 462212.63939999975, "POINT_Y": 4982908.5351999998, "Roads": [ [ 1637, 1638, 1645, 1647 ] ], "NeighboringIntersections": "[[{877: 3.8130905496135825, 890: 3.824999274450239, 891: 0.6454720333318352}]]" }, "geometry": { "type": "Point", "coordinates": [ 462212.639399999752641, 4982908.535199999809265 ] } },
{ "type": "Feature", "properties": { "OBJECTID": 13823, "POINT_X": 462214.4852, "POINT_Y": 4986408.1374999993, "Roads": [ [ 1632, 1640, 1730 ] ], "NeighboringIntersections": "[[{882: 7.206287966305718, 936: 9.188073280773425}]]" }, "geometry": { "type": "Point", "coordinates": [ 462214.4852, 4986408.137499999254942 ] } },
{ "type": "Feature", "properties": { "OBJECTID": 13824, "POINT_X": 462215.6552, "POINT_Y": 4984313.9319000002, "Roads": [ [ 1641, 1650, 1724 ] ], "NeighboringIntersections": "[[{864: 4.566581557285788, 893: 3.4620729044533145, 933: 7.585103859841925}]]" }, "geometry": { "type": "Point", "coordinates": [ 462215.655199999921024, 4984313.931900000199676 ] } },
{ "type": "Feature", "properties": { "OBJECTID": 13827, "POINT_X": 462219.6810999997, "POINT_Y": 4987322.5505, "Roads": [ [ 1642, 1643, 1661, 1733 ] ], "NeighboringIntersections": "[[{859: 6.231052159723573, 899: 10.691373526508887, 937: 8.282615359860186}]]" }, "geometry": { "type": "Point", "coordinates": [ 462219.681099999696016, 4987322.550499999895692 ] } },
{ "type": "Feature", "properties": { "OBJECTID": 13828, "POINT_X": 462220.2424999997, "POINT_Y": 4982849.3285000008, "Roads": [ [ 1644, 1645, 1649, 1651 ] ], "NeighboringIntersections": "[[{886: 3.824999274450239, 892: 3.763870716265054, 894: 0.5868432849244238}]]" }, "geometry": { "type": "Point", "coordinates": [ 462220.242499999701977, 4982849.328500000759959 ] } },
{ "type": "Feature", "properties": { "OBJECTID": 13831, "POINT_X": 462222.128, "POINT_Y": 4982911.9938999992, "Roads": [ [ 1646, 1647, 1652, 1729 ] ], "NeighboringIntersections": "[[{880: 3.776479846220524, 886: 0.6454720333318352, 894: 3.8234167000640937}]]" }, "geometry": { "type": "Point", "coordinates": [ 462222.127999999560416, 4982911.993899999186397 ] } },
{ "type": "Feature", "properties": { "OBJECTID": 13836, "POINT_X": 462226.47219999973, "POINT_Y": 4982790.7678999994, "Roads": [ [ 1648, 1649, 1657, 1659 ] ], "NeighboringIntersections": "[[{890: 3.763870716265054, 896: 3.7918193932830424, 898: 0.6009757892410721}]]" }, "geometry": { "type": "Point", "coordinates": [ 462226.472199999727309, 4982790.767899999395013 ] } },
{ "type": "Feature", "properties": { "OBJECTID": 13837, "POINT_X": 462227.14960000012, "POINT_Y": 4984261.3161999993, "Roads": [ [ 1650, 1679 ] ], "NeighboringIntersections": "[[{888: 3.4620729044533145, 909: 10.387934920364996}]]" }, "geometry": { "type": "Point", "coordinates": [ 462227.149600000120699, 4984261.316199999302626 ] } },
{ "type": "Feature", "properties": { "OBJECTID": 13839, "POINT_X": 462228.8251, "POINT_Y": 4982852.5916000009, "Roads": [ [ 1651, 1652, 1660, 1705 ] ], "NeighboringIntersections": "[[{890: 0.5868432849244238, 891: 3.8234167000640937, 898: 3.795555834754462}]]" }, "geometry": { "type": "Point", "coordinates": [ 462228.825100000016391, 4982852.591600000858307 ] } },
{ "type": "Feature", "properties": { "OBJECTID": 13841, "POINT_X": 462231.0438000001, "POINT_Y": 4982669.7829, "Roads": [ [ 1653, 1654, 1655, 1680 ] ], "NeighboringIntersections": "[[{896: 3.9531218095524023, 910: 2.214211967183438}]]" }, "geometry": { "type": "Point", "coordinates": [ 462231.043800000101328, 4982669.7829 ] } },
{ "type": "Feature", "properties": { "OBJECTID": 13842, "POINT_X": 462231.11270000041, "POINT_Y": 4982731.6216000002, "Roads": [ [ 1654, 1656, 1657, 1665 ] ], "NeighboringIntersections": "[[{895: 3.9531218095524023, 892: 3.7918193932830424, 901: 0.7349741391639412}]]" }, "geometry": { "type": "Point", "coordinates": [ 462231.112700000405312, 4982731.621600000187755 ] } },
{ "type": "Feature", "properties": { "OBJECTID": 13844, "POINT_X": 462234.896, "POINT_Y": 4988345.2775, "Roads": [ [ 1628, 1658, 1711 ] ], "NeighboringIntersections": "[[{881: 3.16938597859565, 911: 6.720995045636677, 926: 6.157876029315593}]]" }, "geometry": { "type": "Point", "coordinates": [ 462234.895999999716878, 4988345.277499999850988 ] } },
{ "type": "Feature", "properties": { "OBJECTID": 13845, "POINT_X": 462235.44649999961, "POINT_Y": 4982793.5750999991, "Roads": [ [ 1659, 1660, 1666, 1706 ] ], "NeighboringIntersections": "[[{892: 0.6009757892410721, 894: 3.795555834754462, 901: 3.7927566719807553}]]" }, "geometry": { "type": "Point", "coordinates": [ 462235.44649999961257, 4982793.575099999085069 ] } },
{ "type": "Feature", "properties": { "OBJECTID": 13848, "POINT_X": 462239.2231000001, "POINT_Y": 4987159.3116999995, "Roads": [ [ 1661, 1662, 1678 ] ], "NeighboringIntersections": "[[{889: 10.691373526508887, 989: 29.445289711560946, 908: 5.939314323147316}]]" }, "geometry": { "type": "Point", "coordinates": [ 462239.223100000061095, 4987159.311699999496341 ] } },
{ "type": "Feature", "properties": { "OBJECTID": 13849, "POINT_X": 462239.553, "POINT_Y": 4987574.2370999996, "Roads": [ [ 1663, 1664, 1761 ] ], "NeighboringIntersections": "[[{913: 30.81345680428866, 953: 10.300802899281095}]]" }, "geometry": { "type": "Point", "coordinates": [ 462239.553000000305474, 4987574.237099999561906 ] } },
{ "type": "Feature", "properties": { "OBJECTID": 13852, "POINT_X": 462242.21169999987, "POINT_Y": 4982734.6307999995, "Roads": [ [ 1665, 1666, 1681, 1709 ] ], "NeighboringIntersections": "[[{896: 0.7349741391639412, 898: 3.7927566719807553, 910: 3.9669581256739677}]]" }, "geometry": { "type": "Point", "coordinates": [ 462242.21169999986887, 4982734.630799999460578 ] } },
{ "type": "Feature", "properties": { "OBJECTID": 13853, "POINT_X": 462244.5661000004, "POINT_Y": 4989818.0806000009, "Roads": [ [ 1667, 1694, 1821 ] ], "NeighboringIntersections": "[[{883: 3.0630033191622656, 918: 7.471023925026228, 984: 17.814864789461986}]]" }, "geometry": { "type": "Point", "coordinates": [ 462244.566100000403821, 4989818.080600000917912 ] } },
{ "type": "Feature", "properties": { "OBJECTID": 13855, "POINT_X": 462245.26470000017, "POINT_Y": 4983604.0845999997, "Roads": [ [ 1668, 1673, 1743 ] ], "NeighboringIntersections": "[[{865: 27.251285648850846, 906: 0.640925048779969, 943: 12.680487694171493}]]" }, "geometry": { "type": "Point", "coordinates": [ 462245.264700000174344, 4983604.084599999710917 ] } },
{ "type": "Feature", "properties": { "OBJECTID": 13856, "POINT_X": 462246.10010000039, "POINT_Y": 4983318.3355, "Roads": [ [ 1669, 1721, 1770 ] ], "NeighboringIntersections": "[[{803: 15.907268629779686, 931: 25.907519136118356, 957: 11.960756612111656}]]" }, "geometry": { "type": "Point", "coordinates": [ 462246.10010000038892, 4983318.3355 ] } },
{ "type": "Feature", "properties": { "OBJECTID": 13863, "POINT_X": 462251.571, "POINT_Y": 4983838.2412, "Roads": [ [ 1670, 1671, 1725 ] ], "NeighboringIntersections": "[[{875: 6.54324381755089}]]" }, "geometry": { "type": "Point", "coordinates": [ 462251.571000000461936, 4983838.2412 ] } },
{ "type": "Feature", "properties": { "OBJECTID": 13866, "POINT_X": 462254.4051000001, "POINT_Y": 4983608.2097999994, "Roads": [ [ 1672, 1673, 1704, 1744 ] ], "NeighboringIntersections": "[[{866: 11.421461805763954, 903: 0.640925048779969, 944: 12.465042756394528}]]" }, "geometry": { "type": "Point", "coordinates": [ 462254.405100000090897, 4983608.209799999371171 ] } },
{ "type": "Feature", "properties": { "OBJECTID": 13867, "POINT_X": 462254.57390000019, "POINT_Y": 4988127.1024999991, "Roads": [ [ 1674, 1675, 1696 ] ], "NeighboringIntersections": "[[{868: 6.453551362667225, 924: 6.468102081636906, 919: 8.458196899233963}]]" }, "geometry": { "type": "Point", "coordinates": [ 462254.573900000192225, 4988127.10249999910593 ] } },
{ "type": "Feature", "properties": { "OBJECTID": 13869, "POINT_X": 462257.87949999981, "POINT_Y": 4987069.32, "Roads": [ [ 1676, 1677, 1678 ] ], "NeighboringIntersections": "[[{828: 16.750552805220284, 899: 5.939314323147316}]]" }, "geometry": { "type": "Point", "coordinates": [ 462257.879499999806285, 4987069.320000000298023 ] } },
{ "type": "Feature", "properties": { "OBJECTID": 13875, "POINT_X": 462263.94820000045, "POINT_Y": 4984225.0462999996, "Roads": [ [ 1679, 1714 ] ], "NeighboringIntersections": "[[{893: 10.387934920364996, 928: 3.9353723730272687}]]" }, "geometry": { "type": "Point", "coordinates": [ 462263.948200000450015, 4984225.046299999579787 ] } },
{ "type": "Feature", "properties": { "OBJECTID": 13877, "POINT_X": 462264.93120000046, "POINT_Y": 4982676.9858, "Roads": [ [ 1655, 1680, 1681 ] ], "NeighboringIntersections": "[[{895: 2.214211967183438, 901: 3.9669581256739677}]]" }, "geometry": { "type": "Point", "coordinates": [ 462264.931200000457466, 4982676.9858 ] } },
{ "type": "Feature", "properties": { "OBJECTID": 13879, "POINT_X": 462265.85589999985, "POINT_Y": 4988445.2781000007, "Roads": [ [ 1658, 1682, 1726 ] ], "NeighboringIntersections": "[[{897: 6.720995045636677, 873: 8.194591933927699, 934: 11.224470817436705}]]" }, "geometry": { "type": "Point", "coordinates": [ 462265.855899999849498, 4988445.278100000694394 ] } },
{ "type": "Feature", "properties": { "OBJECTID": 13880, "POINT_X": 462266.901, "POINT_Y": 4986097.1305, "Roads": [ [ 1683, 1693, 1699 ] ], "NeighboringIntersections": "[[{834: 10.787313916069392, 917: 0.8942287421321692, 921: 0.8515205578996718}]]" }, "geometry": { "type": "Point", "coordinates": [ 462266.900999999605119, 4986097.1305 ] } },
{ "type": "Feature", "properties": { "OBJECTID": 13882, "POINT_X": 462268.3547, "POINT_Y": 4987852.0086000003, "Roads": [ [ 1664, 1684, 1685, 1762 ] ], "NeighboringIntersections": "[[{900: 30.81345680428866, 915: 4.666700567694836, 953: 23.445984188852755}]]" }, "geometry": { "type": "Point", "coordinates": [ 462268.354700000025332, 4987852.008600000292063 ] } },
{ "type": "Feature", "properties": { "OBJECTID": 13885, "POINT_X": 462271.51449999958, "POINT_Y": 4986493.558, "Roads": [ [ 1686, 1687, 1731 ] ], "NeighboringIntersections": "[[{882: 5.40289540261188, 936: 5.2713579027475586}]]" }, "geometry": { "type": "Point", "coordinates": [ 462271.514499999582767, 4986493.558000000193715 ] } },
{ "type": "Feature", "properties": { "OBJECTID": 13887, "POINT_X": 462272.61450000014, "POINT_Y": 4987924.7788999993, "Roads": [ [ 1685, 1688, 1689, 1690, 1825 ] ], "NeighboringIntersections": "[[{913: 4.666700567694836, 845: 13.448688297040253, 846: 13.48941402044551, 919: 5.996083560708633, 986: 15.252500386366465}]]" }, "geometry": { "type": "Point", "coordinates": [ 462272.614500000141561, 4987924.778899999335408 ] } },
{ "type": "Feature", "properties": { "OBJECTID": 13890, "POINT_X": 462273.21040000021, "POINT_Y": 4988985.8757000007, "Roads": [ [ 1610, 1691, 1739 ] ], "NeighboringIntersections": "[[{925: 4.137498822648351, 941: 14.114805513175519}]]" }, "geometry": { "type": "Point", "coordinates": [ 462273.210400000214577, 4988985.875700000673532 ] } },
{ "type": "Feature", "properties": { "OBJECTID": 13893, "POINT_X": 462273.88729999959, "POINT_Y": 4986085.0080999993, "Roads": [ [ 1692, 1693, 1700, 1752 ] ], "NeighboringIntersections": "[[{833: 11.14456079226541, 912: 0.8942287421321692, 922: 0.8673482754783429, 948: 22.08089736027501}]]" }, "geometry": { "type": "Point", "coordinates": [ 462273.887299999594688, 4986085.008099999278784 ] } },
{ "type": "Feature", "properties": { "OBJECTID": 13900, "POINT_X": 462278.70370000042, "POINT_Y": 4989708.2734999992, "Roads": [ [ 1694, 1719, 1838 ] ], "NeighboringIntersections": "[[{902: 7.471023925026228, 930: 6.567942344368841, 991: 20.82383279664717}]]" }, "geometry": { "type": "Point", "coordinates": [ 462278.703700000420213, 4989708.273499999195337 ] } },
{ "type": "Feature", "properties": { "OBJECTID": 13904, "POINT_X": 462280.878, "POINT_Y": 4988010.446, "Roads": [ [ 1690, 1695, 1696, 1697 ] ], "NeighboringIntersections": "[[{915: 5.996083560708633, 871: 8.082616391944269, 907: 8.458196899233963, 946: 10.60182989910009}]]" }, "geometry": { "type": "Point", "coordinates": [ 462280.877999999560416, 4988010.446000000461936 ] } },
{ "type": "Feature", "properties": { "OBJECTID": 13906, "POINT_X": 462282.05910000019, "POINT_Y": 4985299.2622999996, "Roads": [ [ 1698, 1765, 1805 ] ], "NeighboringIntersections": "[[{955: 8.790434199788066, 976: 19.31383071365076}]]" }, "geometry": { "type": "Point", "coordinates": [ 462282.059100000187755, 4985299.262299999594688 ] } },
{ "type": "Feature", "properties": { "OBJECTID": 13907, "POINT_X": 462282.23489999957, "POINT_Y": 4986104.7662000004, "Roads": [ [ 1699, 1701, 1855 ] ], "NeighboringIntersections": "[[{912: 0.8515205578996718, 922: 0.8926077186657497, 1000: 18.56620008722235}]]" }, "geometry": { "type": "Point", "coordinates": [ 462282.234899999573827, 4986104.766200000420213 ] } },
{ "type": "Feature", "properties": { "OBJECTID": 13912, "POINT_X": 462289.46789999958, "POINT_Y": 4986092.819, "Roads": [ [ 1700, 1701, 1758, 1857 ] ], "NeighboringIntersections": "[[{917: 0.8673482754783429, 921: 0.8926077186657497, 951: 22.583191449246844, 1001: 18.421707017639857}]]" }, "geometry": { "type": "Point", "coordinates": [ 462289.467899999581277, 4986092.81900000013411 ] } },
{ "type": "Feature", "properties": { "OBJECTID": 13920, "POINT_X": 462301.90780000016, "POINT_Y": 4990163.889, "Roads": [ [ 1702, 1703, 1842 ] ], "NeighboringIntersections": "[[{850: 10.47163213557841, 854: 22.831815703759748, 993: 12.564534480005612}]]" }, "geometry": { "type": "Point", "coordinates": [ 462301.907800000160933, 4990163.889000000432134 ] } },
{ "type": "Feature", "properties": { "OBJECTID": 13930, "POINT_X": 462314.81319999974, "POINT_Y": 4988208.0236000009, "Roads": [ [ 1675, 1707, 1708, 1748 ] ], "NeighboringIntersections": "[[{907: 6.468102081636906, 878: 8.469823469910967, 935: 5.4278528981659075, 946: 6.275402734829208}]]" }, "geometry": { "type": "Point", "coordinates": [ 462314.81319999974221, 4988208.023600000888109 ] } },
{ "type": "Feature", "properties": { "OBJECTID": 13932, "POINT_X": 462318.2346000001, "POINT_Y": 4989043.5497999992, "Roads": [ [ 1691, 1710, 1760 ] ], "NeighboringIntersections": "[[{916: 4.137498822648351, 884: 7.394942687677809, 952: 4.602821126853688}]]" }, "geometry": { "type": "Point", "coordinates": [ 462318.234600000083447, 4989043.549799999222159 ] } },
{ "type": "Feature", "properties": { "OBJECTID": 13933, "POINT_X": 462318.40160000045, "POINT_Y": 4988304.0556000005, "Roads": [ [ 1711, 1712, 1727 ] ], "NeighboringIntersections": "[[{897: 6.157876029315593, 934: 1.601804729753901, 935: 1.6695299639064412}]]" }, "geometry": { "type": "Point", "coordinates": [ 462318.401600000448525, 4988304.055600000545382 ] } },
{ "type": "Feature", "properties": { "OBJECTID": 13939, "POINT_X": 462323.80240000039, "POINT_Y": 4981802.4867000002, "Roads": [ [ 1713, 1717, 1789 ] ], "NeighboringIntersections": "[[{885: 7.4653054501146565, 929: 12.479949869491184, 967: 8.285750045280015}]]" }, "geometry": { "type": "Point", "coordinates": [ 462323.802400000393391, 4981802.486700000241399 ] } },
{ "type": "Feature", "properties": { "OBJECTID": 13940, "POINT_X": 462323.8224, "POINT_Y": 4984213.4801000003, "Roads": [ [ 1586, 1714, 1715 ] ], "NeighboringIntersections": "[[{855: 21.61104550084199, 909: 3.9353723730272687, 933: 6.457540197091316}]]" }, "geometry": { "type": "Point", "coordinates": [ 462323.822399999946356, 4984213.480100000277162 ] } },
{ "type": "Feature", "properties": { "OBJECTID": 13943, "POINT_X": 462324.1475, "POINT_Y": 4981607.2218999993, "Roads": [ [ 1716, 1717, 1794 ] ], "NeighboringIntersections": "[[{844: 16.775498778834386, 927: 12.479949869491184, 971: 7.673798094747365}]]" }, "geometry": { "type": "Point", "coordinates": [ 462324.147499999962747, 4981607.221899999305606 ] } },
{ "type": "Feature", "properties": { "OBJECTID": 13945, "POINT_X": 462325.74550000019, "POINT_Y": 4989619.1360999998, "Roads": [ [ 1718, 1719, 1862 ] ], "NeighboringIntersections": "[[{883: 22.440120891328927, 918: 6.567942344368841, 1003: 24.439422268812113}]]" }, "geometry": { "type": "Point", "coordinates": [ 462325.745500000193715, 4989619.136099999770522 ] } },
{ "type": "Feature", "properties": { "OBJECTID": 13951, "POINT_X": 462330.645, "POINT_Y": 4983034.3999000005, "Roads": [ [ 1720, 1721, 1723, 1807 ] ], "NeighboringIntersections": "[[{879: 10.197418375290228, 904: 25.907519136118356, 932: 0.6664275110724726, 977: 9.8674299572863}]]" }, "geometry": { "type": "Point", "coordinates": [ 462330.644999999552965, 4983034.399900000542402 ] } },
{ "type": "Feature", "properties": { "OBJECTID": 13954, "POINT_X": 462333.30119999964, "POINT_Y": 4983024.3167000003, "Roads": [ [ 1722, 1723, 1809 ] ], "NeighboringIntersections": "[[{880: 10.075034575452666, 931: 0.6664275110724726, 978: 10.047137660498578}]]" }, "geometry": { "type": "Point", "coordinates": [ 462333.301199999637902, 4983024.316700000315905 ] } },
{ "type": "Feature", "properties": { "OBJECTID": 13957, "POINT_X": 462334.33449999988, "POINT_Y": 4984313.6791999992, "Roads": [ [ 1715, 1724, 1801 ] ], "NeighboringIntersections": "[[{928: 6.457540197091316, 888: 7.585103859841925, 975: 7.5475806779566375}]]" }, "geometry": { "type": "Point", "coordinates": [ 462334.334499999880791, 4984313.679199999198318 ] } },
{ "type": "Feature", "properties": { "OBJECTID": 13959, "POINT_X": 462335.2812000001, "POINT_Y": 4988322.3451000005, "Roads": [ [ 1712, 1726, 1728 ] ], "NeighboringIntersections": "[[{926: 1.601804729753901, 911: 11.224470817436705, 935: 2.994239820807361}]]" }, "geometry": { "type": "Point", "coordinates": [ 462335.281200000084937, 4988322.345100000500679 ] } },
{ "type": "Feature", "properties": { "OBJECTID": 13961, "POINT_X": 462336.83710000012, "POINT_Y": 4988286.4651999995, "Roads": [ [ 1708, 1727, 1728 ] ], "NeighboringIntersections": "[[{924: 5.4278528981659075, 926: 1.6695299639064412, 934: 2.994239820807361}]]" }, "geometry": { "type": "Point", "coordinates": [ 462336.837100000120699, 4988286.465199999511242 ] } },
{ "type": "Feature", "properties": { "OBJECTID": 13963, "POINT_X": 462338.9265000001, "POINT_Y": 4986448.2142999992, "Roads": [ [ 1730, 1731, 1732, 1763 ] ], "NeighboringIntersections": "[[{887: 9.188073280773425, 914: 5.2713579027475586, 954: 7.154212151002261}]]" }, "geometry": { "type": "Point", "coordinates": [ 462338.926500000059605, 4986448.214299999177456 ] } },
{ "type": "Feature", "properties": { "OBJECTID": 13966, "POINT_X": 462342.1015999997, "POINT_Y": 4987354.5259000007, "Roads": [ [ 1733, 1734, 1785 ] ], "NeighboringIntersections": "[[{889: 8.282615359860186, 965: 6.487910201730897}]]" }, "geometry": { "type": "Point", "coordinates": [ 462342.101599999703467, 4987354.525900000706315 ] } },
{ "type": "Feature", "properties": { "OBJECTID": 13978, "POINT_X": 462350.5992000001, "POINT_Y": 4989298.9189, "Roads": [ [ 1735, 1774, 1803 ] ], "NeighboringIntersections": "[[{869: 13.503431231625276, 959: 7.63287107602206}]]" }, "geometry": { "type": "Point", "coordinates": [ 462350.599200000055134, 4989298.9189 ] } },
{ "type": "Feature", "properties": { "OBJECTID": 13980, "POINT_X": 462351.55470000021, "POINT_Y": 4988668.2281999998, "Roads": [ [ 1736, 1737, 1823 ] ], "NeighboringIntersections": "[[{941: 7.766778793537422, 985: 9.142770407653641}]]" }, "geometry": { "type": "Point", "coordinates": [ 462351.554700000211596, 4988668.228199999779463 ] } },
{ "type": "Feature", "properties": { "OBJECTID": 13985, "POINT_X": 462354.38019999955, "POINT_Y": 4982616.3443, "Roads": [ [ 1738, 1741, 1894 ] ], "NeighboringIntersections": "[[{860: 11.770185370341277, 942: 0.7827236843566762, 1023: 22.3232497674382}]]" }, "geometry": { "type": "Point", "coordinates": [ 462354.380199999548495, 4982616.3443 ] } },
{ "type": "Feature", "properties": { "OBJECTID": 13986, "POINT_X": 462355.97719999962, "POINT_Y": 4988805.8639000002, "Roads": [ [ 1737, 1739, 1824 ] ], "NeighboringIntersections": "[[{939: 7.766778793537422, 916: 14.114805513175519, 985: 17.8357609328673}]]" }, "geometry": { "type": "Point", "coordinates": [ 462355.97719999961555, 4988805.863900000229478 ] } },
{ "type": "Feature", "properties": { "OBJECTID": 13987, "POINT_X": 462356.40990000032, "POINT_Y": 4982602.4958999995, "Roads": [ [ 1740, 1741, 1897, 1930 ] ], "NeighboringIntersections": "[[{851: 14.84749907498609, 940: 0.7827236843566762, 1025: 22.22680301175959, 1042: 70.22892751958237}]]" }, "geometry": { "type": "Point", "coordinates": [ 462356.409900000318885, 4982602.495899999514222 ] } },
{ "type": "Feature", "properties": { "OBJECTID": 13990, "POINT_X": 462359.9291000003, "POINT_Y": 4983443.3851999994, "Roads": [ [ 1743, 1745, 1771 ] ], "NeighboringIntersections": "[[{903: 12.680487694171493, 944: 0.6619041779860015, 957: 8.228269250752136}]]" }, "geometry": { "type": "Point", "coordinates": [ 462359.929100000299513, 4983443.385199999436736 ] } },
{ "type": "Feature", "properties": { "OBJECTID": 13995, "POINT_X": 462367.59530000016, "POINT_Y": 4983450.3483000007, "Roads": [ [ 1744, 1745, 1783 ] ], "NeighboringIntersections": "[[{906: 12.465042756394528, 943: 0.6619041779860015, 964: 24.278885929231357}]]" }, "geometry": { "type": "Point", "coordinates": [ 462367.595300000160933, 4983450.348300000652671 ] } },
{ "type": "Feature", "properties": { "OBJECTID": 14007, "POINT_X": 462382.30159999989, "POINT_Y": 4985531.7509000003, "Roads": [ [ 1746, 1747, 1750, 1754 ] ], "NeighboringIntersections": "[[{824: 21.175544373972645, 948: 14.818501812781536, 947: 1.1314291623440051, 949: 0.8730679675057973}]]" }, "geometry": { "type": "Point", "coordinates": [ 462382.301599999889731, 4985531.750900000333786 ] } },
{ "type": "Feature", "properties": { "OBJECTID": 14008, "POINT_X": 462382.33559999987, "POINT_Y": 4988141.0273000002, "Roads": [ [ 1697, 1748, 1817 ] ], "NeighboringIntersections": "[[{919: 10.60182989910009, 924: 6.275402734829208, 982: 7.53302668016633}]]" }, "geometry": { "type": "Point", "coordinates": [ 462382.33559999987483, 4988141.027300000190735 ] } },
{ "type": "Feature", "properties": { "OBJECTID": 14009, "POINT_X": 462382.66820000019, "POINT_Y": 4985514.0565000009, "Roads": [ [ 1749, 1750, 1756, 1766 ] ], "NeighboringIntersections": "[[{823: 21.213233684719285, 945: 1.1314291623440051, 950: 0.8715093203545163, 955: 12.626183803493833}]]" }, "geometry": { "type": "Point", "coordinates": [ 462382.668200000189245, 4985514.056500000879169 ] } },
{ "type": "Feature", "properties": { "OBJECTID": 14010, "POINT_X": 462383.80470000021, "POINT_Y": 4985763.5978999995, "Roads": [ [ 1747, 1751, 1752, 1759 ] ], "NeighboringIntersections": "[[{945: 14.818501812781536, 829: 21.127653903901926, 917: 22.08089736027501, 951: 0.8876478722850907}]]" }, "geometry": { "type": "Point", "coordinates": [ 462383.804700000211596, 4985763.597899999469519 ] } },
{ "type": "Feature", "properties": { "OBJECTID": 14020, "POINT_X": 462395.96119999979, "POINT_Y": 4985531.6057999991, "Roads": [ [ 1754, 1755, 1757 ] ], "NeighboringIntersections": "[[{945: 0.8730679675057973, 951: 14.820842129202662, 950: 1.1254311334053884}]]" }, "geometry": { "type": "Point", "coordinates": [ 462395.961199999786913, 4985531.605799999088049 ] } },
{ "type": "Feature", "properties": { "OBJECTID": 14021, "POINT_X": 462396.3041000003, "POINT_Y": 4985514.0088, "Roads": [ [ 1756, 1757, 1778 ] ], "NeighboringIntersections": "[[{947: 0.8715093203545163, 949: 1.1254311334053884, 961: 12.416695272287194}]]" }, "geometry": { "type": "Point", "coordinates": [ 462396.304100000299513, 4985514.0088 ] } },
{ "type": "Feature", "properties": { "OBJECTID": 14022, "POINT_X": 462397.69269999955, "POINT_Y": 4985763.4807999991, "Roads": [ [ 1755, 1758, 1759, 1910 ] ], "NeighboringIntersections": "[[{949: 14.820842129202662, 922: 22.583191449246844, 948: 0.8876478722850907, 1031: 30.461583469228547}]]" }, "geometry": { "type": "Point", "coordinates": [ 462397.692699999548495, 4985763.480799999088049 ] } },
{ "type": "Feature", "properties": { "OBJECTID": 14023, "POINT_X": 462398.501, "POINT_Y": 4989031.4386, "Roads": [ [ 1742, 1760, 1859 ] ], "NeighboringIntersections": "[[{925: 4.602821126853688, 1002: 13.840052544727014}]]" }, "geometry": { "type": "Point", "coordinates": [ 462398.501000000163913, 4989031.4386 ] } },
{ "type": "Feature", "properties": { "OBJECTID": 14024, "POINT_X": 462399.89479999989, "POINT_Y": 4987580.5562999994, "Roads": [ [ 1761, 1762, 1792 ] ], "NeighboringIntersections": "[[{900: 10.300802899281095, 913: 23.445984188852755, 969: 2.777452344390578}]]" }, "geometry": { "type": "Point", "coordinates": [ 462399.894799999892712, 4987580.55629999935627 ] } },
{ "type": "Feature", "properties": { "OBJECTID": 14041, "POINT_X": 462416.41179999989, "POINT_Y": 4986372.4143000003, "Roads": [ [ 1763, 1764, 1820, 1827 ] ], "NeighboringIntersections": "[[{936: 7.154212151002261, 983: 6.143499765055999}]]" }, "geometry": { "type": "Point", "coordinates": [ 462416.411799999885261, 4986372.414300000295043 ] } },
{ "type": "Feature", "properties": { "OBJECTID": 14042, "POINT_X": 462417.719, "POINT_Y": 4985320.0395, "Roads": [ [ 1765, 1766, 1779, 1806 ] ], "NeighboringIntersections": "[[{920: 8.790434199788066, 947: 12.626183803493833, 961: 0.9519683973144252, 976: 10.971572717978423}]]" }, "geometry": { "type": "Point", "coordinates": [ 462417.718999999575317, 4985320.0395 ] } },
{ "type": "Feature", "properties": { "OBJECTID": 14046, "POINT_X": 462419.93520000018, "POINT_Y": 4989425.9811000004, "Roads": [ [ 1767, 1768, 1804 ] ], "NeighboringIntersections": "[[{869: 15.368256638689678, 872: 17.491552153978596}]]" }, "geometry": { "type": "Point", "coordinates": [ 462419.935200000181794, 4989425.981100000441074 ] } },
{ "type": "Feature", "properties": { "OBJECTID": 14050, "POINT_X": 462426.86919999961, "POINT_Y": 4983333.8027999997, "Roads": [ [ 1770, 1771, 1784, 1808 ] ], "NeighboringIntersections": "[[{904: 11.960756612111656, 943: 8.228269250752136, 964: 0.6353101404320646, 977: 16.344970127074784}]]" }, "geometry": { "type": "Point", "coordinates": [ 462426.869199999608099, 4983333.802799999713898 ] } },
{ "type": "Feature", "properties": { "OBJECTID": 14052, "POINT_X": 462427.93489999976, "POINT_Y": 4980805.5977999996, "Roads": [ [ 1769, 1772, 1773, 1851 ] ], "NeighboringIntersections": "[[{805: 26.440663847771763, 960: 6.962454846090838, 997: 9.846257514681112}]]" }, "geometry": { "type": "Point", "coordinates": [ 462427.934899999760091, 4980805.597799999639392 ] } },
{ "type": "Feature", "properties": { "OBJECTID": 14053, "POINT_X": 462430.07919999957, "POINT_Y": 4989202.4679000005, "Roads": [ [ 1774, 1777, 1802 ] ], "NeighboringIntersections": "[[{938: 7.63287107602206}]]" }, "geometry": { "type": "Point", "coordinates": [ 462430.079199999570847, 4989202.4679000005126 ] } },
{ "type": "Feature", "properties": { "OBJECTID": 14056, "POINT_X": 462430.99019999988, "POINT_Y": 4980914.4923, "Roads": [ [ 1773, 1775, 1776 ] ], "NeighboringIntersections": "[[{958: 6.962454846090838, 806: 24.952047024321065, 962: 7.055445341703866}]]" }, "geometry": { "type": "Point", "coordinates": [ 462430.990199999883771, 4980914.4923 ] } },
{ "type": "Feature", "properties": { "OBJECTID": 14058, "POINT_X": 462432.23510000017, "POINT_Y": 4985323.3772, "Roads": [ [ 1778, 1779, 1813 ] ], "NeighboringIntersections": "[[{950: 12.416695272287194, 955: 0.9519683973144252, 980: 10.53330154571646}]]" }, "geometry": { "type": "Point", "coordinates": [ 462432.235100000165403, 4985323.3772 ] } },
{ "type": "Feature", "properties": { "OBJECTID": 14065, "POINT_X": 462433.8060999997, "POINT_Y": 4981024.8487, "Roads": [ [ 1776, 1780, 1781 ] ], "NeighboringIntersections": "[[{960: 7.055445341703866, 816: 24.798317367775105, 963: 3.5267819772671802}]]" }, "geometry": { "type": "Point", "coordinates": [ 462433.806099999696016, 4981024.8487 ] } },
{ "type": "Feature", "properties": { "OBJECTID": 14067, "POINT_X": 462436.11060000025, "POINT_Y": 4981079.982000001, "Roads": [ [ 1781, 1782, 1840 ] ], "NeighboringIntersections": "[[{962: 3.5267819772671802, 966: 16.420633203471215, 992: 8.13074366816694}]]" }, "geometry": { "type": "Point", "coordinates": [ 462436.110600000247359, 4981079.98200000077486 ] } },
{ "type": "Feature", "properties": { "OBJECTID": 14068, "POINT_X": 462436.1634, "POINT_Y": 4983337.3280999996, "Roads": [ [ 1783, 1784, 1811 ] ], "NeighboringIntersections": "[[{944: 24.278885929231357, 957: 0.6353101404320646, 979: 16.313539807387727}]]" }, "geometry": { "type": "Point", "coordinates": [ 462436.163399999961257, 4983337.328099999576807 ] } },
{ "type": "Feature", "properties": { "OBJECTID": 14069, "POINT_X": 462437.49859999958, "POINT_Y": 4987382.6791999992, "Roads": [ [ 1753, 1785, 1786, 1834 ] ], "NeighboringIntersections": "[[{937: 6.487910201730897, 969: 12.606701433976855, 989: 6.4258578543323805}]]" }, "geometry": { "type": "Point", "coordinates": [ 462437.498599999584258, 4987382.679199999198318 ] } },
{ "type": "Feature", "properties": { "OBJECTID": 14079, "POINT_X": 462441.39879999962, "POINT_Y": 4981336.8046000004, "Roads": [ [ 1782, 1787, 1788 ] ], "NeighboringIntersections": "[[{963: 16.420633203471215, 972: 8.901895633649547}]]" }, "geometry": { "type": "Point", "coordinates": [ 462441.39879999961704, 4981336.80460000038147 ] } },
{ "type": "Feature", "properties": { "OBJECTID": 14081, "POINT_X": 462442.199, "POINT_Y": 4981772.5439, "Roads": [ [ 1789, 1795, 1835 ] ], "NeighboringIntersections": "[[{927: 8.285750045280015, 971: 10.509050968425496}]]" }, "geometry": { "type": "Point", "coordinates": [ 462442.199000000022352, 4981772.5439 ] } },
{ "type": "Feature", "properties": { "OBJECTID": 14084, "POINT_X": 462443.284, "POINT_Y": 4984524.5431999993, "Roads": [ [ 1790, 1791, 1881 ] ], "NeighboringIntersections": "[[{802: 30.611493583770464, 970: 12.241160531062954, 1014: 18.794858016613084}]]" }, "geometry": { "type": "Point", "coordinates": [ 462443.283999999985099, 4984524.543199999257922 ] } },
{ "type": "Feature", "properties": { "OBJECTID": 14085, "POINT_X": 462443.34520000033, "POINT_Y": 4987579.7915000003, "Roads": [ [ 1786, 1792, 1853 ] ], "NeighboringIntersections": "[[{965: 12.606701433976855, 953: 2.777452344390578, 999: 9.59353941786495}]]" }, "geometry": { "type": "Point", "coordinates": [ 462443.345200000330806, 4987579.791500000283122 ] } },
{ "type": "Feature", "properties": { "OBJECTID": 14087, "POINT_X": 462444.13580000028, "POINT_Y": 4984716.0713999998, "Roads": [ [ 1791, 1793, 1833 ] ], "NeighboringIntersections": "[[{968: 12.241160531062954, 973: 10.040637344719492}]]" }, "geometry": { "type": "Point", "coordinates": [ 462444.135800000280142, 4984716.071399999782443 ] } },
{ "type": "Feature", "properties": { "OBJECTID": 14088, "POINT_X": 462444.21140000038, "POINT_Y": 4981608.1273999996, "Roads": [ [ 1794, 1795, 1797 ] ], "NeighboringIntersections": "[[{929: 7.673798094747365, 967: 10.509050968425496, 972: 8.441864834890549}]]" }, "geometry": { "type": "Point", "coordinates": [ 462444.211400000378489, 4981608.127399999648333 ] } },
{ "type": "Feature", "properties": { "OBJECTID": 14090, "POINT_X": 462444.86029999983, "POINT_Y": 4981476.0441999994, "Roads": [ [ 1788, 1796, 1797, 1844 ] ], "NeighboringIntersections": "[[{966: 8.901895633649547, 861: 19.785955247329255, 971: 8.441864834890549, 994: 8.032443568076133}]]" }, "geometry": { "type": "Point", "coordinates": [ 462444.860299999825656, 4981476.044199999421835 ] } },
{ "type": "Feature", "properties": { "OBJECTID": 14091, "POINT_X": 462445.66349999979, "POINT_Y": 4984873.1637999993, "Roads": [ [ 1793, 1798, 1799 ] ], "NeighboringIntersections": "[[{970: 10.040637344719492, 799: 26.086278391761, 974: 7.423831144304584}]]" }, "geometry": { "type": "Point", "coordinates": [ 462445.663499999791384, 4984873.163799999281764 ] } },
{ "type": "Feature", "properties": { "OBJECTID": 14092, "POINT_X": 462446.19840000011, "POINT_Y": 4984989.3188000005, "Roads": [ [ 1799, 1800, 1938 ] ], "NeighboringIntersections": "[[{973: 7.423831144304584, 858: 14.311545410361708, 1048: 18.43501523423699}]]" }, "geometry": { "type": "Point", "coordinates": [ 462446.198400000110269, 4984989.318800000473857 ] } },
{ "type": "Feature", "properties": { "OBJECTID": 14096, "POINT_X": 462452.42669999972, "POINT_Y": 4984313.4284000006, "Roads": [ [ 1500, 1801, 1882 ] ], "NeighboringIntersections": "[[{808: 46.47035176154305, 933: 7.5475806779566375, 1014: 19.431515650607423}]]" }, "geometry": { "type": "Point", "coordinates": [ 462452.426699999719858, 4984313.428400000557303 ] } },
{ "type": "Feature", "properties": { "OBJECTID": 14134, "POINT_X": 462474.5905, "POINT_Y": 4985159.6853, "Roads": [ [ 1805, 1806, 1814, 1868 ] ], "NeighboringIntersections": "[[{920: 19.31383071365076, 955: 10.971572717978423, 980: 1.003534467913864, 1006: 13.021489027704458}]]" }, "geometry": { "type": "Point", "coordinates": [ 462474.590499999932945, 4985159.6853 ] } },
{ "type": "Feature", "properties": { "OBJECTID": 14138, "POINT_X": 462476.41069999989, "POINT_Y": 4983084.9075000007, "Roads": [ [ 1807, 1808, 1810, 1812 ] ], "NeighboringIntersections": "[[{931: 9.8674299572863, 957: 16.344970127074784, 978: 0.5704435890264057, 979: 0.5641404078505221}]]" }, "geometry": { "type": "Point", "coordinates": [ 462476.410699999891222, 4983084.907500000670552 ] } },
{ "type": "Feature", "properties": { "OBJECTID": 14145, "POINT_X": 462480.95739999972, "POINT_Y": 4983077.227, "Roads": [ [ 1809, 1810, 1815, 1899 ] ], "NeighboringIntersections": "[[{932: 10.047137660498578, 977: 0.5704435890264057, 981: 0.6103078520275755, 1026: 20.909171231548765}]]" }, "geometry": { "type": "Point", "coordinates": [ 462480.957399999722838, 4983077.227 ] } },
{ "type": "Feature", "properties": { "OBJECTID": 14149, "POINT_X": 462484.5195000004, "POINT_Y": 4983088.3945000004, "Roads": [ [ 1811, 1812, 1816 ] ], "NeighboringIntersections": "[[{964: 16.313539807387727, 977: 0.5641404078505221, 981: 0.5206664688743379}]]" }, "geometry": { "type": "Point", "coordinates": [ 462484.519500000402331, 4983088.394500000402331 ] } },
{ "type": "Feature", "properties": { "OBJECTID": 14153, "POINT_X": 462486.64869999979, "POINT_Y": 4985169.7423, "Roads": [ [ 1813, 1814, 1869 ] ], "NeighboringIntersections": "[[{961: 10.53330154571646, 976: 1.003534467913864, 1007: 12.528387246151436}]]" }, "geometry": { "type": "Point", "coordinates": [ 462486.648699999786913, 4985169.7423 ] } },
{ "type": "Feature", "properties": { "OBJECTID": 14155, "POINT_X": 462489.32959999982, "POINT_Y": 4983081.8195999991, "Roads": [ [ 1815, 1816, 1900 ] ], "NeighboringIntersections": "[[{978: 0.6103078520275755, 979: 0.5206664688743379, 1026: 20.154813444638947}]]" }, "geometry": { "type": "Point", "coordinates": [ 462489.329599999822676, 4983081.819599999114871 ] } },
{ "type": "Feature", "properties": { "OBJECTID": 14156, "POINT_X": 462489.36479999963, "POINT_Y": 4988172.2686000001, "Roads": [ [ 1817, 1818, 1826 ] ], "NeighboringIntersections": "[[{946: 7.53302668016633, 986: 17.454191273896335}]]" }, "geometry": { "type": "Point", "coordinates": [ 462489.364799999631941, 4988172.2686 ] } },
{ "type": "Feature", "properties": { "OBJECTID": 14160, "POINT_X": 462497.06390000042, "POINT_Y": 4986415.3265000004, "Roads": [ [ 1819, 1820, 1829 ] ], "NeighboringIntersections": "[[{826: 29.283252009963427, 954: 6.143499765055999, 987: 2.4784584322085674}]]" }, "geometry": { "type": "Point", "coordinates": [ 462497.063900000415742, 4986415.326500000432134 ] } },
{ "type": "Feature", "properties": { "OBJECTID": 14170, "POINT_X": 462508.98950000014, "POINT_Y": 4989885.9186000004, "Roads": [ [ 1821, 1822, 1839 ] ], "NeighboringIntersections": "[[{902: 17.814864789461986, 988: 6.2734168589255, 991: 4.424682511978308}]]" }, "geometry": { "type": "Point", "coordinates": [ 462508.989500000141561, 4989885.918600000441074 ] } },
{ "type": "Feature", "properties": { "OBJECTID": 14173, "POINT_X": 462510.187, "POINT_Y": 4988674.7093000002, "Roads": [ [ 1823, 1824, 1902 ] ], "NeighboringIntersections": "[[{939: 9.142770407653641, 941: 17.8357609328673}]]" }, "geometry": { "type": "Point", "coordinates": [ 462510.186999999918044, 4988674.709300000220537 ] } },
{ "type": "Feature", "properties": { "OBJECTID": 14174, "POINT_X": 462511.22109999973, "POINT_Y": 4987920.4422999993, "Roads": [ [ 1825, 1826, 1836, 1925 ] ], "NeighboringIntersections": "[[{915: 15.252500386366465, 982: 17.454191273896335, 990: 14.133340122437883, 1038: 20.43021710161597}]]" }, "geometry": { "type": "Point", "coordinates": [ 462511.221099999733269, 4987920.442299999296665 ] } },
{ "type": "Feature", "properties": { "OBJECTID": 14198, "POINT_X": 462529.58260000031, "POINT_Y": 4986385.2151999995, "Roads": [ [ 1829, 1830, 1852 ] ], "NeighboringIntersections": "[[{983: 2.4784584322085674, 996: 4.4778890884114695, 998: 4.77833763115989}]]" }, "geometry": { "type": "Point", "coordinates": [ 462529.582600000314415, 4986385.215199999511242 ] } },
{ "type": "Feature", "properties": { "OBJECTID": 14199, "POINT_X": 462530.0455, "POINT_Y": 4989981.5709000006, "Roads": [ [ 1822, 1831, 1832, 1863 ] ], "NeighboringIntersections": "[[{984: 6.2734168589255, 870: 32.04724193213673, 993: 6.011553796866126, 1003: 15.12160088036625}]]" }, "geometry": { "type": "Point", "coordinates": [ 462530.0455, 4989981.570900000631809 ] } },
{ "type": "Feature", "properties": { "OBJECTID": 14212, "POINT_X": 462538.029, "POINT_Y": 4987381.1823999994, "Roads": [ [ 1662, 1834, 1846 ] ], "NeighboringIntersections": "[[{899: 29.445289711560946, 965: 6.4258578543323805, 995: 2.434037193341279}]]" }, "geometry": { "type": "Point", "coordinates": [ 462538.029000000096858, 4987381.182399999350309 ] } },
{ "type": "Feature", "properties": { "OBJECTID": 14241, "POINT_X": 462559.50829999987, "POINT_Y": 4987709.6177999992, "Roads": [ [ 1836, 1837, 1854 ] ], "NeighboringIntersections": "[[{986: 14.133340122437883, 999: 7.55439477005998}]]" }, "geometry": { "type": "Point", "coordinates": [ 462559.50829999987036, 4987709.617799999192357 ] } },
{ "type": "Feature", "properties": { "OBJECTID": 14243, "POINT_X": 462560.97840000037, "POINT_Y": 4989844.4255, "Roads": [ [ 1838, 1839, 1864 ] ], "NeighboringIntersections": "[[{918: 20.82383279664717, 984: 4.424682511978308, 1003: 5.606786746769214}]]" }, "geometry": { "type": "Point", "coordinates": [ 462560.978400000371039, 4989844.425499999895692 ] } },
{ "type": "Feature", "properties": { "OBJECTID": 14247, "POINT_X": 462563.32, "POINT_Y": 4981081.3604000006, "Roads": [ [ 1840, 1841, 1876 ] ], "NeighboringIntersections": "[[{963: 8.13074366816694, 994: 25.27271258972121, 1011: 8.281960016245149}]]" }, "geometry": { "type": "Point", "coordinates": [ 462563.320000000298023, 4981081.360400000587106 ] } },
{ "type": "Feature", "properties": { "OBJECTID": 14251, "POINT_X": 462565.87409999967, "POINT_Y": 4990068.5252, "Roads": [ [ 1832, 1842, 1843, 1927 ] ], "NeighboringIntersections": "[[{988: 6.011553796866126, 923: 12.564534480005612, 1040: 12.694807727291547}]]" }, "geometry": { "type": "Point", "coordinates": [ 462565.874099999666214, 4990068.5252 ] } },
{ "type": "Feature", "properties": { "OBJECTID": 14259, "POINT_X": 462570.5373, "POINT_Y": 4981476.7215, "Roads": [ [ 1841, 1844, 1845, 1879 ] ], "NeighboringIntersections": "[[{992: 25.27271258972121, 972: 8.032443568076133, 1013: 8.250905064464925}]]" }, "geometry": { "type": "Point", "coordinates": [ 462570.537299999967217, 4981476.7215 ] } },
{ "type": "Feature", "properties": { "OBJECTID": 14267, "POINT_X": 462576.10869999975, "POINT_Y": 4987380.6154999994, "Roads": [ [ 1846, 1847, 1873 ] ], "NeighboringIntersections": "[[{989: 2.434037193341279, 1009: 6.133551382750098}]]" }, "geometry": { "type": "Point", "coordinates": [ 462576.10869999974966, 4987380.615499999374151 ] } },
{ "type": "Feature", "properties": { "OBJECTID": 14269, "POINT_X": 462577.16480000038, "POINT_Y": 4986436.6422000006, "Roads": [ [ 1830, 1848, 1849, 1850 ] ], "NeighboringIntersections": "[[{987: 4.4778890884114695, 1008: 38.270788993361506, 1018: 19.472848937288674}]]" }, "geometry": { "type": "Point", "coordinates": [ 462577.164800000376999, 4986436.642200000584126 ] } },
{ "type": "Feature", "properties": { "OBJECTID": 14270, "POINT_X": 462581.27020000014, "POINT_Y": 4980820.5076000001, "Roads": [ [ 1828, 1851, 1883 ] ], "NeighboringIntersections": "[[{958: 9.846257514681112, 1015: 8.060557659462097}]]" }, "geometry": { "type": "Point", "coordinates": [ 462581.270200000144541, 4980820.50760000012815 ] } },
{ "type": "Feature", "properties": { "OBJECTID": 14277, "POINT_X": 462590.1716, "POINT_Y": 4986325.153000001, "Roads": [ [ 1852, 1856, 1866 ] ], "NeighboringIntersections": "[[{987: 4.77833763115989, 1000: 2.6510776535232305, 1005: 4.6566811360368625}]]" }, "geometry": { "type": "Point", "coordinates": [ 462590.1716, 4986325.153000000864267 ] } },
{ "type": "Feature", "properties": { "OBJECTID": 14280, "POINT_X": 462590.92019999959, "POINT_Y": 4987596.3461000007, "Roads": [ [ 1853, 1854, 1905 ] ], "NeighboringIntersections": "[[{969: 9.59353941786495, 990: 7.55439477005998, 1028: 13.451075432386148}]]" }, "geometry": { "type": "Point", "coordinates": [ 462590.920199999585748, 4987596.346100000664592 ] } },
{ "type": "Feature", "properties": { "OBJECTID": 14289, "POINT_X": 462610.13839999959, "POINT_Y": 4986282.4052000009, "Roads": [ [ 1855, 1856, 1858, 1867 ] ], "NeighboringIntersections": "[[{921: 18.56620008722235, 998: 2.6510776535232305, 1001: 0.8511011766971524, 1005: 2.1930223083697293}]]" }, "geometry": { "type": "Point", "coordinates": [ 462610.138399999588728, 4986282.405200000852346 ] } },
{ "type": "Feature", "properties": { "OBJECTID": 14298, "POINT_X": 462614.41139999963, "POINT_Y": 4986269.7927000001, "Roads": [ [ 1857, 1858, 1865, 1995 ] ], "NeighboringIntersections": "[[{922: 18.421707017639857, 1000: 0.8511011766971524, 1004: 4.879039797590233, 1080: 19.849359480190145}]]" }, "geometry": { "type": "Point", "coordinates": [ 462614.411399999633431, 4986269.792700000107288 ] } },
{ "type": "Feature", "properties": { "OBJECTID": 14305, "POINT_X": 462624.63480000012, "POINT_Y": 4988991.9211999997, "Roads": [ [ 1859, 1860, 1861, 1885 ] ], "NeighboringIntersections": "[[{952: 13.840052544727014, 1010: 5.012371700095095, 1016: 9.812628663290031}]]" }, "geometry": { "type": "Point", "coordinates": [ 462624.634800000116229, 4988991.92119999974966 ] } },
{ "type": "Feature", "properties": { "OBJECTID": 14312, "POINT_X": 462632.9561000001, "POINT_Y": 4989803.3816, "Roads": [ [ 1862, 1863, 1864 ] ], "NeighboringIntersections": "[[{930: 24.439422268812113, 988: 15.12160088036625, 991: 5.606786746769214}]]" }, "geometry": { "type": "Point", "coordinates": [ 462632.956100000068545, 4989803.3816 ] } },
{ "type": "Feature", "properties": { "OBJECTID": 14316, "POINT_X": 462637.01190000027, "POINT_Y": 4986196.8786999993, "Roads": [ [ 1865, 1907, 1908 ] ], "NeighboringIntersections": "[[{1001: 4.879039797590233, 1029: 10.342481021734713, 1030: 20.495102348087332}]]" }, "geometry": { "type": "Point", "coordinates": [ 462637.011900000274181, 4986196.878699999302626 ] } },
{ "type": "Feature", "properties": { "OBJECTID": 14333, "POINT_X": 462652.6398, "POINT_Y": 4986294.0670999996, "Roads": [ [ 1866, 1867, 1997 ] ], "NeighboringIntersections": "[[{998: 4.6566811360368625, 1000: 2.1930223083697293, 1081: 17.879150184684576}]]" }, "geometry": { "type": "Point", "coordinates": [ 462652.6398, 4986294.067099999636412 ] } },
{ "type": "Feature", "properties": { "OBJECTID": 14336, "POINT_X": 462655.7917, "POINT_Y": 4985072.5560999997, "Roads": [ [ 1868, 1870, 1890 ] ], "NeighboringIntersections": "[[{976: 13.021489027704458, 1007: 1.0864748010949543, 1020: 9.643390848146037}]]" }, "geometry": { "type": "Point", "coordinates": [ 462655.791699999943376, 4985072.556099999696016 ] } },
{ "type": "Feature", "properties": { "OBJECTID": 14343, "POINT_X": 462662.47929999977, "POINT_Y": 4985088.1848000009, "Roads": [ [ 1869, 1870, 1891, 2146 ] ], "NeighboringIntersections": "[[{980: 12.528387246151436, 1006: 1.0864748010949543, 1021: 10.15978453523345, 1163: 64.9442363482622}]]" }, "geometry": { "type": "Point", "coordinates": [ 462662.479299999773502, 4985088.184800000861287 ] } },
{ "type": "Feature", "properties": { "OBJECTID": 14351, "POINT_X": 462666.7890999997, "POINT_Y": 4986954.7397000007, "Roads": [ [ 1849, 1871, 1945 ] ], "NeighboringIntersections": "[[{996: 38.270788993361506, 1051: 12.097804934455308}]]" }, "geometry": { "type": "Point", "coordinates": [ 462666.789099999703467, 4986954.739700000733137 ] } },
{ "type": "Feature", "properties": { "OBJECTID": 14360, "POINT_X": 462672.0313, "POINT_Y": 4987377.8960999995, "Roads": [ [ 1873, 1874, 1878 ] ], "NeighboringIntersections": "[[{995: 6.133551382750098, 1012: 1.5870003629966767}]]" }, "geometry": { "type": "Point", "coordinates": [ 462672.031299999915063, 4987377.896099999547005 ] } },
{ "type": "Feature", "properties": { "OBJECTID": 14370, "POINT_X": 462684.0708999997, "POINT_Y": 4989057.2508000005, "Roads": [ [ 1861, 1875, 1886 ] ], "NeighboringIntersections": "[[{1002: 5.012371700095095, 1016: 15.139850901297507}]]" }, "geometry": { "type": "Point", "coordinates": [ 462684.070899999700487, 4989057.250800000503659 ] } },
{ "type": "Feature", "properties": { "OBJECTID": 14379, "POINT_X": 462692.89479999989, "POINT_Y": 4981082.8056000005, "Roads": [ [ 1876, 1877, 1919 ] ], "NeighboringIntersections": "[[{992: 8.281960016245149, 1013: 25.199330024541556, 1035: 8.278112724431573}]]" }, "geometry": { "type": "Point", "coordinates": [ 462692.894799999892712, 4981082.805600000545382 ] } },
{ "type": "Feature", "properties": { "OBJECTID": 14384, "POINT_X": 462696.84, "POINT_Y": 4987376.8476999998, "Roads": [ [ 1878, 1887 ] ], "NeighboringIntersections": "[[{1009: 1.5870003629966767, 1017: 6.881975738365628}]]" }, "geometry": { "type": "Point", "coordinates": [ 462696.839999999850988, 4987376.847699999809265 ] } },
{ "type": "Feature", "properties": { "OBJECTID": 14385, "POINT_X": 462699.63389999978, "POINT_Y": 4981477.0267999992, "Roads": [ [ 1877, 1879, 1880, 1921 ] ], "NeighboringIntersections": "[[{1011: 25.199330024541556, 994: 8.250905064464925, 1039: 20.123707953619885, 1036: 8.0808304763963}]]" }, "geometry": { "type": "Point", "coordinates": [ 462699.633899999782443, 4981477.026799999177456 ] } },
{ "type": "Feature", "properties": { "OBJECTID": 14395, "POINT_X": 462706.22080000024, "POINT_Y": 4984419.5124999993, "Roads": [ [ 1881, 1882, 1941 ] ], "NeighboringIntersections": "[[{968: 18.794858016613084, 975: 19.431515650607423, 1049: 8.770343518967675}]]" }, "geometry": { "type": "Point", "coordinates": [ 462706.220800000242889, 4984419.512499999254942 ] } },
{ "type": "Feature", "properties": { "OBJECTID": 14396, "POINT_X": 462706.91550000012, "POINT_Y": 4980831.4249000009, "Roads": [ [ 1872, 1883, 1884, 1917 ] ], "NeighboringIntersections": "[[{997: 8.060557659462097, 1034: 7.366372072885866}]]" }, "geometry": { "type": "Point", "coordinates": [ 462706.915500000119209, 4980831.424900000914931 ] } },
{ "type": "Feature", "properties": { "OBJECTID": 14401, "POINT_X": 462709.14290000033, "POINT_Y": 4988839.997, "Roads": [ [ 1885, 1886, 1958 ] ], "NeighboringIntersections": "[[{1002: 9.812628663290031, 1010: 15.139850901297507, 1059: 13.285252833120602}]]" }, "geometry": { "type": "Point", "coordinates": [ 462709.142900000326335, 4988839.996999999508262 ] } },
{ "type": "Feature", "properties": { "OBJECTID": 14415, "POINT_X": 462723.32270000037, "POINT_Y": 4987375.7287000008, "Roads": [ [ 1887, 1903 ] ], "NeighboringIntersections": "[[{1012: 6.881975738365628, 1027: 4.4078202486133105}]]" }, "geometry": { "type": "Point", "coordinates": [ 462723.322700000368059, 4987375.728700000792742 ] } },
{ "type": "Feature", "properties": { "OBJECTID": 14429, "POINT_X": 462739.2494000001, "POINT_Y": 4986552.3677999992, "Roads": [ [ 1850, 1888, 1963 ] ], "NeighboringIntersections": "[[{996: 19.472848937288674, 1019: 6.60835345774241, 1062: 10.712166777999702}]]" }, "geometry": { "type": "Point", "coordinates": [ 462739.249400000087917, 4986552.367799999192357 ] } },
{ "type": "Feature", "properties": { "OBJECTID": 14448, "POINT_X": 462752.92470000032, "POINT_Y": 4986654.8564, "Roads": [ [ 1888, 1889, 1912 ] ], "NeighboringIntersections": "[[{1018: 6.60835345774241, 1052: 8.991553931234128}]]" }, "geometry": { "type": "Point", "coordinates": [ 462752.924700000323355, 4986654.8564 ] } },
{ "type": "Feature", "properties": { "OBJECTID": 14459, "POINT_X": 462763.498, "POINT_Y": 4984970.1454000007, "Roads": [ [ 1890, 1892, 1932 ] ], "NeighboringIntersections": "[[{1006: 9.643390848146037, 1021: 0.9975023362057973, 1044: 9.187351820778813}]]" }, "geometry": { "type": "Point", "coordinates": [ 462763.497999999672174, 4984970.145400000736117 ] } },
{ "type": "Feature", "properties": { "OBJECTID": 14475, "POINT_X": 462775.79910000041, "POINT_Y": 4984979.7511999998, "Roads": [ [ 1891, 1892, 1951, 1974 ] ], "NeighboringIntersections": "[[{1007: 10.15978453523345, 1020: 0.9975023362057973, 1055: 13.809126469776905, 1069: 11.860271836875725}]]" }, "geometry": { "type": "Point", "coordinates": [ 462775.799100000411272, 4984979.751199999824166 ] } },
{ "type": "Feature", "properties": { "OBJECTID": 14477, "POINT_X": 462779.34750000015, "POINT_Y": 4984827.0223999992, "Roads": [ [ 1893, 1933, 1936 ] ], "NeighboringIntersections": "[[{819: 32.68230102131111, 1044: 4.6108059852191285, 1047: 2.8231984964844377}]]" }, "geometry": { "type": "Point", "coordinates": [ 462779.347500000149012, 4984827.022399999201298 ] } },
{ "type": "Feature", "properties": { "OBJECTID": 14478, "POINT_X": 462781.54310000036, "POINT_Y": 4982754.896, "Roads": [ [ 1894, 1895, 1898, 1923 ] ], "NeighboringIntersections": "[[{940: 22.3232497674382, 1024: 2.7227526636467263, 1025: 0.9505766238247233, 1037: 2.3296677344009398}]]" }, "geometry": { "type": "Point", "coordinates": [ 462781.543100000359118, 4982754.895999999716878 ] } },
{ "type": "Feature", "properties": { "OBJECTID": 14479, "POINT_X": 462781.666, "POINT_Y": 4982797.4970999993, "Roads": [ [ 1895, 1896, 1924 ] ], "NeighboringIntersections": "[[{1023: 2.7227526636467263, 1026: 12.400597389334026, 1037: 3.7813895516244562}]]" }, "geometry": { "type": "Point", "coordinates": [ 462781.666000000201166, 4982797.497099999338388 ] } },
{ "type": "Feature", "properties": { "OBJECTID": 14480, "POINT_X": 462781.86120000016, "POINT_Y": 4982740.0263, "Roads": [ [ 1897, 1898, 1954 ] ], "NeighboringIntersections": "[[{942: 22.22680301175959, 1023: 0.9505766238247233, 1057: 4.80945738273728}]]" }, "geometry": { "type": "Point", "coordinates": [ 462781.861200000159442, 4982740.0263 ] } },
{ "type": "Feature", "properties": { "OBJECTID": 14481, "POINT_X": 462782.22559999954, "POINT_Y": 4982991.521, "Roads": [ [ 1896, 1899, 1900, 1901 ] ], "NeighboringIntersections": "[[{1024: 12.400597389334026, 978: 20.909171231548765, 981: 20.154813444638947, 1032: 11.464408099050253}]]" }, "geometry": { "type": "Point", "coordinates": [ 462782.225599999539554, 4982991.520999999716878 ] } },
{ "type": "Feature", "properties": { "OBJECTID": 14487, "POINT_X": 462792.2276999997, "POINT_Y": 4987372.817, "Roads": [ [ 1903, 1904, 1944 ] ], "NeighboringIntersections": "[[{1017: 4.4078202486133105, 1028: 13.05291869140849, 1050: 3.4103032670290667}]]" }, "geometry": { "type": "Point", "coordinates": [ 462792.227699999697506, 4987372.816999999806285 ] } },
{ "type": "Feature", "properties": { "OBJECTID": 14497, "POINT_X": 462795.21669999976, "POINT_Y": 4987577.0176, "Roads": [ [ 1904, 1905, 1906 ] ], "NeighboringIntersections": "[[{1027: 13.05291869140849, 999: 13.451075432386148, 1038: 20.047035689296017}]]" }, "geometry": { "type": "Point", "coordinates": [ 462795.216699999757111, 4987577.0176 ] } },
{ "type": "Feature", "properties": { "OBJECTID": 14498, "POINT_X": 462796.91509999987, "POINT_Y": 4986214.8005999997, "Roads": [ [ 1907, 1909, 1987 ] ], "NeighboringIntersections": "[[{1004: 10.342481021734713, 1030: 7.720630272987985, 1077: 15.379904973160606}]]" }, "geometry": { "type": "Point", "coordinates": [ 462796.91509999986738, 4986214.800599999725819 ] } },
{ "type": "Feature", "properties": { "OBJECTID": 14499, "POINT_X": 462796.97520000022, "POINT_Y": 4986094.4477999993, "Roads": [ [ 1908, 1909, 1911 ] ], "NeighboringIntersections": "[[{1004: 20.495102348087332, 1029: 7.720630272987985, 1031: 9.662548795667423}]]" }, "geometry": { "type": "Point", "coordinates": [ 462796.975200000219047, 4986094.447799999266863 ] } },
{ "type": "Feature", "properties": { "OBJECTID": 14501, "POINT_X": 462799.26240000036, "POINT_Y": 4985946.5967999995, "Roads": [ [ 1910, 1911, 1983 ] ], "NeighboringIntersections": "[[{951: 30.461583469228547, 1030: 9.662548795667423, 1075: 11.898637334083606}]]" }, "geometry": { "type": "Point", "coordinates": [ 462799.262400000356138, 4985946.596799999475479 ] } },
{ "type": "Feature", "properties": { "OBJECTID": 14505, "POINT_X": 462804.71320000011, "POINT_Y": 4983167.7451000009, "Roads": [ [ 1901, 1913, 1934 ] ], "NeighboringIntersections": "[[{1026: 11.464408099050253, 1041: 20.827256017156493, 1045: 2.138512520724043}]]" }, "geometry": { "type": "Point", "coordinates": [ 462804.713200000114739, 4983167.745100000873208 ] } },
{ "type": "Feature", "properties": { "OBJECTID": 14529, "POINT_X": 462819.88989999983, "POINT_Y": 4980688.8512999993, "Roads": [ [ 1914, 1915, 1916 ] ], "NeighboringIntersections": "[[{1034: 9.792006551787638, 1096: 29.743290624441215}]]" }, "geometry": { "type": "Point", "coordinates": [ 462819.889899999834597, 4980688.851299999281764 ] } },
{ "type": "Feature", "properties": { "OBJECTID": 14532, "POINT_X": 462821.65689999983, "POINT_Y": 4980842.039000001, "Roads": [ [ 1915, 1917, 1918, 2008 ] ], "NeighboringIntersections": "[[{1033: 9.792006551787638, 1015: 7.366372072885866, 1035: 15.428194850482035, 1089: 14.257641173577179}]]" }, "geometry": { "type": "Point", "coordinates": [ 462821.656899999827147, 4980842.039000000804663 ] } },
{ "type": "Feature", "properties": { "OBJECTID": 14534, "POINT_X": 462822.416, "POINT_Y": 4981083.4211999997, "Roads": [ [ 1918, 1919, 1920 ] ], "NeighboringIntersections": "[[{1034: 15.428194850482035, 1011: 8.278112724431573, 1036: 25.218442221333518}]]" }, "geometry": { "type": "Point", "coordinates": [ 462822.416000000201166, 4981083.42119999974966 ] } },
{ "type": "Feature", "properties": { "OBJECTID": 14544, "POINT_X": 462826.06620000023, "POINT_Y": 4981477.9816999994, "Roads": [ [ 1920, 1921, 1922 ] ], "NeighboringIntersections": "[[{1035: 25.218442221333518, 1013: 8.0808304763963, 1039: 12.247343477811663}]]" }, "geometry": { "type": "Point", "coordinates": [ 462826.066200000233948, 4981477.981699999421835 ] } },
{ "type": "Feature", "properties": { "OBJECTID": 14545, "POINT_X": 462826.10219999962, "POINT_Y": 4982769.4137999993, "Roads": [ [ 1923, 1924, 1955 ] ], "NeighboringIntersections": "[[{1023: 2.3296677344009398, 1024: 3.7813895516244562, 1057: 2.223882188218579}]]" }, "geometry": { "type": "Point", "coordinates": [ 462826.10219999961555, 4982769.413799999281764 ] } },
{ "type": "Feature", "properties": { "OBJECTID": 14549, "POINT_X": 462826.927, "POINT_Y": 4987878.862, "Roads": [ [ 1906, 1925, 1989 ] ], "NeighboringIntersections": "[[{1028: 20.047035689296017, 986: 20.43021710161597, 1078: 10.662420588456374}]]" }, "geometry": { "type": "Point", "coordinates": [ 462826.927000000141561, 4987878.861999999731779 ] } },
{ "type": "Feature", "properties": { "OBJECTID": 14550, "POINT_X": 462827.1447000001, "POINT_Y": 4981669.6054999996, "Roads": [ [ 1880, 1922, 1926 ] ], "NeighboringIntersections": "[[{1013: 20.123707953619885, 1036: 12.247343477811663, 1042: 4.878892988887968}]]" }, "geometry": { "type": "Point", "coordinates": [ 462827.144700000062585, 4981669.605499999597669 ] } },
{ "type": "Feature", "properties": { "OBJECTID": 14555, "POINT_X": 462827.82010000013, "POINT_Y": 4989959.4506000001, "Roads": [ [ 1927, 1928, 1965, 2084 ] ], "NeighboringIntersections": "[[{993: 12.694807727291547, 1058: 5.732815772407258, 1063: 7.18795161488796, 1127: 20.078340526317355}]]" }, "geometry": { "type": "Point", "coordinates": [ 462827.82010000012815, 4989959.4506 ] } },
{ "type": "Feature", "properties": { "OBJECTID": 14559, "POINT_X": 462829.46580000035, "POINT_Y": 4983490.4667000007, "Roads": [ [ 1913, 1929, 2233 ] ], "NeighboringIntersections": "[[{1032: 20.827256017156493, 1043: 61.71648870868986, 1206: 50.916903150148954}]]" }, "geometry": { "type": "Point", "coordinates": [ 462829.465800000354648, 4983490.466700000688434 ] } },
{ "type": "Feature", "properties": { "OBJECTID": 14560, "POINT_X": 462829.6469000001, "POINT_Y": 4981745.8577999994, "Roads": [ [ 1926, 1930, 1969 ] ], "NeighboringIntersections": "[[{1039: 4.878892988887968, 942: 70.22892751958237, 1066: 6.395314768741704}]]" }, "geometry": { "type": "Point", "coordinates": [ 462829.646900000050664, 4981745.857799999415874 ] } },
{ "type": "Feature", "properties": { "OBJECTID": 14562, "POINT_X": 462830.70760000031, "POINT_Y": 4983754.0495999996, "Roads": [ [ 1929, 1931 ] ], "NeighboringIntersections": "[[{1041: 61.71648870868986, 1046: 21.87601393558364}]]" }, "geometry": { "type": "Point", "coordinates": [ 462830.707600000314415, 4983754.049599999561906 ] } },
{ "type": "Feature", "properties": { "OBJECTID": 14565, "POINT_X": 462833.78170000017, "POINT_Y": 4984847.114, "Roads": [ [ 1932, 1933, 1937 ] ], "NeighboringIntersections": "[[{1020: 9.187351820778813, 1022: 4.6108059852191285, 1047: 3.522742309760229}]]" }, "geometry": { "type": "Point", "coordinates": [ 462833.781700000166893, 4984847.114 ] } },
{ "type": "Feature", "properties": { "OBJECTID": 14571, "POINT_X": 462836.49550000019, "POINT_Y": 4983157.4078000002, "Roads": [ [ 1934, 1956, 1973 ] ], "NeighboringIntersections": "[[{1032: 2.138512520724043, 1057: 24.769360694367027, 1068: 6.067400693634016}]]" }, "geometry": { "type": "Point", "coordinates": [ 462836.495500000193715, 4983157.407800000160933 ] } },
{ "type": "Feature", "properties": { "OBJECTID": 14583, "POINT_X": 462839.4934, "POINT_Y": 4984096.1172000002, "Roads": [ [ 1931, 1935, 2104 ] ], "NeighboringIntersections": "[[{1043: 21.87601393558364, 1049: 20.39704927908339, 1138: 32.50106510998127}]]" }, "geometry": { "type": "Point", "coordinates": [ 462839.493400000035763, 4984096.117200000211596 ] } },
{ "type": "Feature", "properties": { "OBJECTID": 14585, "POINT_X": 462839.66619999986, "POINT_Y": 4984792.6709000003, "Roads": [ [ 1936, 1937, 1939, 1952 ] ], "NeighboringIntersections": "[[{1022: 2.8231984964844377, 1044: 3.522742309760229, 1048: 1.762680128938023, 1055: 0.5948947637013634}]]" }, "geometry": { "type": "Point", "coordinates": [ 462839.666199999861419, 4984792.67090000025928 ] } },
{ "type": "Feature", "properties": { "OBJECTID": 14586, "POINT_X": 462840.11170000024, "POINT_Y": 4984765.0949000008, "Roads": [ [ 1938, 1939, 1942, 1949 ] ], "NeighboringIntersections": "[[{974: 18.43501523423699, 1047: 1.762680128938023, 1049: 22.42204256358473, 1054: 0.533617712470933}]]" }, "geometry": { "type": "Point", "coordinates": [ 462840.111700000241399, 4984765.094900000840425 ] } },
{ "type": "Feature", "properties": { "OBJECTID": 14591, "POINT_X": 462843.22130000032, "POINT_Y": 4984415.2355000004, "Roads": [ [ 1935, 1941, 1942, 1943, 2105 ] ], "NeighboringIntersections": "[[{1046: 20.39704927908339, 1014: 8.770343518967675, 1048: 22.42204256358473, 1053: 18.52047222297009, 1138: 43.57788236850471}]]" }, "geometry": { "type": "Point", "coordinates": [ 462843.221300000324845, 4984415.235500000417233 ] } },
{ "type": "Feature", "properties": { "OBJECTID": 14592, "POINT_X": 462845.5390999997, "POINT_Y": 4987370.5644000005, "Roads": [ [ 1940, 1944, 1961 ] ], "NeighboringIntersections": "[[{1027: 3.4103032670290667, 1061: 3.7961641169684044}]]" }, "geometry": { "type": "Point", "coordinates": [ 462845.539099999703467, 4987370.564400000497699 ] } },
{ "type": "Feature", "properties": { "OBJECTID": 14593, "POINT_X": 462846.0472, "POINT_Y": 4986981.8732999992, "Roads": [ [ 1945, 1946, 1990 ] ], "NeighboringIntersections": "[[{1008: 12.097804934455308, 1052: 14.871995989933591}]]" }, "geometry": { "type": "Point", "coordinates": [ 462846.047199999913573, 4986981.873299999162555 ] } },
{ "type": "Feature", "properties": { "OBJECTID": 14594, "POINT_X": 462846.35080000013, "POINT_Y": 4986749.1802999992, "Roads": [ [ 1889, 1946, 1992 ] ], "NeighboringIntersections": "[[{1019: 8.991553931234128, 1051: 14.871995989933591}]]" }, "geometry": { "type": "Point", "coordinates": [ 462846.35080000013113, 4986749.180299999192357 ] } },
{ "type": "Feature", "properties": { "OBJECTID": 14604, "POINT_X": 462850.96009999979, "POINT_Y": 4984703.7731999997, "Roads": [ [ 1943, 1947, 1948 ] ], "NeighboringIntersections": "[[{1049: 18.52047222297009, 1054: 3.4930717387870702, 1065: 5.337794691282232}]]" }, "geometry": { "type": "Point", "coordinates": [ 462850.960099999792874, 4984703.773199999704957 ] } },
{ "type": "Feature", "properties": { "OBJECTID": 14605, "POINT_X": 462851.4101, "POINT_Y": 4984758.4252000004, "Roads": [ [ 1947, 1949, 1950, 1968 ] ], "NeighboringIntersections": "[[{1053: 3.4930717387870702, 1048: 0.533617712470933, 1055: 1.7257934218455029, 1065: 3.110772673146235}]]" }, "geometry": { "type": "Point", "coordinates": [ 462851.410099999979138, 4984758.425200000405312 ] } },
{ "type": "Feature", "properties": { "OBJECTID": 14606, "POINT_X": 462852.364, "POINT_Y": 4984785.4108000007, "Roads": [ [ 1950, 1951, 1952, 2239 ] ], "NeighboringIntersections": "[[{1054: 1.7257934218455029, 1021: 13.809126469776905, 1047: 0.5948947637013634, 1209: 34.93377337766693}]]" }, "geometry": { "type": "Point", "coordinates": [ 462852.364000000059605, 4984785.410800000652671 ] } },
{ "type": "Feature", "properties": { "OBJECTID": 14633, "POINT_X": 462866.13289999962, "POINT_Y": 4990261.9813000001, "Roads": [ [ 1953, 1960, 2017 ] ], "NeighboringIntersections": "[[{1060: 10.595240692866918, 1093: 16.67789201942321}]]" }, "geometry": { "type": "Point", "coordinates": [ 462866.13289999961853, 4990261.981300000101328 ] } },
{ "type": "Feature", "properties": { "OBJECTID": 14642, "POINT_X": 462869.7807, "POINT_Y": 4982776.002, "Roads": [ [ 1954, 1955, 1956, 2080 ] ], "NeighboringIntersections": "[[{1025: 4.80945738273728, 1037: 2.223882188218579, 1045: 24.769360694367027, 1124: 20.538797507945585}]]" }, "geometry": { "type": "Point", "coordinates": [ 462869.7807, 4982776.002000000327826 ] } },
{ "type": "Feature", "properties": { "OBJECTID": 14653, "POINT_X": 462879.26730000041, "POINT_Y": 4990031.1078999992, "Roads": [ [ 1928, 1957, 1994 ] ], "NeighboringIntersections": "[[{1040: 5.732815772407258, 1060: 5.014989767768916}]]" }, "geometry": { "type": "Point", "coordinates": [ 462879.267300000414252, 4990031.107899999246001 ] } },
{ "type": "Feature", "properties": { "OBJECTID": 14659, "POINT_X": 462882.56340000033, "POINT_Y": 4988683.1987999994, "Roads": [ [ 1958, 1959, 2037 ] ], "NeighboringIntersections": "[[{1016: 13.285252833120602, 1071: 9.028855707852212, 1102: 16.446198571857764}]]" }, "geometry": { "type": "Point", "coordinates": [ 462882.563400000333786, 4988683.198799999430776 ] } },
{ "type": "Feature", "properties": { "OBJECTID": 14671, "POINT_X": 462896.86369999964, "POINT_Y": 4990101.9331, "Roads": [ [ 1957, 1960, 2015 ] ], "NeighboringIntersections": "[[{1058: 5.014989767768916, 1056: 10.595240692866918, 1092: 11.336030361319743}]]" }, "geometry": { "type": "Point", "coordinates": [ 462896.863699999637902, 4990101.9331 ] } },
{ "type": "Feature", "properties": { "OBJECTID": 14677, "POINT_X": 462904.0111999996, "POINT_Y": 4987376.0046999995, "Roads": [ [ 1961, 1962, 1981 ] ], "NeighboringIntersections": "[[{1050: 3.7961641169684044, 1072: 17.56894308378931, 1074: 6.7788395131739465}]]" }, "geometry": { "type": "Point", "coordinates": [ 462904.011199999600649, 4987376.004699999466538 ] } },
{ "type": "Feature", "properties": { "OBJECTID": 14683, "POINT_X": 462906.1239, "POINT_Y": 4986540.2541000005, "Roads": [ [ 1963, 1964, 1998 ] ], "NeighboringIntersections": "[[{1018: 10.712166777999702, 1086: 13.50093284728749, 1081: 17.67785295511096}]]" }, "geometry": { "type": "Point", "coordinates": [ 462906.1239, 4986540.254100000485778 ] } },
{ "type": "Feature", "properties": { "OBJECTID": 14690, "POINT_X": 462911.42310000025, "POINT_Y": 4989909.0428999998, "Roads": [ [ 1965, 2052 ] ], "NeighboringIntersections": "[[{1040: 7.18795161488796, 1109: 49.12906786171066}]]" }, "geometry": { "type": "Point", "coordinates": [ 462911.423100000247359, 4989909.042899999767542 ] } },
{ "type": "Feature", "properties": { "OBJECTID": 14694, "POINT_X": 462915.42939999979, "POINT_Y": 4988917.958000001, "Roads": [ [ 1966, 1967, 1977 ] ], "NeighboringIntersections": "[[{1071: 5.72572773897509}]]" }, "geometry": { "type": "Point", "coordinates": [ 462915.429399999789894, 4988917.958000000566244 ] } },
{ "type": "Feature", "properties": { "OBJECTID": 14698, "POINT_X": 462917.8459000001, "POINT_Y": 4984720.5273000002, "Roads": [ [ 1948, 1968, 2237 ] ], "NeighboringIntersections": "[[{1053: 5.337794691282232, 1054: 3.110772673146235, 1208: 31.831912955626365}]]" }, "geometry": { "type": "Point", "coordinates": [ 462917.845900000073016, 4984720.527300000190735 ] } },
{ "type": "Feature", "properties": { "OBJECTID": 14702, "POINT_X": 462923.6911000004, "POINT_Y": 4981762.7324000001, "Roads": [ [ 1969, 1970, 1980 ] ], "NeighboringIntersections": "[[{1042: 6.395314768741704, 1073: 2.63839613598842}]]" }, "geometry": { "type": "Point", "coordinates": [ 462923.691100000403821, 4981762.7324 ] } },
{ "type": "Feature", "properties": { "OBJECTID": 14711, "POINT_X": 462930.77670000028, "POINT_Y": 4983084.289000001, "Roads": [ [ 1971, 1972, 1976 ] ], "NeighboringIntersections": "[[{1068: 4.342702563765048, 1070: 3.7679264978027294}]]" }, "geometry": { "type": "Point", "coordinates": [ 462930.776700000278652, 4983084.289000000804663 ] } },
{ "type": "Feature", "properties": { "OBJECTID": 14712, "POINT_X": 462931.07650000043, "POINT_Y": 4983152.236, "Roads": [ [ 1972, 1973, 2231 ] ], "NeighboringIntersections": "[[{1067: 4.342702563765048, 1045: 6.067400693634016, 1205: 44.9029921323796}]]" }, "geometry": { "type": "Point", "coordinates": [ 462931.076500000432134, 4983152.235999999567866 ] } },
{ "type": "Feature", "properties": { "OBJECTID": 14716, "POINT_X": 462933.00079999957, "POINT_Y": 4984973.972, "Roads": [ [ 1974, 1975, 2005, 2039 ] ], "NeighboringIntersections": "[[{1021: 11.860271836875725, 1087: 6.973252991924948, 1103: 49.27476919482082}]]" }, "geometry": { "type": "Point", "coordinates": [ 462933.000799999572337, 4984973.971999999135733 ] } },
{ "type": "Feature", "properties": { "OBJECTID": 14728, "POINT_X": 462943.47180000041, "POINT_Y": 4983029.492000001, "Roads": [ [ 1976, 1985, 2012 ] ], "NeighboringIntersections": "[[{1067: 3.7679264978027294, 1076: 2.7465273813491504, 1091: 21.92625576758958}]]" }, "geometry": { "type": "Point", "coordinates": [ 462943.471800000406802, 4983029.492000000551343 ] } },
{ "type": "Feature", "properties": { "OBJECTID": 14752, "POINT_X": 462952.0937000001, "POINT_Y": 4988826.2562000006, "Roads": [ [ 1959, 1977, 1993 ] ], "NeighboringIntersections": "[[{1059: 9.028855707852212, 1064: 5.72572773897509}]]" }, "geometry": { "type": "Point", "coordinates": [ 462952.093700000084937, 4988826.25620000064373 ] } },
{ "type": "Feature", "properties": { "OBJECTID": 14757, "POINT_X": 462954.01769999973, "POINT_Y": 4987634.0426000003, "Roads": [ [ 1962, 1978, 1979 ] ], "NeighboringIntersections": "[[{1061: 17.56894308378931, 1078: 14.84638279407247}]]" }, "geometry": { "type": "Point", "coordinates": [ 462954.017699999734759, 4987634.042600000277162 ] } },
{ "type": "Feature", "properties": { "OBJECTID": 14768, "POINT_X": 462964.57990000024, "POINT_Y": 4981757.0526000001, "Roads": [ [ 1980, 1999, 2010 ] ], "NeighboringIntersections": "[[{1066: 2.63839613598842, 1082: 25.3207073368014}]]" }, "geometry": { "type": "Point", "coordinates": [ 462964.579900000244379, 4981757.0526 ] } },
{ "type": "Feature", "properties": { "OBJECTID": 14787, "POINT_X": 462974.85489999969, "POINT_Y": 4987301.2588999998, "Roads": [ [ 1981, 1982, 2030 ] ], "NeighboringIntersections": "[[{1061: 6.7788395131739465, 1079: 10.729173676133598, 1098: 12.198642067243018}]]" }, "geometry": { "type": "Point", "coordinates": [ 462974.854899999685585, 4987301.258899999782443 ] } },
{ "type": "Feature", "properties": { "OBJECTID": 14800, "POINT_X": 462985.0948000001, "POINT_Y": 4985953.17, "Roads": [ [ 1983, 1984, 2049 ] ], "NeighboringIntersections": "[[{1031: 11.898637334083606, 1083: 7.869006606303881}]]" }, "geometry": { "type": "Point", "coordinates": [ 462985.094800000078976, 4985953.17 ] } },
{ "type": "Feature", "properties": { "OBJECTID": 14801, "POINT_X": 462985.1018000003, "POINT_Y": 4983020.9571000002, "Roads": [ [ 1985, 1986, 2013 ] ], "NeighboringIntersections": "[[{1070: 2.7465273813491504, 1091: 5.478664100656621}]]" }, "geometry": { "type": "Point", "coordinates": [ 462985.101800000295043, 4983020.957100000232458 ] } },
{ "type": "Feature", "properties": { "OBJECTID": 14808, "POINT_X": 462986.9676000001, "POINT_Y": 4986098.8478999995, "Roads": [ [ 1987, 1988, 2001 ] ], "NeighboringIntersections": "[[{1029: 15.379904973160606, 1088: 4.5508685209936015, 1083: 2.649472350415657}]]" }, "geometry": { "type": "Point", "coordinates": [ 462986.967600000090897, 4986098.847899999469519 ] } },
{ "type": "Feature", "properties": { "OBJECTID": 14817, "POINT_X": 462991.36809999961, "POINT_Y": 4987853.9958999995, "Roads": [ [ 1979, 1989, 2119 ] ], "NeighboringIntersections": "[[{1072: 14.84638279407247, 1038: 10.662420588456374, 1145: 26.63965207645879}]]" }, "geometry": { "type": "Point", "coordinates": [ 462991.36809999961406, 4987853.995899999514222 ] } },
{ "type": "Feature", "properties": { "OBJECTID": 14825, "POINT_X": 462997.1288000001, "POINT_Y": 4987465.0063000005, "Roads": [ [ 1982, 1991, 2019 ] ], "NeighboringIntersections": "[[{1074: 10.729173676133598, 1094: 11.49276092102435}]]" }, "geometry": { "type": "Point", "coordinates": [ 462997.128800000064075, 4987465.006300000473857 ] } },
{ "type": "Feature", "properties": { "OBJECTID": 14840, "POINT_X": 463011.48919999972, "POINT_Y": 4986289.11, "Roads": [ [ 1995, 1996, 2002, 2067 ] ], "NeighboringIntersections": "[[{1001: 19.849359480190145, 1081: 0.9046813785486159, 1084: 3.9340477519339094, 1117: 12.174770611535536}]]" }, "geometry": { "type": "Point", "coordinates": [ 463011.489199999719858, 4986289.109999999403954 ] } },
{ "type": "Feature", "properties": { "OBJECTID": 14841, "POINT_X": 463011.56570000015, "POINT_Y": 4986303.2647999991, "Roads": [ [ 1996, 1997, 1998, 2071 ] ], "NeighboringIntersections": "[[{1080: 0.9046813785486159, 1005: 17.879150184684576, 1062: 17.67785295511096, 1119: 12.181277214842417}]]" }, "geometry": { "type": "Point", "coordinates": [ 463011.565700000151992, 4986303.264799999073148 ] } },
{ "type": "Feature", "properties": { "OBJECTID": 14842, "POINT_X": 463013.64979999978, "POINT_Y": 4981371.0503000002, "Roads": [ [ 1999, 2003, 2011 ] ], "NeighboringIntersections": "[[{1073: 25.3207073368014, 1085: 14.023471044066266, 1090: 11.538873738976177}]]" }, "geometry": { "type": "Point", "coordinates": [ 463013.649799999780953, 4981371.050300000235438 ] } },
{ "type": "Feature", "properties": { "OBJECTID": 14843, "POINT_X": 463015.24170000013, "POINT_Y": 4986068.5891999993, "Roads": [ [ 1984, 2001, 2022 ] ], "NeighboringIntersections": "[[{1075: 7.869006606303881, 1077: 2.649472350415657}]]" }, "geometry": { "type": "Point", "coordinates": [ 463015.24170000012964, 4986068.589199999347329 ] } },
{ "type": "Feature", "properties": { "OBJECTID": 14847, "POINT_X": 463019.85049999971, "POINT_Y": 4986228.4635000005, "Roads": [ [ 2002, 2007, 2050 ] ], "NeighboringIntersections": "[[{1080: 3.9340477519339094, 1088: 4.957850640906886}]]" }, "geometry": { "type": "Point", "coordinates": [ 463019.850499999709427, 4986228.463500000536442 ] } },
{ "type": "Feature", "properties": { "OBJECTID": 14851, "POINT_X": 463024.66860000044, "POINT_Y": 4981189.6185999997, "Roads": [ [ 2003, 2004, 2009 ] ], "NeighboringIntersections": "[[{1082: 14.023471044066266, 1090: 3.6229940617586585, 1089: 18.549548914558663}]]" }, "geometry": { "type": "Point", "coordinates": [ 463024.668600000441074, 4981189.618599999696016 ] } },
{ "type": "Feature", "properties": { "OBJECTID": 14855, "POINT_X": 463027.819, "POINT_Y": 4986643.8390999995, "Roads": [ [ 1964, 2000, 2027 ] ], "NeighboringIntersections": "[[{1062: 13.50093284728749, 1097: 6.299097214811564}]]" }, "geometry": { "type": "Point", "coordinates": [ 463027.81900000013411, 4986643.839099999517202 ] } },
{ "type": "Feature", "properties": { "OBJECTID": 14856, "POINT_X": 463027.84559999965, "POINT_Y": 4984920.0401000008, "Roads": [ [ 2005, 2006, 2040 ] ], "NeighboringIntersections": "[[{1069: 6.973252991924948, 1103: 9.729404072049046}]]" }, "geometry": { "type": "Point", "coordinates": [ 463027.845599999651313, 4984920.040100000798702 ] } },
{ "type": "Feature", "properties": { "OBJECTID": 14861, "POINT_X": 463030.83040000033, "POINT_Y": 4986153.4131000005, "Roads": [ [ 1988, 2007, 2120 ] ], "NeighboringIntersections": "[[{1077: 4.5508685209936015, 1084: 4.957850640906886, 1146: 24.94644448816371}]]" }, "geometry": { "type": "Point", "coordinates": [ 463030.830400000326335, 4986153.413100000470877 ] } },
{ "type": "Feature", "properties": { "OBJECTID": 14865, "POINT_X": 463036.77269999962, "POINT_Y": 4980901.0387999993, "Roads": [ [ 2008, 2009, 2025 ] ], "NeighboringIntersections": "[[{1034: 14.257641173577179, 1085: 18.549548914558663, 1096: 5.776287686221276}]]" }, "geometry": { "type": "Point", "coordinates": [ 463036.772699999623001, 4980901.038799999281764 ] } },
{ "type": "Feature", "properties": { "OBJECTID": 14897, "POINT_X": 463063.466, "POINT_Y": 4981230.2901000008, "Roads": [ [ 2004, 2011, 2042 ] ], "NeighboringIntersections": "[[{1085: 3.6229940617586585, 1082: 11.538873738976177, 1104: 6.460293783580318}]]" }, "geometry": { "type": "Point", "coordinates": [ 463063.466000000014901, 4981230.290100000798702 ] } },
{ "type": "Feature", "properties": { "OBJECTID": 14911, "POINT_X": 463069.47620000038, "POINT_Y": 4983006.5985000003, "Roads": [ [ 2012, 2013, 2014, 2032 ] ], "NeighboringIntersections": "[[{1070: 21.92625576758958, 1076: 5.478664100656621, 1099: 4.92192748598504}]]" }, "geometry": { "type": "Point", "coordinates": [ 463069.47620000038296, 4983006.598500000312924 ] } },
{ "type": "Feature", "properties": { "OBJECTID": 14918, "POINT_X": 463070.978, "POINT_Y": 4990133.7182, "Roads": [ [ 2015, 2016, 2033, 2098 ] ], "NeighboringIntersections": "[[{1060: 11.336030361319743, 1093: 5.568304915269333, 1135: 16.15696784549491}]]" }, "geometry": { "type": "Point", "coordinates": [ 463070.978000000119209, 4990133.7182 ] } },
{ "type": "Feature", "properties": { "OBJECTID": 14919, "POINT_X": 463071.6672, "POINT_Y": 4990220.8394000009, "Roads": [ [ 2016, 2017, 2018 ] ], "NeighboringIntersections": "[[{1092: 5.568304915269333, 1056: 16.67789201942321}]]" }, "geometry": { "type": "Point", "coordinates": [ 463071.667200000025332, 4990220.839400000870228 ] } },
{ "type": "Feature", "properties": { "OBJECTID": 14966, "POINT_X": 463102.6464, "POINT_Y": 4987570.6272999998, "Roads": [ [ 1991, 2020, 2047 ] ], "NeighboringIntersections": "[[{1079: 11.49276092102435, 1107: 5.802020677301397}]]" }, "geometry": { "type": "Point", "coordinates": [ 463102.646399999968708, 4987570.627299999818206 ] } },
{ "type": "Feature", "properties": { "OBJECTID": 14977, "POINT_X": 463114.619, "POINT_Y": 4988349.0998, "Roads": [ [ 2023, 2064, 2085 ] ], "NeighboringIntersections": "[[{1115: 8.332048871543524, 1128: 12.61105031278971}]]" }, "geometry": { "type": "Point", "coordinates": [ 463114.618999999947846, 4988349.0998 ] } },
{ "type": "Feature", "properties": { "OBJECTID": 14982, "POINT_X": 463123.58249999955, "POINT_Y": 4980926.1835999992, "Roads": [ [ 1916, 2025, 2062 ] ], "NeighboringIntersections": "[[{1033: 29.743290624441215, 1089: 5.776287686221276, 1114: 7.274968743145589}]]" }, "geometry": { "type": "Point", "coordinates": [ 463123.582499999552965, 4980926.183599999174476 ] } },
{ "type": "Feature", "properties": { "OBJECTID": 14985, "POINT_X": 463125.82550000027, "POINT_Y": 4986651.3236999996, "Roads": [ [ 2026, 2027, 2028, 2069 ] ], "NeighboringIntersections": "[[{1086: 6.299097214811564, 1116: 19.572989873351908, 1118: 8.377114682263267}]]" }, "geometry": { "type": "Point", "coordinates": [ 463125.825500000268221, 4986651.323699999600649 ] } },
{ "type": "Feature", "properties": { "OBJECTID": 14994, "POINT_X": 463135.30080000032, "POINT_Y": 4987199.5425000004, "Roads": [ [ 2030, 2031, 2092 ] ], "NeighboringIntersections": "[[{1074: 12.198642067243018, 1110: 10.544622728855728, 1132: 13.474219755678137}]]" }, "geometry": { "type": "Point", "coordinates": [ 463135.300800000317395, 4987199.542500000447035 ] } },
{ "type": "Feature", "properties": { "OBJECTID": 15009, "POINT_X": 463144.6294, "POINT_Y": 4982990.3856000006, "Roads": [ [ 2029, 2032, 2035 ] ], "NeighboringIntersections": "[[{1091: 4.92192748598504, 1101: 0.3314731721122379}]]" }, "geometry": { "type": "Point", "coordinates": [ 463144.629399999976158, 4982990.385600000619888 ] } },
{ "type": "Feature", "properties": { "OBJECTID": 15018, "POINT_X": 463147.20440000016, "POINT_Y": 4982309.8735000007, "Roads": [ [ 2034, 2046, 2089 ] ], "NeighboringIntersections": "[[{1106: 7.568675194619377}]]" }, "geometry": { "type": "Point", "coordinates": [ 463147.204400000162423, 4982309.873500000685453 ] } },
{ "type": "Feature", "properties": { "OBJECTID": 15024, "POINT_X": 463149.8088999996, "POINT_Y": 4982990.1188999992, "Roads": [ [ 2035, 2036, 2059 ] ], "NeighboringIntersections": "[[{1099: 0.3314731721122379, 1112: 4.371058089131218}]]" }, "geometry": { "type": "Point", "coordinates": [ 463149.808899999596179, 4982990.118899999186397 ] } },
{ "type": "Feature", "properties": { "OBJECTID": 15030, "POINT_X": 463152.66569999978, "POINT_Y": 4988608.1643000003, "Roads": [ [ 2037, 2038, 2061 ] ], "NeighboringIntersections": "[[{1059: 16.446198571857764, 1125: 54.34918370691181, 1113: 7.354369598032312}]]" }, "geometry": { "type": "Point", "coordinates": [ 463152.665699999779463, 4988608.164300000295043 ] } },
{ "type": "Feature", "properties": { "OBJECTID": 15035, "POINT_X": 463160.0603, "POINT_Y": 4984844.5862000007, "Roads": [ [ 2039, 2040, 2041 ] ], "NeighboringIntersections": "[[{1069: 49.27476919482082, 1087: 9.729404072049046}]]" }, "geometry": { "type": "Point", "coordinates": [ 463160.060300000011921, 4984844.586200000718236 ] } },
{ "type": "Feature", "properties": { "OBJECTID": 15038, "POINT_X": 463162.00389999989, "POINT_Y": 4981220.6130999997, "Roads": [ [ 2042, 2043, 2063 ] ], "NeighboringIntersections": "[[{1090: 6.460293783580318, 1114: 19.765246857875585}]]" }, "geometry": { "type": "Point", "coordinates": [ 463162.003899999894202, 4981220.613099999725819 ] } },
{ "type": "Feature", "properties": { "OBJECTID": 15056, "POINT_X": 463171.9172, "POINT_Y": 4982471.8486000001, "Roads": [ [ 2044, 2045, 2055 ] ], "NeighboringIntersections": "[[{1111: 3.1574120509787176}]]" }, "geometry": { "type": "Point", "coordinates": [ 463171.917200000025332, 4982471.848600000143051 ] } },
{ "type": "Feature", "properties": { "OBJECTID": 15064, "POINT_X": 463177.9381, "POINT_Y": 4982195.9772999994, "Roads": [ [ 2021, 2046, 2143 ] ], "NeighboringIntersections": "[[{1100: 7.568675194619377, 1161: 18.859030470268582}]]" }, "geometry": { "type": "Point", "coordinates": [ 463177.938099999912083, 4982195.977299999445677 ] } },
{ "type": "Feature", "properties": { "OBJECTID": 15074, "POINT_X": 463182.9496, "POINT_Y": 4987536.1919, "Roads": [ [ 2047, 2048, 2054 ] ], "NeighboringIntersections": "[[{1094: 5.802020677301397, 1108: 2.478455398864769, 1110: 12.423404980792585}]]" }, "geometry": { "type": "Point", "coordinates": [ 463182.949599999934435, 4987536.1919 ] } },
{ "type": "Feature", "properties": { "OBJECTID": 15090, "POINT_X": 463200.15309999976, "POINT_Y": 4987568.2016000003, "Roads": [ [ 2048, 2051, 2096 ] ], "NeighboringIntersections": "[[{1107: 2.478455398864769, 1134: 7.088678744172923}]]" }, "geometry": { "type": "Point", "coordinates": [ 463200.153099999763072, 4987568.20160000026226 ] } },
{ "type": "Feature", "properties": { "OBJECTID": 15101, "POINT_X": 463203.99610000011, "POINT_Y": 4989770.0584999993, "Roads": [ [ 2052, 2082 ] ], "NeighboringIntersections": "[[{1063: 49.12906786171066, 1126: 3.5190757685287517}]]" }, "geometry": { "type": "Point", "coordinates": [ 463203.996100000105798, 4989770.058499999344349 ] } },
{ "type": "Feature", "properties": { "OBJECTID": 15102, "POINT_X": 463204.31070000026, "POINT_Y": 4987346.5595999993, "Roads": [ [ 2031, 2053, 2054 ] ], "NeighboringIntersections": "[[{1098: 10.544622728855728, 1107: 12.423404980792585}]]" }, "geometry": { "type": "Point", "coordinates": [ 463204.310700000263751, 4987346.559599999338388 ] } },
{ "type": "Feature", "properties": { "OBJECTID": 15109, "POINT_X": 463213.56649999972, "POINT_Y": 4982445.2796999998, "Roads": [ [ 2024, 2055, 2056 ] ], "NeighboringIntersections": "[[{1105: 3.1574120509787176, 1129: 6.627857868454686}]]" }, "geometry": { "type": "Point", "coordinates": [ 463213.566499999724329, 4982445.279699999839067 ] } },
{ "type": "Feature", "properties": { "OBJECTID": 15112, "POINT_X": 463217.9567, "POINT_Y": 4982995.2013000008, "Roads": [ [ 2057, 2059, 2078 ] ], "NeighboringIntersections": "[[{1101: 4.371058089131218, 1123: 2.7248963206304047}]]" }, "geometry": { "type": "Point", "coordinates": [ 463217.956699999980628, 4982995.20130000077188 ] } },
{ "type": "Feature", "properties": { "OBJECTID": 15114, "POINT_X": 463218.09609999973, "POINT_Y": 4988505.5744000003, "Roads": [ [ 2060, 2061, 2065 ] ], "NeighboringIntersections": "[[{1102: 7.354369598032312, 1115: 4.884940218396694}]]" }, "geometry": { "type": "Point", "coordinates": [ 463218.096099999733269, 4988505.574400000274181 ] } },
{ "type": "Feature", "properties": { "OBJECTID": 15124, "POINT_X": 463232.595, "POINT_Y": 4980958.9384000003, "Roads": [ [ 2062, 2063, 2129 ] ], "NeighboringIntersections": "[[{1096: 7.274968743145589, 1104: 19.765246857875585, 1152: 14.191380001991073}]]" }, "geometry": { "type": "Point", "coordinates": [ 463232.59499999973923, 4980958.938400000333786 ] } },
{ "type": "Feature", "properties": { "OBJECTID": 15132, "POINT_X": 463240.7347, "POINT_Y": 4988421.4198000003, "Roads": [ [ 2064, 2065, 2086 ] ], "NeighboringIntersections": "[[{1095: 8.332048871543524, 1113: 4.884940218396694, 1128: 6.662155394717923}]]" }, "geometry": { "type": "Point", "coordinates": [ 463240.734699999913573, 4988421.419800000265241 ] } },
{ "type": "Feature", "properties": { "OBJECTID": 15150, "POINT_X": 463256.00590000022, "POINT_Y": 4986868.921, "Roads": [ [ 2028, 2066, 2070 ] ], "NeighboringIntersections": "[[{1097: 19.572989873351908, 1122: 11.696063590938655, 1118: 13.435660455334562}]]" }, "geometry": { "type": "Point", "coordinates": [ 463256.005900000222027, 4986868.921 ] } },
{ "type": "Feature", "properties": { "OBJECTID": 15151, "POINT_X": 463256.0806, "POINT_Y": 4986295.5428999998, "Roads": [ [ 2067, 2068, 2165 ] ], "NeighboringIntersections": "[[{1080: 12.174770611535536, 1119: 0.9060371307842177, 1173: 12.54186184648709}]]" }, "geometry": { "type": "Point", "coordinates": [ 463256.080599999986589, 4986295.542899999767542 ] } },
{ "type": "Feature", "properties": { "OBJECTID": 15153, "POINT_X": 463256.22840000037, "POINT_Y": 4986658.7014000006, "Roads": [ [ 2069, 2070, 2074, 2111 ] ], "NeighboringIntersections": "[[{1097: 8.377114682263267, 1116: 13.435660455334562, 1120: 12.387386787080127, 1141: 9.40908469259781}]]" }, "geometry": { "type": "Point", "coordinates": [ 463256.228400000371039, 4986658.701400000602007 ] } },
{ "type": "Feature", "properties": { "OBJECTID": 15154, "POINT_X": 463256.2812000001, "POINT_Y": 4986309.7177000009, "Roads": [ [ 2068, 2071, 2072, 2167 ] ], "NeighboringIntersections": "[[{1117: 0.9060371307842177, 1081: 12.181277214842417, 1121: 3.6632966355293513, 1174: 12.534347922045773}]]" }, "geometry": { "type": "Point", "coordinates": [ 463256.281200000084937, 4986309.717700000852346 ] } },
{ "type": "Feature", "properties": { "OBJECTID": 15155, "POINT_X": 463256.43360000011, "POINT_Y": 4986464.8835000005, "Roads": [ [ 2073, 2074, 2075 ] ], "NeighboringIntersections": "[[{1118: 12.387386787080127, 1121: 6.253799403226698}]]" }, "geometry": { "type": "Point", "coordinates": [ 463256.433600000105798, 4986464.883500000461936 ] } },
{ "type": "Feature", "properties": { "OBJECTID": 15156, "POINT_X": 463256.60319999978, "POINT_Y": 4986367.0341999996, "Roads": [ [ 2072, 2075, 2113 ] ], "NeighboringIntersections": "[[{1119: 3.6632966355293513, 1120: 6.253799403226698}]]" }, "geometry": { "type": "Point", "coordinates": [ 463256.603199999779463, 4986367.034199999645352 ] } },
{ "type": "Feature", "properties": { "OBJECTID": 15160, "POINT_X": 463260.17850000039, "POINT_Y": 4987051.2708000001, "Roads": [ [ 2066, 2076, 2077 ] ], "NeighboringIntersections": "[[{1116: 11.696063590938655, 1132: 3.1281566208300084}]]" }, "geometry": { "type": "Point", "coordinates": [ 463260.17850000038743, 4987051.2708 ] } },
{ "type": "Feature", "properties": { "OBJECTID": 15161, "POINT_X": 463260.397, "POINT_Y": 4982999.2693000007, "Roads": [ [ 2078, 2079, 2117 ] ], "NeighboringIntersections": "[[{1112: 2.7248963206304047, 1144: 9.070961210299386}]]" }, "geometry": { "type": "Point", "coordinates": [ 463260.396999999880791, 4982999.269300000742078 ] } },
{ "type": "Feature", "properties": { "OBJECTID": 15162, "POINT_X": 463261.59460000042, "POINT_Y": 4982688.4432999995, "Roads": [ [ 2080, 2088, 2134 ] ], "NeighboringIntersections": "[[{1057: 20.538797507945585, 1130: 9.495019124662736, 1155: 9.565262651987558}]]" }, "geometry": { "type": "Point", "coordinates": [ 463261.594600000418723, 4982688.443299999460578 ] } },
{ "type": "Feature", "properties": { "OBJECTID": 15165, "POINT_X": 463265.30620000046, "POINT_Y": 4989384.7443000004, "Roads": [ [ 2038, 2081, 2147 ] ], "NeighboringIntersections": "[[{1102: 54.34918370691181, 1126: 24.57030999960694, 1164: 11.96465030667936}]]" }, "geometry": { "type": "Point", "coordinates": [ 463265.306200000457466, 4989384.744300000369549 ] } },
{ "type": "Feature", "properties": { "OBJECTID": 15167, "POINT_X": 463266.91330000013, "POINT_Y": 4989769.1392000001, "Roads": [ [ 2081, 2082, 2083, 2157 ] ], "NeighboringIntersections": "[[{1125: 24.57030999960694, 1109: 3.5190757685287517, 1127: 8.33640991451934, 1169: 12.786362760782282}]]" }, "geometry": { "type": "Point", "coordinates": [ 463266.91330000013113, 4989769.1392 ] } },
{ "type": "Feature", "properties": { "OBJECTID": 15169, "POINT_X": 463270.0959000001, "POINT_Y": 4989899.5153000001, "Roads": [ [ 2083, 2084, 2161 ] ], "NeighboringIntersections": "[[{1126: 8.33640991451934, 1040: 20.078340526317355, 1171: 10.179014649416281}]]" }, "geometry": { "type": "Point", "coordinates": [ 463270.095900000073016, 4989899.5153 ] } },
{ "type": "Feature", "properties": { "OBJECTID": 15186, "POINT_X": 463285.30510000046, "POINT_Y": 4988316.7552000005, "Roads": [ [ 2085, 2086, 2107 ] ], "NeighboringIntersections": "[[{1095: 12.61105031278971, 1115: 6.662155394717923}]]" }, "geometry": { "type": "Point", "coordinates": [ 463285.305100000463426, 4988316.755200000479817 ] } },
{ "type": "Feature", "properties": { "OBJECTID": 15190, "POINT_X": 463290.3783, "POINT_Y": 4982514.9508999996, "Roads": [ [ 2056, 2087, 2124 ] ], "NeighboringIntersections": "[[{1111: 6.627857868454686, 1130: 1.9201208316076497, 1148: 11.37444954666698}]]" }, "geometry": { "type": "Point", "coordinates": [ 463290.378299999982119, 4982514.950899999588728 ] } },
{ "type": "Feature", "properties": { "OBJECTID": 15192, "POINT_X": 463291.2676, "POINT_Y": 4982543.6011999995, "Roads": [ [ 2087, 2088, 2185 ] ], "NeighboringIntersections": "[[{1129: 1.9201208316076497, 1124: 9.495019124662736, 1185: 17.068214077148543}]]" }, "geometry": { "type": "Point", "coordinates": [ 463291.267599999904633, 4982543.601199999451637 ] } },
{ "type": "Feature", "properties": { "OBJECTID": 15194, "POINT_X": 463295.98070000019, "POINT_Y": 4981862.9213999994, "Roads": [ [ 2090, 2091, 2093 ] ], "NeighboringIntersections": "[[{1149: 8.445678496298678}]]" }, "geometry": { "type": "Point", "coordinates": [ 463295.980700000189245, 4981862.921399999409914 ] } },
{ "type": "Feature", "properties": { "OBJECTID": 15195, "POINT_X": 463298.43340000045, "POINT_Y": 4987079.4794999994, "Roads": [ [ 2077, 2092, 2110 ] ], "NeighboringIntersections": "[[{1122: 3.1281566208300084, 1098: 13.474219755678137, 1140: 8.744225890090137}]]" }, "geometry": { "type": "Point", "coordinates": [ 463298.433400000445545, 4987079.479499999433756 ] } },
{ "type": "Feature", "properties": { "OBJECTID": 15203, "POINT_X": 463309.9501, "POINT_Y": 4987678.5557000004, "Roads": [ [ 2095, 2097, 2108 ] ], "NeighboringIntersections": "[[{1134: 7.055672940360272}]]" }, "geometry": { "type": "Point", "coordinates": [ 463309.950100000016391, 4987678.555700000375509 ] } },
{ "type": "Feature", "properties": { "OBJECTID": 15204, "POINT_X": 463311.0642, "POINT_Y": 4987568.7179000005, "Roads": [ [ 2096, 2097, 2102, 2151 ] ], "NeighboringIntersections": "[[{1108: 7.088678744172923, 1133: 7.055672940360272, 1137: 11.42653648921796, 1166: 11.864701229598108}]]" }, "geometry": { "type": "Point", "coordinates": [ 463311.064199999906123, 4987568.7179000005126 ] } },
{ "type": "Feature", "properties": { "OBJECTID": 15212, "POINT_X": 463320.1201, "POINT_Y": 4990163.0633000005, "Roads": [ [ 2098, 2099, 2159 ] ], "NeighboringIntersections": "[[{1092: 16.15696784549491, 1170: 11.179436463166663}]]" }, "geometry": { "type": "Point", "coordinates": [ 463320.120099999941885, 4990163.063300000503659 ] } },
{ "type": "Feature", "properties": { "OBJECTID": 15215, "POINT_X": 463323.27940000035, "POINT_Y": 4982812.7464000005, "Roads": [ [ 2100, 2101, 2219 ] ], "NeighboringIntersections": "[[{1203: 26.723699034367165, 1199: 18.778453867267068}]]" }, "geometry": { "type": "Point", "coordinates": [ 463323.279400000348687, 4982812.746400000527501 ] } },
{ "type": "Feature", "properties": { "OBJECTID": 15227, "POINT_X": 463333.16220000014, "POINT_Y": 4987403.0528999995, "Roads": [ [ 2094, 2102, 2122 ] ], "NeighboringIntersections": "[[{1134: 11.42653648921796, 1147: 5.855675540182189}]]" }, "geometry": { "type": "Point", "coordinates": [ 463333.162200000137091, 4987403.052899999544024 ] } },
{ "type": "Feature", "properties": { "OBJECTID": 15244, "POINT_X": 463348.00619999971, "POINT_Y": 4984093.7392999995, "Roads": [ [ 2104, 2105, 2149 ] ], "NeighboringIntersections": "[[{1046: 32.50106510998127, 1049: 43.57788236850471, 1165: 8.540207145521242}]]" }, "geometry": { "type": "Point", "coordinates": [ 463348.006199999712408, 4984093.739299999549985 ] } },
{ "type": "Feature", "properties": { "OBJECTID": 15263, "POINT_X": 463368.33, "POINT_Y": 4986870.1707000006, "Roads": [ [ 2109, 2112, 2125 ] ], "NeighboringIntersections": "[[{1140: 6.674672401130528, 1141: 10.80735869428102}]]" }, "geometry": { "type": "Point", "coordinates": [ 463368.330000000074506, 4986870.170700000599027 ] } },
{ "type": "Feature", "properties": { "OBJECTID": 15269, "POINT_X": 463375.6754000001, "POINT_Y": 4986972.3806999996, "Roads": [ [ 2109, 2110, 2155 ] ], "NeighboringIntersections": "[[{1139: 6.674672401130528, 1132: 8.744225890090137, 1168: 7.501870897353539}]]" }, "geometry": { "type": "Point", "coordinates": [ 463375.675400000065565, 4986972.380699999630451 ] } },
{ "type": "Feature", "properties": { "OBJECTID": 15287, "POINT_X": 463392.6409, "POINT_Y": 4986706.6915000007, "Roads": [ [ 2111, 2112, 2171, 2307 ] ], "NeighboringIntersections": "[[{1118: 9.40908469259781, 1139: 10.80735869428102, 1247: 19.826876765414045}]]" }, "geometry": { "type": "Point", "coordinates": [ 463392.6409, 4986706.691500000655651 ] } },
{ "type": "Feature", "properties": { "OBJECTID": 15290, "POINT_X": 463400.0017, "POINT_Y": 4982097.5485999994, "Roads": [ [ 2058, 2114, 2115 ] ], "NeighboringIntersections": "[[{1162: 6.481018041521574}]]" }, "geometry": { "type": "Point", "coordinates": [ 463400.001699999906123, 4982097.548599999397993 ] } },
{ "type": "Feature", "properties": { "OBJECTID": 15291, "POINT_X": 463400.9156, "POINT_Y": 4986221.7323000003, "Roads": [ [ 2116, 2121, 2195 ] ], "NeighboringIntersections": "[[{1146: 9.001098658836536, 1189: 17.354207556668882}]]" }, "geometry": { "type": "Point", "coordinates": [ 463400.915599999949336, 4986221.732300000265241 ] } },
{ "type": "Feature", "properties": { "OBJECTID": 15293, "POINT_X": 463402.10369999986, "POINT_Y": 4983001.3935000002, "Roads": [ [ 2117, 2118, 2182 ] ], "NeighboringIntersections": "[[{1123: 9.070961210299386, 1183: 11.856037904981772}]]" }, "geometry": { "type": "Point", "coordinates": [ 463402.103699999861419, 4983001.393500000238419 ] } },
{ "type": "Feature", "properties": { "OBJECTID": 15294, "POINT_X": 463402.40639999975, "POINT_Y": 4987915.7052999996, "Roads": [ [ 2119, 2173, 2261 ] ], "NeighboringIntersections": "[[{1078: 26.63965207645879, 1177: 8.132616447276247, 1220: 15.50670690791334}]]" }, "geometry": { "type": "Point", "coordinates": [ 463402.40639999974519, 4987915.705299999564886 ] } },
{ "type": "Feature", "properties": { "OBJECTID": 15295, "POINT_X": 463402.44070000015, "POINT_Y": 4986082.0210999995, "Roads": [ [ 2120, 2121, 2138 ] ], "NeighboringIntersections": "[[{1088: 24.94644448816371, 1143: 9.001098658836536, 1158: 8.47563341934583}]]" }, "geometry": { "type": "Point", "coordinates": [ 463402.440700000151992, 4986082.021099999547005 ] } },
{ "type": "Feature", "properties": { "OBJECTID": 15307, "POINT_X": 463418.302, "POINT_Y": 4987426.5807000007, "Roads": [ [ 2122, 2123, 2187 ] ], "NeighboringIntersections": "[[{1137: 5.855675540182189, 1186: 10.031212104937866}]]" }, "geometry": { "type": "Point", "coordinates": [ 463418.302000000141561, 4987426.580700000748038 ] } },
{ "type": "Feature", "properties": { "OBJECTID": 15309, "POINT_X": 463422.3169, "POINT_Y": 4982395.5941000003, "Roads": [ [ 2124, 2140, 2221 ] ], "NeighboringIntersections": "[[{1129: 11.37444954666698, 1159: 10.870077526436704, 1200: 12.594793629766846}]]" }, "geometry": { "type": "Point", "coordinates": [ 463422.316899999976158, 4982395.594100000336766 ] } },
{ "type": "Feature", "properties": { "OBJECTID": 15311, "POINT_X": 463427.25040000025, "POINT_Y": 4981860.8497000001, "Roads": [ [ 2091, 2126, 2197 ] ], "NeighboringIntersections": "[[{1131: 8.445678496298678, 1150: 12.02992213166727}]]" }, "geometry": { "type": "Point", "coordinates": [ 463427.25040000025183, 4981860.849700000137091 ] } },
{ "type": "Feature", "properties": { "OBJECTID": 15317, "POINT_X": 463435.03079999983, "POINT_Y": 4981673.5668000001, "Roads": [ [ 2126, 2128, 2177 ] ], "NeighboringIntersections": "[[{1149: 12.02992213166727, 1151: 3.610649253373142, 1180: 7.3129250226044995}]]" }, "geometry": { "type": "Point", "coordinates": [ 463435.030799999833107, 4981673.566800000146031 ] } },
{ "type": "Feature", "properties": { "OBJECTID": 15318, "POINT_X": 463436.0028, "POINT_Y": 4981617.0814999994, "Roads": [ [ 2127, 2128, 2132 ] ], "NeighboringIntersections": "[[{1150: 3.610649253373142, 1153: 22.95643758912935}]]" }, "geometry": { "type": "Point", "coordinates": [ 463436.002799999900162, 4981617.081499999389052 ] } },
{ "type": "Feature", "properties": { "OBJECTID": 15323, "POINT_X": 463442.1047, "POINT_Y": 4981027.9726, "Roads": [ [ 2129, 2130, 2153 ] ], "NeighboringIntersections": "[[{1114: 14.191380001991073, 1154: 1.471431994710654, 1167: 3.196616193977075}]]" }, "geometry": { "type": "Point", "coordinates": [ 463442.104700000025332, 4981027.9726 ] } },
{ "type": "Feature", "properties": { "OBJECTID": 15324, "POINT_X": 463443.33540000021, "POINT_Y": 4981258.0032000002, "Roads": [ [ 2131, 2132, 2137 ] ], "NeighboringIntersections": "[[{1151: 22.95643758912935, 1157: 2.459531163860627}]]" }, "geometry": { "type": "Point", "coordinates": [ 463443.335400000214577, 4981258.003200000151992 ] } },
{ "type": "Feature", "properties": { "OBJECTID": 15327, "POINT_X": 463444.82859999966, "POINT_Y": 4981050.8306000009, "Roads": [ [ 2130, 2133, 2199 ] ], "NeighboringIntersections": "[[{1152: 1.471431994710654, 1157: 11.757328748849377}]]" }, "geometry": { "type": "Point", "coordinates": [ 463444.828599999658763, 4981050.830600000917912 ] } },
{ "type": "Feature", "properties": { "OBJECTID": 15333, "POINT_X": 463453.8361, "POINT_Y": 4982683.7429000009, "Roads": [ [ 2134, 2213, 2217 ] ], "NeighboringIntersections": "[[{1124: 9.565262651987558, 1196: 8.082936977964403, 1198: 8.152602226903543}]]" }, "geometry": { "type": "Point", "coordinates": [ 463453.836099999956787, 4982683.742900000885129 ] } },
{ "type": "Feature", "properties": { "OBJECTID": 15335, "POINT_X": 463459.92360000033, "POINT_Y": 4987207.9891999997, "Roads": [ [ 2136, 2156, 2189 ] ], "NeighboringIntersections": "[[{1168: 14.45502966314771, 1187: 7.295454472352335}]]" }, "geometry": { "type": "Point", "coordinates": [ 463459.923600000329316, 4987207.989199999719858 ] } },
{ "type": "Feature", "properties": { "OBJECTID": 15342, "POINT_X": 463466.36089999974, "POINT_Y": 4981228.1756999996, "Roads": [ [ 2133, 2137, 2192 ] ], "NeighboringIntersections": "[[{1154: 11.757328748849377, 1153: 2.459531163860627, 1188: 6.613791216090366}]]" }, "geometry": { "type": "Point", "coordinates": [ 463466.36089999973774, 4981228.175699999555945 ] } },
{ "type": "Feature", "properties": { "OBJECTID": 15346, "POINT_X": 463468.3229, "POINT_Y": 4985966.978, "Roads": [ [ 2138, 2139, 2170 ] ], "NeighboringIntersections": "[[{1146: 8.47563341934583, 1179: 5.603483618028223, 1175: 5.757958107919399}]]" }, "geometry": { "type": "Point", "coordinates": [ 463468.322900000028312, 4985966.978000000119209 ] } },
{ "type": "Feature", "properties": { "OBJECTID": 15351, "POINT_X": 463470.95880000014, "POINT_Y": 4982260.5116000008, "Roads": [ [ 2140, 2144, 2215 ] ], "NeighboringIntersections": "[[{1148: 10.870077526436704, 1161: 3.604269841315522, 1197: 9.29553651864066}]]" }, "geometry": { "type": "Point", "coordinates": [ 463470.958800000138581, 4982260.511600000783801 ] } },
{ "type": "Feature", "properties": { "OBJECTID": 15353, "POINT_X": 463471.59520000033, "POINT_Y": 4987752.6226000004, "Roads": [ [ 2141, 2142, 2152 ] ], "NeighboringIntersections": "[[{1176: 6.37113027753672, 1166: 11.786493663305745}]]" }, "geometry": { "type": "Point", "coordinates": [ 463471.595200000330806, 4987752.622600000351667 ] } },
{ "type": "Feature", "properties": { "OBJECTID": 15361, "POINT_X": 463472.9008, "POINT_Y": 4982204.1512000002, "Roads": [ [ 2143, 2144, 2145 ] ], "NeighboringIntersections": "[[{1106: 18.859030470268582, 1159: 3.604269841315522, 1162: 4.741384200513679}]]" }, "geometry": { "type": "Point", "coordinates": [ 463472.900799999944866, 4982204.151200000196695 ] } },
{ "type": "Feature", "properties": { "OBJECTID": 15367, "POINT_X": 463475.45529999956, "POINT_Y": 4982130.0096000005, "Roads": [ [ 2115, 2145, 2226 ] ], "NeighboringIntersections": "[[{1142: 6.481018041521574, 1161: 4.741384200513679, 1202: 9.253659244408539}]]" }, "geometry": { "type": "Point", "coordinates": [ 463475.455299999564886, 4982130.009600000455976 ] } },
{ "type": "Feature", "properties": { "OBJECTID": 15368, "POINT_X": 463475.9583000001, "POINT_Y": 4985122.799000001, "Roads": [ [ 2146, 2254, 2263 ] ], "NeighboringIntersections": "[[{1007: 64.9442363482622, 1217: 42.36831484618905, 1221: 11.191941519281503}]]" }, "geometry": { "type": "Point", "coordinates": [ 463475.958300000056624, 4985122.799000000581145 ] } },
{ "type": "Feature", "properties": { "OBJECTID": 15369, "POINT_X": 463476.54470000044, "POINT_Y": 4989397.3976000007, "Roads": [ [ 2147, 2148, 2211 ] ], "NeighboringIntersections": "[[{1125: 11.96465030667936, 1195: 8.02685930014325}]]" }, "geometry": { "type": "Point", "coordinates": [ 463476.544700000435114, 4989397.397600000724196 ] } },
{ "type": "Feature", "properties": { "OBJECTID": 15380, "POINT_X": 463481.30549999978, "POINT_Y": 4984101.6604999993, "Roads": [ [ 2149, 2150, 2247 ] ], "NeighboringIntersections": "[[{1138: 8.540207145521242, 1178: 12.392721742873734, 1213: 9.65276262203381}]]" }, "geometry": { "type": "Point", "coordinates": [ 463481.305499999783933, 4984101.660499999299645 ] } },
{ "type": "Feature", "properties": { "OBJECTID": 15388, "POINT_X": 463487.05879999977, "POINT_Y": 4987577.555, "Roads": [ [ 2151, 2152, 2280 ] ], "NeighboringIntersections": "[[{1134: 11.864701229598108, 1160: 11.786493663305745, 1231: 10.872990046978593}]]" }, "geometry": { "type": "Point", "coordinates": [ 463487.058799999766052, 4987577.554999999701977 ] } },
{ "type": "Feature", "properties": { "OBJECTID": 15389, "POINT_X": 463487.19120000023, "POINT_Y": 4981007.0074000005, "Roads": [ [ 2103, 2153, 2154, 2163 ] ], "NeighboringIntersections": "[[{1152: 3.196616193977075, 1223: 13.386350853088636, 1172: 1.0888032210536147}]]" }, "geometry": { "type": "Point", "coordinates": [ 463487.191200000233948, 4981007.007400000467896 ] } },
{ "type": "Feature", "properties": { "OBJECTID": 15391, "POINT_X": 463487.85929999966, "POINT_Y": 4986990.3756000008, "Roads": [ [ 2155, 2156, 2201, 2305 ] ], "NeighboringIntersections": "[[{1140: 7.501870897353539, 1156: 14.45502966314771, 1246: 11.121540162116242}]]" }, "geometry": { "type": "Point", "coordinates": [ 463487.859299999661744, 4986990.375600000843406 ] } },
{ "type": "Feature", "properties": { "OBJECTID": 15392, "POINT_X": 463489.02639999986, "POINT_Y": 4989795.4649, "Roads": [ [ 2157, 2158, 2212 ] ], "NeighboringIntersections": "[[{1126: 12.786362760782282, 1171: 6.310693963930816, 1195: 23.40154618322217}]]" }, "geometry": { "type": "Point", "coordinates": [ 463489.026399999856949, 4989795.4649 ] } },
{ "type": "Feature", "properties": { "OBJECTID": 15395, "POINT_X": 463490.40180000011, "POINT_Y": 4990154.8409000002, "Roads": [ [ 2159, 2160, 2183 ] ], "NeighboringIntersections": "[[{1135: 11.179436463166663, 1194: 10.906766228652291, 1184: 5.47349459614438}]]" }, "geometry": { "type": "Point", "coordinates": [ 463490.401800000108778, 4990154.840900000184774 ] } },
{ "type": "Feature", "properties": { "OBJECTID": 15404, "POINT_X": 463495.7155, "POINT_Y": 4989906.5855, "Roads": [ [ 2158, 2161, 2162, 2350 ] ], "NeighboringIntersections": "[[{1169: 6.310693963930816, 1127: 10.179014649416281, 1184: 13.28105326087348, 1270: 15.533443153989879}]]" }, "geometry": { "type": "Point", "coordinates": [ 463495.715499999932945, 4989906.5855 ] } },
{ "type": "Feature", "properties": { "OBJECTID": 15416, "POINT_X": 463501.90749999974, "POINT_Y": 4980998.4254000001, "Roads": [ [ 2106, 2163, 2164 ] ], "NeighboringIntersections": "[[{1167: 1.0888032210536147, 1225: 12.494032132867858}]]" }, "geometry": { "type": "Point", "coordinates": [ 463501.90749999973923, 4980998.4254 ] } },
{ "type": "Feature", "properties": { "OBJECTID": 15425, "POINT_X": 463507.845, "POINT_Y": 4986284.6088999994, "Roads": [ [ 2165, 2166, 2284 ] ], "NeighboringIntersections": "[[{1117: 12.54186184648709, 1174: 0.9141794723898414, 1233: 7.288096886352824}]]" }, "geometry": { "type": "Point", "coordinates": [ 463507.84499999973923, 4986284.608899999409914 ] } },
{ "type": "Feature", "properties": { "OBJECTID": 15426, "POINT_X": 463507.8674999997, "POINT_Y": 4986298.9124999996, "Roads": [ [ 2166, 2167, 2168, 2286 ] ], "NeighboringIntersections": "[[{1173: 0.9141794723898414, 1119: 12.534347922045773, 1234: 7.312578689665673}]]" }, "geometry": { "type": "Point", "coordinates": [ 463507.867499999701977, 4986298.912499999627471 ] } },
{ "type": "Feature", "properties": { "OBJECTID": 15429, "POINT_X": 463514.159, "POINT_Y": 4985889.4535000008, "Roads": [ [ 2169, 2170, 2282 ] ], "NeighboringIntersections": "[[{1158: 5.757958107919399, 1232: 9.243465951045987}]]" }, "geometry": { "type": "Point", "coordinates": [ 463514.158999999985099, 4985889.453500000759959 ] } },
{ "type": "Feature", "properties": { "OBJECTID": 15444, "POINT_X": 463522.57650000043, "POINT_Y": 4987837.2848000005, "Roads": [ [ 2142, 2172, 2205 ] ], "NeighboringIntersections": "[[{1160: 6.37113027753672, 1192: 11.482142787941648}]]" }, "geometry": { "type": "Point", "coordinates": [ 463522.576500000432134, 4987837.284800000488758 ] } },
{ "type": "Feature", "properties": { "OBJECTID": 15462, "POINT_X": 463529.22159999982, "POINT_Y": 4987921.3199000005, "Roads": [ [ 2173, 2174, 2265 ] ], "NeighboringIntersections": "[[{1145: 8.132616447276247, 1181: 5.340762113418142, 1222: 7.402456389795323}]]" }, "geometry": { "type": "Point", "coordinates": [ 463529.221599999815226, 4987921.319900000467896 ] } },
{ "type": "Feature", "properties": { "OBJECTID": 15478, "POINT_X": 463540.43429999985, "POINT_Y": 4984267.6413000003, "Roads": [ [ 2150, 2175, 2249 ] ], "NeighboringIntersections": "[[{1165: 12.392721742873734, 1214: 6.28977144690164}]]" }, "geometry": { "type": "Point", "coordinates": [ 463540.434299999848008, 4984267.64130000025034 ] } },
{ "type": "Feature", "properties": { "OBJECTID": 15481, "POINT_X": 463542.02290000021, "POINT_Y": 4986014.1217999998, "Roads": [ [ 2139, 2176, 2203 ] ], "NeighboringIntersections": "[[{1158: 5.603483618028223, 1189: 6.429389035622807}]]" }, "geometry": { "type": "Point", "coordinates": [ 463542.022900000214577, 4986014.121799999848008 ] } },
{ "type": "Feature", "properties": { "OBJECTID": 15482, "POINT_X": 463542.2621, "POINT_Y": 4981693.8500999995, "Roads": [ [ 2177, 2178, 2190 ] ], "NeighboringIntersections": "[[{1150: 7.3129250226044995}]]" }, "geometry": { "type": "Point", "coordinates": [ 463542.262099999934435, 4981693.850099999457598 ] } },
{ "type": "Feature", "properties": { "OBJECTID": 15484, "POINT_X": 463548.05460000038, "POINT_Y": 4988001.7681000009, "Roads": [ [ 2174, 2179, 2198 ] ], "NeighboringIntersections": "[[{1177: 5.340762113418142, 1190: 8.914559592304455}]]" }, "geometry": { "type": "Point", "coordinates": [ 463548.05460000038147, 4988001.768100000917912 ] } },
{ "type": "Feature", "properties": { "OBJECTID": 15486, "POINT_X": 463550.10240000021, "POINT_Y": 4989000.5368000008, "Roads": [ [ 2180, 2206, 2208 ] ], "NeighboringIntersections": "[[{1193: 7.9614942975156}]]" }, "geometry": { "type": "Point", "coordinates": [ 463550.102400000207126, 4989000.536800000816584 ] } },
{ "type": "Feature", "properties": { "OBJECTID": 15487, "POINT_X": 463552.471, "POINT_Y": 4983075.7422000002, "Roads": [ [ 2181, 2182, 2229 ] ], "NeighboringIntersections": "[[{1144: 11.856037904981772, 1204: 4.491325349339278}]]" }, "geometry": { "type": "Point", "coordinates": [ 463552.470999999903142, 4983075.742200000211596 ] } },
{ "type": "Feature", "properties": { "OBJECTID": 15488, "POINT_X": 463552.66569999978, "POINT_Y": 4990096.0791999996, "Roads": [ [ 2162, 2183, 2184 ] ], "NeighboringIntersections": "[[{1171: 13.28105326087348, 1170: 5.47349459614438, 1194: 11.70791984017935}]]" }, "geometry": { "type": "Point", "coordinates": [ 463552.665699999779463, 4990096.079199999570847 ] } },
{ "type": "Feature", "properties": { "OBJECTID": 15496, "POINT_X": 463558.3236999996, "POINT_Y": 4982543.6514999997, "Roads": [ [ 2185, 2186, 2223 ] ], "NeighboringIntersections": "[[{1130: 17.068214077148543, 1201: 7.680077709339061}]]" }, "geometry": { "type": "Point", "coordinates": [ 463558.323699999600649, 4982543.651499999687076 ] } },
{ "type": "Feature", "properties": { "OBJECTID": 15497, "POINT_X": 463559.78639999963, "POINT_Y": 4987413.8964000009, "Roads": [ [ 2187, 2188, 2204 ] ], "NeighboringIntersections": "[[{1147: 10.031212104937866, 1191: 2.72611906101952}]]" }, "geometry": { "type": "Point", "coordinates": [ 463559.786399999633431, 4987413.89640000090003 ] } },
{ "type": "Feature", "properties": { "OBJECTID": 15499, "POINT_X": 463560.73830000032, "POINT_Y": 4987245.9316000007, "Roads": [ [ 2189, 2191, 2298 ] ], "NeighboringIntersections": "[[{1156: 7.295454472352335, 1241: 6.1336846159783605}]]" }, "geometry": { "type": "Point", "coordinates": [ 463560.738300000317395, 4987245.931600000709295 ] } },
{ "type": "Feature", "properties": { "OBJECTID": 15502, "POINT_X": 463563.53789999988, "POINT_Y": 4981255.2642000001, "Roads": [ [ 2192, 2193, 2194 ] ], "NeighboringIntersections": "[[{1157: 6.613791216090366}]]" }, "geometry": { "type": "Point", "coordinates": [ 463563.537899999879301, 4981255.2642 ] } },
{ "type": "Feature", "properties": { "OBJECTID": 15503, "POINT_X": 463568.12629999965, "POINT_Y": 4986107.8636000007, "Roads": [ [ 2176, 2195, 2196, 2296 ] ], "NeighboringIntersections": "[[{1179: 6.429389035622807, 1143: 17.354207556668882, 1240: 5.642042932874437}]]" }, "geometry": { "type": "Point", "coordinates": [ 463568.126299999654293, 4986107.863600000739098 ] } },
{ "type": "Feature", "properties": { "OBJECTID": 15517, "POINT_X": 463579.29179999977, "POINT_Y": 4988132.5798000004, "Roads": [ [ 2179, 2202, 2276 ] ], "NeighboringIntersections": "[[{1181: 8.914559592304455, 1229: 4.710365641895169}]]" }, "geometry": { "type": "Point", "coordinates": [ 463579.291799999773502, 4988132.579800000414252 ] } },
{ "type": "Feature", "properties": { "OBJECTID": 15522, "POINT_X": 463586.3448000001, "POINT_Y": 4987380.5196000002, "Roads": [ [ 2135, 2204, 2290 ] ], "NeighboringIntersections": "[[{1186: 2.72611906101952, 1237: 5.036014629440356}]]" }, "geometry": { "type": "Point", "coordinates": [ 463586.344800000078976, 4987380.519600000232458 ] } },
{ "type": "Feature", "properties": { "OBJECTID": 15523, "POINT_X": 463587.40450000018, "POINT_Y": 4987684.6842, "Roads": [ [ 2200, 2205, 2273 ] ], "NeighboringIntersections": "[[{1176: 11.482142787941648, 1228: 4.406333081585351}]]" }, "geometry": { "type": "Point", "coordinates": [ 463587.404500000178814, 4987684.6842 ] } },
{ "type": "Feature", "properties": { "OBJECTID": 15528, "POINT_X": 463593.9062000001, "POINT_Y": 4989100.5237000007, "Roads": [ [ 2206, 2207, 2253 ] ], "NeighboringIntersections": "[[{1182: 7.9614942975156, 1216: 3.6606231351344403}]]" }, "geometry": { "type": "Point", "coordinates": [ 463593.906200000084937, 4989100.523700000718236 ] } },
{ "type": "Feature", "properties": { "OBJECTID": 15537, "POINT_X": 463604.89130000025, "POINT_Y": 4990260.4733000007, "Roads": [ [ 2160, 2184, 2209 ] ], "NeighboringIntersections": "[[{1170: 10.906766228652291, 1184: 11.70791984017935}]]" }, "geometry": { "type": "Point", "coordinates": [ 463604.89130000025034, 4990260.473300000652671 ] } },
{ "type": "Feature", "properties": { "OBJECTID": 15544, "POINT_X": 463616.11390000023, "POINT_Y": 4989420.1411000006, "Roads": [ [ 2211, 2212, 2310 ] ], "NeighboringIntersections": "[[{1164: 8.02685930014325, 1169: 23.40154618322217, 1249: 15.314179055769305}]]" }, "geometry": { "type": "Point", "coordinates": [ 463616.113900000229478, 4989420.141100000590086 ] } },
{ "type": "Feature", "properties": { "OBJECTID": 15545, "POINT_X": 463616.11589999963, "POINT_Y": 4982688.7403999995, "Roads": [ [ 2213, 2214, 2218, 2241 ] ], "NeighboringIntersections": "[[{1155: 8.082936977964403, 1199: 7.926981498415245, 1198: 1.113581734854425, 1210: 0.5792199674908228}]]" }, "geometry": { "type": "Point", "coordinates": [ 463616.115899999625981, 4982688.740399999544024 ] } },
{ "type": "Feature", "properties": { "OBJECTID": 15546, "POINT_X": 463616.3903000001, "POINT_Y": 4982262.2325999998, "Roads": [ [ 2215, 2216, 2227 ] ], "NeighboringIntersections": "[[{1159: 9.29553651864066, 1200: 9.023797861087578, 1202: 8.177340798880936}]]" }, "geometry": { "type": "Point", "coordinates": [ 463616.390300000086427, 4982262.232599999755621 ] } },
{ "type": "Feature", "properties": { "OBJECTID": 15547, "POINT_X": 463617.05719999969, "POINT_Y": 4982671.3422999997, "Roads": [ [ 2217, 2218, 2224, 2235 ] ], "NeighboringIntersections": "[[{1155: 8.152602226903543, 1196: 1.113581734854425, 1201: 12.350852363887354, 1207: 0.5131440835067254}]]" }, "geometry": { "type": "Point", "coordinates": [ 463617.057199999690056, 4982671.342299999669194 ] } },
{ "type": "Feature", "properties": { "OBJECTID": 15548, "POINT_X": 463617.09460000042, "POINT_Y": 4982812.765000001, "Roads": [ [ 2214, 2219, 2220, 2243 ] ], "NeighboringIntersections": "[[{1196: 7.926981498415245, 1136: 18.778453867267068, 1203: 8.160619099945208, 1211: 0.7433211486632206}]]" }, "geometry": { "type": "Point", "coordinates": [ 463617.094600000418723, 4982812.765000000596046 ] } },
{ "type": "Feature", "properties": { "OBJECTID": 15550, "POINT_X": 463617.52390000038, "POINT_Y": 4982403.418, "Roads": [ [ 2216, 2221, 2222 ] ], "NeighboringIntersections": "[[{1197: 9.023797861087578, 1148: 12.594793629766846, 1201: 4.776607302280943}]]" }, "geometry": { "type": "Point", "coordinates": [ 463617.523900000378489, 4982403.417999999597669 ] } },
{ "type": "Feature", "properties": { "OBJECTID": 15551, "POINT_X": 463618.1239, "POINT_Y": 4982478.1523000002, "Roads": [ [ 2222, 2223, 2224, 2225 ] ], "NeighboringIntersections": "[[{1200: 4.776607302280943, 1185: 7.680077709339061, 1198: 12.350852363887354, 1207: 12.372691270549252}]]" }, "geometry": { "type": "Point", "coordinates": [ 463618.1239, 4982478.152300000190735 ] } },
{ "type": "Feature", "properties": { "OBJECTID": 15553, "POINT_X": 463620.17690000031, "POINT_Y": 4982134.3427000009, "Roads": [ [ 2210, 2226, 2227 ] ], "NeighboringIntersections": "[[{1162: 9.253659244408539, 1197: 8.177340798880936}]]" }, "geometry": { "type": "Point", "coordinates": [ 463620.176900000311434, 4982134.342700000852346 ] } },
{ "type": "Feature", "properties": { "OBJECTID": 15555, "POINT_X": 463621.77819999959, "POINT_Y": 4982940.0555000007, "Roads": [ [ 2101, 2220, 2228, 2244 ] ], "NeighboringIntersections": "[[{1136: 26.723699034367165, 1199: 8.160619099945208, 1204: 8.615727608117473, 1211: 8.163831497814492}]]" }, "geometry": { "type": "Point", "coordinates": [ 463621.778199999593198, 4982940.055500000715256 ] } },
{ "type": "Feature", "properties": { "OBJECTID": 15556, "POINT_X": 463622.7385, "POINT_Y": 4983074.8572000004, "Roads": [ [ 2228, 2229, 2230 ] ], "NeighboringIntersections": "[[{1203: 8.615727608117473, 1183: 4.491325349339278, 1205: 9.046033996570277}]]" }, "geometry": { "type": "Point", "coordinates": [ 463622.738499999977648, 4983074.857200000435114 ] } },
{ "type": "Feature", "properties": { "OBJECTID": 15558, "POINT_X": 463624.0560999997, "POINT_Y": 4983216.3889000006, "Roads": [ [ 2230, 2231, 2232, 2389 ] ], "NeighboringIntersections": "[[{1204: 9.046033996570277, 1068: 44.9029921323796, 1206: 17.471172794466018}]]" }, "geometry": { "type": "Point", "coordinates": [ 463624.056099999696016, 4983216.388900000602007 ] } },
{ "type": "Feature", "properties": { "OBJECTID": 15563, "POINT_X": 463626.1288000001, "POINT_Y": 4983489.742000001, "Roads": [ [ 2232, 2233, 2234, 2393 ] ], "NeighboringIntersections": "[[{1205: 17.471172794466018, 1041: 50.916903150148954, 1212: 19.332122573465714}]]" }, "geometry": { "type": "Point", "coordinates": [ 463626.128800000064075, 4983489.742000000551343 ] } },
{ "type": "Feature", "properties": { "OBJECTID": 15565, "POINT_X": 463627.37839999981, "POINT_Y": 4982671.1596000008, "Roads": [ [ 2225, 2235, 2236, 2334 ] ], "NeighboringIntersections": "[[{1201: 12.372691270549252, 1198: 0.5131440835067254, 1210: 1.1154470834068662, 1261: 6.656841190817648}]]" }, "geometry": { "type": "Point", "coordinates": [ 463627.378399999812245, 4982671.159600000828505 ] } },
{ "type": "Feature", "properties": { "OBJECTID": 15566, "POINT_X": 463627.44759999961, "POINT_Y": 4984394.2758000009, "Roads": [ [ 2237, 2238, 2251, 2256 ] ], "NeighboringIntersections": "[[{1065: 31.831912955626365, 1209: 1.6389414651943957, 1215: 3.9745773283774692, 1218: 0.62104512474739}]]" }, "geometry": { "type": "Point", "coordinates": [ 463627.447599999606609, 4984394.275800000876188 ] } },
{ "type": "Feature", "properties": { "OBJECTID": 15567, "POINT_X": 463627.48919999972, "POINT_Y": 4984419.9192999993, "Roads": [ [ 2238, 2239, 2240, 2258 ] ], "NeighboringIntersections": "[[{1208: 1.6389414651943957, 1055: 34.93377337766693, 1217: 13.366105324325178, 1219: 0.6377153423299483}]]" }, "geometry": { "type": "Point", "coordinates": [ 463627.489199999719858, 4984419.919299999251962 ] } },
{ "type": "Feature", "properties": { "OBJECTID": 15569, "POINT_X": 463627.76719999965, "POINT_Y": 4982688.608, "Roads": [ [ 2236, 2241, 2242, 2336 ] ], "NeighboringIntersections": "[[{1207: 1.1154470834068662, 1196: 0.5792199674908228, 1211: 7.935539086453654, 1262: 6.6681618991119525}]]" }, "geometry": { "type": "Point", "coordinates": [ 463627.767199999652803, 4982688.607999999076128 ] } },
{ "type": "Feature", "properties": { "OBJECTID": 15570, "POINT_X": 463628.7248999998, "POINT_Y": 4982812.7656999994, "Roads": [ [ 2242, 2243, 2244 ] ], "NeighboringIntersections": "[[{1210: 7.935539086453654, 1199: 0.7433211486632206, 1203: 8.163831497814492}]]" }, "geometry": { "type": "Point", "coordinates": [ 463628.724899999797344, 4982812.765699999406934 ] } },
{ "type": "Feature", "properties": { "OBJECTID": 15571, "POINT_X": 463628.7575000003, "POINT_Y": 4983792.2086999994, "Roads": [ [ 2234, 2245, 2246 ] ], "NeighboringIntersections": "[[{1206: 19.332122573465714, 1213: 19.883007989059546, 1215: 62.37605856918192}]]" }, "geometry": { "type": "Point", "coordinates": [ 463628.757500000298023, 4983792.208699999377131 ] } },
{ "type": "Feature", "properties": { "OBJECTID": 15574, "POINT_X": 463632.26769999973, "POINT_Y": 4984103.2859000005, "Roads": [ [ 2245, 2247, 2248 ] ], "NeighboringIntersections": "[[{1212: 19.883007989059546, 1165: 9.65276262203381, 1214: 9.497698514662735}]]" }, "geometry": { "type": "Point", "coordinates": [ 463632.267699999734759, 4984103.285900000482798 ] } },
{ "type": "Feature", "properties": { "OBJECTID": 15576, "POINT_X": 463634.15539999958, "POINT_Y": 4984251.8786999993, "Roads": [ [ 2248, 2249, 2250 ] ], "NeighboringIntersections": "[[{1213: 9.497698514662735, 1178: 6.28977144690164, 1215: 5.429314448117326}]]" }, "geometry": { "type": "Point", "coordinates": [ 463634.155399999581277, 4984251.878699999302626 ] } },
{ "type": "Feature", "properties": { "OBJECTID": 15578, "POINT_X": 463635.23730000015, "POINT_Y": 4984336.821, "Roads": [ [ 2246, 2250, 2251, 2252 ] ], "NeighboringIntersections": "[[{1212: 62.37605856918192, 1214: 5.429314448117326, 1208: 3.9745773283774692, 1218: 3.502859198594931}]]" }, "geometry": { "type": "Point", "coordinates": [ 463635.237300000153482, 4984336.821000000461936 ] } },
{ "type": "Feature", "properties": { "OBJECTID": 15579, "POINT_X": 463635.56919999979, "POINT_Y": 4989137.9584999997, "Roads": [ [ 2253, 2272, 2311 ] ], "NeighboringIntersections": "[[{1193: 3.6606231351344403, 1227: 5.198270746548417, 1249: 1.9873692177133246}]]" }, "geometry": { "type": "Point", "coordinates": [ 463635.569199999794364, 4989137.958499999716878 ] } },
{ "type": "Feature", "properties": { "OBJECTID": 15589, "POINT_X": 463638.9841, "POINT_Y": 4984625.4874000009, "Roads": [ [ 2240, 2254, 2255, 2259, 2327 ] ], "NeighboringIntersections": "[[{1209: 13.366105324325178, 1163: 42.36831484618905, 1221: 29.89077138617177, 1219: 13.6026435131306, 1258: 5.595446596601955}]]" }, "geometry": { "type": "Point", "coordinates": [ 463638.9841, 4984625.487400000914931 ] } },
{ "type": "Feature", "properties": { "OBJECTID": 15597, "POINT_X": 463641.72410000023, "POINT_Y": 4984388.8585000001, "Roads": [ [ 2252, 2256, 2257, 2378 ] ], "NeighboringIntersections": "[[{1215: 3.502859198594931, 1208: 0.62104512474739, 1219: 1.6160654338397002, 1288: 9.670694101526157}]]" }, "geometry": { "type": "Point", "coordinates": [ 463641.724100000225008, 4984388.8585 ] } },
{ "type": "Feature", "properties": { "OBJECTID": 15598, "POINT_X": 463642.06560000032, "POINT_Y": 4984414.1417999994, "Roads": [ [ 2257, 2258, 2259, 2381 ] ], "NeighboringIntersections": "[[{1218: 1.6160654338397002, 1209: 0.6377153423299483, 1217: 13.6026435131306, 1289: 9.835484454975026}]]" }, "geometry": { "type": "Point", "coordinates": [ 463642.065600000321865, 4984414.141799999400973 ] } },
{ "type": "Feature", "properties": { "OBJECTID": 15602, "POINT_X": 463644.61330000032, "POINT_Y": 4987902.5704999994, "Roads": [ [ 2261, 2262, 2274, 2292 ] ], "NeighboringIntersections": "[[{1145: 15.50670690791334, 1222: 0.9107936796017666, 1228: 14.748766457141494, 1238: 0.7239167215514462}]]" }, "geometry": { "type": "Point", "coordinates": [ 463644.613300000317395, 4987902.570499999448657 ] } },
{ "type": "Feature", "properties": { "OBJECTID": 15603, "POINT_X": 463644.93130000029, "POINT_Y": 4985093.132, "Roads": [ [ 2255, 2263, 2264, 2369 ] ], "NeighboringIntersections": "[[{1217: 29.89077138617177, 1163: 11.191941519281503, 1224: 20.74024682800097, 1283: 13.336216250825492}]]" }, "geometry": { "type": "Point", "coordinates": [ 463644.931300000287592, 4985093.131999999284744 ] } },
{ "type": "Feature", "properties": { "OBJECTID": 15604, "POINT_X": 463644.95270000026, "POINT_Y": 4987916.8170999996, "Roads": [ [ 2262, 2265, 2266, 2294 ] ], "NeighboringIntersections": "[[{1220: 0.9107936796017666, 1177: 7.402456389795323, 1229: 13.984219349166073, 1239: 0.7274291851227777}]]" }, "geometry": { "type": "Point", "coordinates": [ 463644.9527000002563, 4987916.817099999636412 ] } },
{ "type": "Feature", "properties": { "OBJECTID": 15605, "POINT_X": 463645.11560000014, "POINT_Y": 4981143.3697999995, "Roads": [ [ 2154, 2267, 2269, 2330 ] ], "NeighboringIntersections": "[[{1167: 13.386350853088636, 1260: 51.854228310685755, 1225: 1.7254463679978136, 1282: 15.686767591100773}]]" }, "geometry": { "type": "Point", "coordinates": [ 463645.115600000135601, 4981143.369799999520183 ] } },
{ "type": "Feature", "properties": { "OBJECTID": 15609, "POINT_X": 463649.51669999957, "POINT_Y": 4985417.6097999997, "Roads": [ [ 2264, 2268, 2349 ] ], "NeighboringIntersections": "[[{1221: 20.74024682800097, 1226: 10.089238240367733}]]" }, "geometry": { "type": "Point", "coordinates": [ 463649.516699999570847, 4985417.6097999997437 ] } },
{ "type": "Feature", "properties": { "OBJECTID": 15612, "POINT_X": 463650.27049999963, "POINT_Y": 4981124.788000001, "Roads": [ [ 2164, 2269, 2324, 2329 ] ], "NeighboringIntersections": "[[{1172: 12.494032132867858, 1223: 1.7254463679978136, 1257: 32.066992165996176, 1285: 15.842995640173411}]]" }, "geometry": { "type": "Point", "coordinates": [ 463650.270499999634922, 4981124.78800000064075 ] } },
{ "type": "Feature", "properties": { "OBJECTID": 15613, "POINT_X": 463651.05769999977, "POINT_Y": 4985575.4612000007, "Roads": [ [ 2268, 2270, 2271 ] ], "NeighboringIntersections": "[[{1224: 10.089238240367733, 1232: 19.00045007127285, 1253: 3.6316751169989603}]]" }, "geometry": { "type": "Point", "coordinates": [ 463651.057699999772012, 4985575.461200000718236 ] } },
{ "type": "Feature", "properties": { "OBJECTID": 15615, "POINT_X": 463652.77919999976, "POINT_Y": 4989061.5012999997, "Roads": [ [ 2260, 2272, 2317 ] ], "NeighboringIntersections": "[[{1216: 5.198270746548417, 1252: 2.8613723458862608}]]" }, "geometry": { "type": "Point", "coordinates": [ 463652.779199999757111, 4989061.501299999654293 ] } },
{ "type": "Feature", "properties": { "OBJECTID": 15616, "POINT_X": 463652.9238, "POINT_Y": 4987672.1954999994, "Roads": [ [ 2273, 2274, 2275, 2278 ] ], "NeighboringIntersections": "[[{1192: 4.406333081585351, 1220: 14.748766457141494, 1242: 9.62977236593325, 1230: 4.417392507315139}]]" }, "geometry": { "type": "Point", "coordinates": [ 463652.923799999989569, 4987672.195499999448657 ] } },
{ "type": "Feature", "properties": { "OBJECTID": 15617, "POINT_X": 463652.93680000026, "POINT_Y": 4988135.4333999995, "Roads": [ [ 2266, 2276, 2277, 2295 ] ], "NeighboringIntersections": "[[{1222: 13.984219349166073, 1190: 4.710365641895169, 1239: 13.99566388096953}]]" }, "geometry": { "type": "Point", "coordinates": [ 463652.93680000025779, 4988135.433399999514222 ] } },
{ "type": "Feature", "properties": { "OBJECTID": 15618, "POINT_X": 463653.53359999973, "POINT_Y": 4987603.0819000006, "Roads": [ [ 2278, 2279, 2281 ] ], "NeighboringIntersections": "[[{1228: 4.417392507315139, 1254: 3.700663173535897, 1231: 2.98443204788292}]]" }, "geometry": { "type": "Point", "coordinates": [ 463653.533599999733269, 4987603.081900000572205 ] } },
{ "type": "Feature", "properties": { "OBJECTID": 15620, "POINT_X": 463653.94560000021, "POINT_Y": 4987556.3881000001, "Roads": [ [ 2280, 2281, 2288 ] ], "NeighboringIntersections": "[[{1166: 10.872990046978593, 1230: 2.98443204788292, 1235: 6.4761341756051145}]]" }, "geometry": { "type": "Point", "coordinates": [ 463653.945600000210106, 4987556.3881 ] } },
{ "type": "Feature", "properties": { "OBJECTID": 15622, "POINT_X": 463654.17480000015, "POINT_Y": 4985872.7335000001, "Roads": [ [ 2270, 2282, 2283 ] ], "NeighboringIntersections": "[[{1226: 19.00045007127285, 1175: 9.243465951045987, 1236: 7.773915136108209}]]" }, "geometry": { "type": "Point", "coordinates": [ 463654.174800000153482, 4985872.7335 ] } },
{ "type": "Feature", "properties": { "OBJECTID": 15623, "POINT_X": 463654.35280000046, "POINT_Y": 4986289.6657999996, "Roads": [ [ 2284, 2285, 2302, 2314 ] ], "NeighboringIntersections": "[[{1173: 7.288096886352824, 1234: 1.1134264680115413, 1244: 5.580829909139624, 1251: 0.8564517839515643}]]" }, "geometry": { "type": "Point", "coordinates": [ 463654.352800000458956, 4986289.66579999960959 ] } },
{ "type": "Feature", "properties": { "OBJECTID": 15624, "POINT_X": 463654.7126000002, "POINT_Y": 4986307.0832000002, "Roads": [ [ 2285, 2286, 2287, 2312 ] ], "NeighboringIntersections": "[[{1233: 1.1134264680115413, 1174: 7.312578689665673, 1248: 6.001475183960196, 1250: 0.8315993026076632}]]" }, "geometry": { "type": "Point", "coordinates": [ 463654.712600000202656, 4986307.083200000226498 ] } },
{ "type": "Feature", "properties": { "OBJECTID": 15628, "POINT_X": 463655.1891000001, "POINT_Y": 4987455.0687000006, "Roads": [ [ 2288, 2291, 2442 ] ], "NeighboringIntersections": "[[{1231: 6.4761341756051145, 1237: 6.613136267403585}]]" }, "geometry": { "type": "Point", "coordinates": [ 463655.189100000075996, 4987455.06870000064373 ] } },
{ "type": "Feature", "properties": { "OBJECTID": 15630, "POINT_X": 463655.4501, "POINT_Y": 4985994.3606000002, "Roads": [ [ 2283, 2289, 2361 ] ], "NeighboringIntersections": "[[{1232: 7.773915136108209, 1240: 7.220965425211086, 1277: 11.362377748371403}]]" }, "geometry": { "type": "Point", "coordinates": [ 463655.450100000016391, 4985994.360600000247359 ] } },
{ "type": "Feature", "properties": { "OBJECTID": 15631, "POINT_X": 463655.9331, "POINT_Y": 4987351.5996000003, "Roads": [ [ 2290, 2291, 2299 ] ], "NeighboringIntersections": "[[{1191: 5.036014629440356, 1235: 6.613136267403585, 1241: 6.845621252767221}]]" }, "geometry": { "type": "Point", "coordinates": [ 463655.933100000023842, 4987351.599600000306964 ] } },
{ "type": "Feature", "properties": { "OBJECTID": 15632, "POINT_X": 463655.93759999983, "POINT_Y": 4987902.3378, "Roads": [ [ 2292, 2293, 2300, 2417 ] ], "NeighboringIntersections": "[[{1220: 0.7239167215514462, 1239: 0.9100658809219209, 1242: 5.096791809714684, 1303: 19.477880183451894}]]" }, "geometry": { "type": "Point", "coordinates": [ 463655.937599999830127, 4987902.337799999862909 ] } },
{ "type": "Feature", "properties": { "OBJECTID": 15633, "POINT_X": 463656.3317, "POINT_Y": 4987916.5715999994, "Roads": [ [ 2293, 2294, 2295, 2418 ] ], "NeighboringIntersections": "[[{1238: 0.9100658809219209, 1222: 0.7274291851227777, 1229: 13.99566388096953, 1303: 19.456008963155853}]]" }, "geometry": { "type": "Point", "coordinates": [ 463656.331699999980628, 4987916.571599999442697 ] } },
{ "type": "Feature", "properties": { "OBJECTID": 15634, "POINT_X": 463656.4024, "POINT_Y": 4986107.3387000002, "Roads": [ [ 2289, 2296, 2297, 2455 ] ], "NeighboringIntersections": "[[{1236: 7.220965425211086, 1189: 5.642042932874437, 1244: 6.090414666549329}]]" }, "geometry": { "type": "Point", "coordinates": [ 463656.402400000020862, 4986107.338700000196695 ] } },
{ "type": "Feature", "properties": { "OBJECTID": 15635, "POINT_X": 463656.69759999961, "POINT_Y": 4987244.493000001, "Roads": [ [ 2298, 2299, 2301 ] ], "NeighboringIntersections": "[[{1187: 6.1336846159783605, 1237: 6.845621252767221, 1243: 3.1101975231012213}]]" }, "geometry": { "type": "Point", "coordinates": [ 463656.697599999606609, 4987244.493000000715256 ] } },
{ "type": "Feature", "properties": { "OBJECTID": 15636, "POINT_X": 463657.0641000001, "POINT_Y": 4987822.6011999995, "Roads": [ [ 2275, 2300, 2347 ] ], "NeighboringIntersections": "[[{1228: 9.62977236593325, 1238: 5.096791809714684, 1269: 10.745310702447176}]]" }, "geometry": { "type": "Point", "coordinates": [ 463657.064100000075996, 4987822.601199999451637 ] } },
{ "type": "Feature", "properties": { "OBJECTID": 15637, "POINT_X": 463657.127, "POINT_Y": 4987195.8314999994, "Roads": [ [ 2301, 2306, 2380 ] ], "NeighboringIntersections": "[[{1241: 3.1101975231012213, 1246: 11.498477451922328}]]" }, "geometry": { "type": "Point", "coordinates": [ 463657.127000000327826, 4987195.831499999389052 ] } },
{ "type": "Feature", "properties": { "OBJECTID": 15638, "POINT_X": 463657.38480000012, "POINT_Y": 4986202.6267000008, "Roads": [ [ 2297, 2302, 2303 ] ], "NeighboringIntersections": "[[{1240: 6.090414666549329, 1233: 5.580829909139624, 1251: 5.8173978719372075}]]" }, "geometry": { "type": "Point", "coordinates": [ 463657.384800000116229, 4986202.626700000837445 ] } },
{ "type": "Feature", "properties": { "OBJECTID": 15639, "POINT_X": 463657.97520000022, "POINT_Y": 4986889.1459, "Roads": [ [ 2304, 2308, 2373 ] ], "NeighboringIntersections": "[[{1246: 8.102743424506173, 1247: 17.16290279209193}]]" }, "geometry": { "type": "Point", "coordinates": [ 463657.975200000219047, 4986889.145899999886751 ] } },
{ "type": "Feature", "properties": { "OBJECTID": 15640, "POINT_X": 463658.10329999961, "POINT_Y": 4987015.9245999996, "Roads": [ [ 2304, 2305, 2306 ] ], "NeighboringIntersections": "[[{1245: 8.102743424506173, 1168: 11.121540162116242, 1243: 11.498477451922328}]]" }, "geometry": { "type": "Point", "coordinates": [ 463658.10329999960959, 4987015.924599999561906 ] } },
{ "type": "Feature", "properties": { "OBJECTID": 15642, "POINT_X": 463658.3359000003, "POINT_Y": 4986620.6085000001, "Roads": [ [ 2307, 2308, 2309, 2339 ] ], "NeighboringIntersections": "[[{1141: 19.826876765414045, 1245: 17.16290279209193, 1248: 14.048963384341336, 1264: 19.17162855984524}]]" }, "geometry": { "type": "Point", "coordinates": [ 463658.335900000296533, 4986620.6085 ] } },
{ "type": "Feature", "properties": { "OBJECTID": 15643, "POINT_X": 463658.35340000037, "POINT_Y": 4986400.7928, "Roads": [ [ 2287, 2309, 2313 ] ], "NeighboringIntersections": "[[{1234: 6.001475183960196, 1247: 14.048963384341336, 1250: 6.15679508879644}]]" }, "geometry": { "type": "Point", "coordinates": [ 463658.353400000371039, 4986400.7928 ] } },
{ "type": "Feature", "properties": { "OBJECTID": 15645, "POINT_X": 463658.60780000035, "POINT_Y": 4989158.8161999993, "Roads": [ [ 2310, 2311, 2346, 2367 ] ], "NeighboringIntersections": "[[{1195: 15.314179055769305, 1216: 1.9873692177133246, 1268: 8.963857701646365, 1281: 19.499840425108598}]]" }, "geometry": { "type": "Point", "coordinates": [ 463658.607800000347197, 4989158.816199999302626 ] } },
{ "type": "Feature", "properties": { "OBJECTID": 15660, "POINT_X": 463669.58270000014, "POINT_Y": 4986307.1652000006, "Roads": [ [ 2312, 2313, 2315, 2423 ] ], "NeighboringIntersections": "[[{1234: 0.8315993026076632, 1248: 6.15679508879644, 1251: 1.1165639259231814, 1305: 16.36292439213991}]]" }, "geometry": { "type": "Point", "coordinates": [ 463669.582700000144541, 4986307.165200000628829 ] } },
{ "type": "Feature", "properties": { "OBJECTID": 15661, "POINT_X": 463669.66750000045, "POINT_Y": 4986289.6952, "Roads": [ [ 2303, 2314, 2315, 2421 ] ], "NeighboringIntersections": "[[{1244: 5.8173978719372075, 1233: 0.8564517839515643, 1250: 1.1165639259231814, 1304: 16.345037125156548}]]" }, "geometry": { "type": "Point", "coordinates": [ 463669.667500000447035, 4986289.6952 ] } },
{ "type": "Feature", "properties": { "OBJECTID": 15705, "POINT_X": 463698.79750000034, "POINT_Y": 4989043.7795000002, "Roads": [ [ 2317, 2318 ] ], "NeighboringIntersections": "[[{1227: 2.8613723458862608}]]" }, "geometry": { "type": "Point", "coordinates": [ 463698.797500000335276, 4989043.779500000178814 ] } },
{ "type": "Feature", "properties": { "OBJECTID": 15717, "POINT_X": 463707.58239999972, "POINT_Y": 4985577.622, "Roads": [ [ 2271, 2319, 2408 ] ], "NeighboringIntersections": "[[{1226: 3.6316751169989603, 1263: 5.2394104976298665}]]" }, "geometry": { "type": "Point", "coordinates": [ 463707.582399999722838, 4985577.621999999508262 ] } },
{ "type": "Feature", "properties": { "OBJECTID": 15721, "POINT_X": 463709.51520000026, "POINT_Y": 4987611.8271999992, "Roads": [ [ 2279, 2320, 2348 ] ], "NeighboringIntersections": "[[{1230: 3.700663173535897, 1269: 11.249850746266556}]]" }, "geometry": { "type": "Point", "coordinates": [ 463709.5152000002563, 4987611.827199999243021 ] } },
{ "type": "Feature", "properties": { "OBJECTID": 15725, "POINT_X": 463711.68169999961, "POINT_Y": 4988733.3118999992, "Roads": [ [ 2321, 2344, 2352 ] ], "NeighboringIntersections": "[[{1256: 3.228441180622611, 1267: 12.936394624227388, 1271: 6.17772118583288}]]" }, "geometry": { "type": "Point", "coordinates": [ 463711.681699999608099, 4988733.311899999156594 ] } },
{ "type": "Feature", "properties": { "OBJECTID": 15726, "POINT_X": 463711.92420000024, "POINT_Y": 4988783.8247999996, "Roads": [ [ 2321, 2322, 2323 ] ], "NeighboringIntersections": "[[{1255: 3.228441180622611, 1281: 13.24703535597882}]]" }, "geometry": { "type": "Point", "coordinates": [ 463711.924200000241399, 4988783.824799999594688 ] } },
{ "type": "Feature", "properties": { "OBJECTID": 15729, "POINT_X": 463716.319, "POINT_Y": 4980773.1088999994, "Roads": [ [ 2316, 2324, 2325 ] ], "NeighboringIntersections": "[[{1225: 32.066992165996176, 1260: 34.8416961738785}]]" }, "geometry": { "type": "Point", "coordinates": [ 463716.31900000013411, 4980773.108899999409914 ] } },
{ "type": "Feature", "properties": { "OBJECTID": 15741, "POINT_X": 463726.52450000029, "POINT_Y": 4984624.2895, "Roads": [ [ 2327, 2328, 2353 ] ], "NeighboringIntersections": "[[{1217: 5.595446596601955}]]" }, "geometry": { "type": "Point", "coordinates": [ 463726.524500000290573, 4984624.2895 ] } },
{ "type": "Feature", "properties": { "OBJECTID": 15755, "POINT_X": 463742.9446, "POINT_Y": 4980830.4089000002, "Roads": [ [ 2326, 2331, 2332 ] ], "NeighboringIntersections": "[[{1266: 29.38941256764918, 1285: 42.4444468579992}]]" }, "geometry": { "type": "Point", "coordinates": [ 463742.944600000046194, 4980830.408900000154972 ] } },
{ "type": "Feature", "properties": { "OBJECTID": 15771, "POINT_X": 463756.3088999996, "POINT_Y": 4981706.683, "Roads": [ [ 2267, 2325, 2333 ] ], "NeighboringIntersections": "[[{1223: 51.854228310685755, 1257: 34.8416961738785, 1275: 19.53914539894009}]]" }, "geometry": { "type": "Point", "coordinates": [ 463756.308899999596179, 4981706.683000000193715 ] } },
{ "type": "Feature", "properties": { "OBJECTID": 15774, "POINT_X": 463761.28220000025, "POINT_Y": 4982671.2908999994, "Roads": [ [ 2334, 2335, 2358, 2383 ] ], "NeighboringIntersections": "[[{1207: 6.656841190817648, 1262: 1.5993599182044989, 1275: 40.51541773156697, 1317: 12.122554790650057}]]" }, "geometry": { "type": "Point", "coordinates": [ 463761.282200000248849, 4982671.290899999439716 ] } },
{ "type": "Feature", "properties": { "OBJECTID": 15776, "POINT_X": 463761.90479999967, "POINT_Y": 4982689.1545000002, "Roads": [ [ 2335, 2336, 2337, 2386 ] ], "NeighboringIntersections": "[[{1261: 1.5993599182044989, 1210: 6.6681618991119525, 1294: 40.85406630466371, 1318: 12.15439182003278}]]" }, "geometry": { "type": "Point", "coordinates": [ 463761.904799999669194, 4982689.154500000178814 ] } },
{ "type": "Feature", "properties": { "OBJECTID": 15780, "POINT_X": 463763.79430000018, "POINT_Y": 4985637.0067999996, "Roads": [ [ 2319, 2338, 2414 ] ], "NeighboringIntersections": "[[{1253: 5.2394104976298665, 1265: 0.6615364610679335}]]" }, "geometry": { "type": "Point", "coordinates": [ 463763.794300000183284, 4985637.006799999624491 ] } },
{ "type": "Feature", "properties": { "OBJECTID": 15784, "POINT_X": 463767.889, "POINT_Y": 4986375.9569000006, "Roads": [ [ 2339, 2340, 2443 ] ], "NeighboringIntersections": "[[{1247: 19.17162855984524, 1315: 37.31056440917143}]]" }, "geometry": { "type": "Point", "coordinates": [ 463767.889000000432134, 4986375.956900000572205 ] } },
{ "type": "Feature", "properties": { "OBJECTID": 15788, "POINT_X": 463770.774, "POINT_Y": 4985644.6501000002, "Roads": [ [ 2338, 2341, 2342 ] ], "NeighboringIntersections": "[[{1263: 0.6615364610679335, 1272: 5.948458392239075}]]" }, "geometry": { "type": "Point", "coordinates": [ 463770.774000000208616, 4985644.650100000202656 ] } },
{ "type": "Feature", "properties": { "OBJECTID": 15789, "POINT_X": 463774.32519999985, "POINT_Y": 4981618.0588000007, "Roads": [ [ 2331, 2343, 2368 ] ], "NeighboringIntersections": "[[{1259: 29.38941256764918, 1286: 25.366312171605852, 1282: 29.99667011030336}]]" }, "geometry": { "type": "Point", "coordinates": [ 463774.325199999846518, 4981618.058800000697374 ] } },
{ "type": "Feature", "properties": { "OBJECTID": 15792, "POINT_X": 463777.05960000027, "POINT_Y": 4988551.8304999992, "Roads": [ [ 2344, 2371, 2376 ] ], "NeighboringIntersections": "[[{1255: 12.936394624227388, 1284: 8.341909926055658, 1287: 5.8101182560759215}]]" }, "geometry": { "type": "Point", "coordinates": [ 463777.059600000269711, 4988551.83049999922514 ] } },
{ "type": "Feature", "properties": { "OBJECTID": 15797, "POINT_X": 463780.87129999977, "POINT_Y": 4989199.589, "Roads": [ [ 2346, 2365, 2403 ] ], "NeighboringIntersections": "[[{1249: 8.963857701646365, 1279: 7.642800788992049}]]" }, "geometry": { "type": "Point", "coordinates": [ 463780.871299999766052, 4989199.588999999687076 ] } },
{ "type": "Feature", "properties": { "OBJECTID": 15798, "POINT_X": 463781.04079999961, "POINT_Y": 4987758.3482000008, "Roads": [ [ 2320, 2347, 2384 ] ], "NeighboringIntersections": "[[{1254: 11.249850746266556, 1242: 10.745310702447176, 1290: 6.06645179701201}]]" }, "geometry": { "type": "Point", "coordinates": [ 463781.04079999960959, 4987758.348200000822544 ] } },
{ "type": "Feature", "properties": { "OBJECTID": 15824, "POINT_X": 463806.91370000038, "POINT_Y": 4989923.3641, "Roads": [ [ 2350, 2351, 2481 ] ], "NeighboringIntersections": "[[{1171: 15.533443153989879, 1278: 7.3874388219256595, 1339: 17.985651666677295}]]" }, "geometry": { "type": "Point", "coordinates": [ 463806.91370000038296, 4989923.364099999889731 ] } },
{ "type": "Feature", "properties": { "OBJECTID": 15825, "POINT_X": 463807.68520000018, "POINT_Y": 4988739.248, "Roads": [ [ 2352, 2377, 2387 ] ], "NeighboringIntersections": "[[{1255: 6.17772118583288, 1287: 10.06756142729732, 1291: 8.426816806959422}]]" }, "geometry": { "type": "Point", "coordinates": [ 463807.685200000181794, 4988739.247999999672174 ] } },
{ "type": "Feature", "properties": { "OBJECTID": 15828, "POINT_X": 463812.56940000039, "POINT_Y": 4985722.8103999998, "Roads": [ [ 2342, 2354, 2390 ] ], "NeighboringIntersections": "[[{1265: 5.948458392239075, 1273: 3.4199602472364936}]]" }, "geometry": { "type": "Point", "coordinates": [ 463812.56940000038594, 4985722.810399999842048 ] } },
{ "type": "Feature", "properties": { "OBJECTID": 15829, "POINT_X": 463813.13150000013, "POINT_Y": 4985776.317, "Roads": [ [ 2354, 2355, 2356 ] ], "NeighboringIntersections": "[[{1272: 3.4199602472364936, 1274: 2.519436645887372}]]" }, "geometry": { "type": "Point", "coordinates": [ 463813.13150000013411, 4985776.316999999806285 ] } },
{ "type": "Feature", "properties": { "OBJECTID": 15831, "POINT_X": 463813.53969999962, "POINT_Y": 4985815.735, "Roads": [ [ 2356, 2357, 2391 ] ], "NeighboringIntersections": "[[{1273: 2.519436645887372, 1276: 7.327288961783741}]]" }, "geometry": { "type": "Point", "coordinates": [ 463813.53969999961555, 4985815.734999999403954 ] } },
{ "type": "Feature", "properties": { "OBJECTID": 15836, "POINT_X": 463817.63729999959, "POINT_Y": 4982227.1685000006, "Roads": [ [ 2333, 2358, 2359 ] ], "NeighboringIntersections": "[[{1260: 19.53914539894009, 1261: 40.51541773156697, 1294: 33.15187121274802}]]" }, "geometry": { "type": "Point", "coordinates": [ 463817.637299999594688, 4982227.168500000610948 ] } },
{ "type": "Feature", "properties": { "OBJECTID": 15840, "POINT_X": 463820.43659999967, "POINT_Y": 4985929.8993999995, "Roads": [ [ 2357, 2360, 2392 ] ], "NeighboringIntersections": "[[{1274: 7.327288961783741, 1277: 5.816860031907631}]]" }, "geometry": { "type": "Point", "coordinates": [ 463820.436599999666214, 4985929.899399999529123 ] } },
{ "type": "Feature", "properties": { "OBJECTID": 15847, "POINT_X": 463826.2204, "POINT_Y": 4986020.5152000003, "Roads": [ [ 2360, 2361, 2420 ] ], "NeighboringIntersections": "[[{1276: 5.816860031907631, 1236: 11.362377748371403}]]" }, "geometry": { "type": "Point", "coordinates": [ 463826.2204, 4986020.5152000002563 ] } },
{ "type": "Feature", "properties": { "OBJECTID": 15850, "POINT_X": 463827.00760000013, "POINT_Y": 4990035.9798000008, "Roads": [ [ 2351, 2362, 2363 ] ], "NeighboringIntersections": "[[{1270: 7.3874388219256595, 1280: 5.967515019785558}]]" }, "geometry": { "type": "Point", "coordinates": [ 463827.00760000012815, 4990035.979800000786781 ] } },
{ "type": "Feature", "properties": { "OBJECTID": 15851, "POINT_X": 463827.07249999978, "POINT_Y": 4989303.5217000004, "Roads": [ [ 2364, 2365, 2394 ] ], "NeighboringIntersections": "[[{1268: 7.642800788992049, 1292: 6.08971057507913}]]" }, "geometry": { "type": "Point", "coordinates": [ 463827.072499999776483, 4989303.52170000039041 ] } },
{ "type": "Feature", "properties": { "OBJECTID": 15856, "POINT_X": 463839.28830000013, "POINT_Y": 4990127.5410999991, "Roads": [ [ 2363, 2366, 2400 ] ], "NeighboringIntersections": "[[{1278: 5.967515019785558, 1295: 5.750335306570812}]]" }, "geometry": { "type": "Point", "coordinates": [ 463839.28830000013113, 4990127.54109999909997 ] } },
{ "type": "Feature", "properties": { "OBJECTID": 15857, "POINT_X": 463839.66849999968, "POINT_Y": 4988921.5242, "Roads": [ [ 2323, 2367, 2388 ] ], "NeighboringIntersections": "[[{1256: 13.24703535597882, 1249: 19.499840425108598, 1291: 5.979813547762827}]]" }, "geometry": { "type": "Point", "coordinates": [ 463839.668499999679625, 4988921.52419999986887 ] } },
{ "type": "Feature", "properties": { "OBJECTID": 15859, "POINT_X": 463840.44510000013, "POINT_Y": 4981291.9814999998, "Roads": [ [ 2330, 2368, 2372, 2402 ] ], "NeighboringIntersections": "[[{1223: 15.686767591100773, 1266: 29.99667011030336, 1285: 1.6917748051831192, 1296: 7.206965496286265}]]" }, "geometry": { "type": "Point", "coordinates": [ 463840.44510000012815, 4981291.981499999761581 ] } },
{ "type": "Feature", "properties": { "OBJECTID": 15861, "POINT_X": 463843.037, "POINT_Y": 4985119.9674999993, "Roads": [ [ 2369, 2370, 2398 ] ], "NeighboringIntersections": "[[{1221: 13.336216250825492, 1322: 96.0864375246642}]]" }, "geometry": { "type": "Point", "coordinates": [ 463843.036999999545515, 4985119.967499999329448 ] } },
{ "type": "Feature", "properties": { "OBJECTID": 15863, "POINT_X": 463843.99390000012, "POINT_Y": 4988440.0402000006, "Roads": [ [ 2371, 2396, 2438 ] ], "NeighboringIntersections": "[[{1267: 8.341909926055658, 1293: 6.562905531210456, 1313: 10.036589342489608}]]" }, "geometry": { "type": "Point", "coordinates": [ 463843.993900000117719, 4988440.040200000628829 ] } },
{ "type": "Feature", "properties": { "OBJECTID": 15871, "POINT_X": 463847.7922, "POINT_Y": 4981274.5601000004, "Roads": [ [ 2329, 2332, 2372, 2404 ] ], "NeighboringIntersections": "[[{1225: 15.842995640173411, 1259: 42.4444468579992, 1282: 1.6917748051831192, 1297: 7.429306034018327}]]" }, "geometry": { "type": "Point", "coordinates": [ 463847.792200000025332, 4981274.560100000351667 ] } },
{ "type": "Feature", "properties": { "OBJECTID": 15875, "POINT_X": 463852.11689999979, "POINT_Y": 4982293.9671, "Roads": [ [ 2343, 2374, 2375 ] ], "NeighboringIntersections": "[[{1266: 25.366312171605852, 1299: 28.449842653924193, 1317: 37.05817107416064}]]" }, "geometry": { "type": "Point", "coordinates": [ 463852.116899999789894, 4982293.9671 ] } },
{ "type": "Feature", "properties": { "OBJECTID": 15880, "POINT_X": 463857.0513000004, "POINT_Y": 4988592.5275, "Roads": [ [ 2376, 2377, 2409 ] ], "NeighboringIntersections": "[[{1267: 5.8101182560759215, 1271: 10.06756142729732, 1300: 6.599567644574363}]]" }, "geometry": { "type": "Point", "coordinates": [ 463857.051300000399351, 4988592.527499999850988 ] } },
{ "type": "Feature", "properties": { "OBJECTID": 15890, "POINT_X": 463862.61550000031, "POINT_Y": 4984301.0442999993, "Roads": [ [ 2378, 2379, 2412, 2415 ] ], "NeighboringIntersections": "[[{1218: 9.670694101526157, 1289: 2.2652067310082704, 1302: 42.93447568904668, 1331: 9.914207853477992}]]" }, "geometry": { "type": "Point", "coordinates": [ 463862.615500000305474, 4984301.044299999251962 ] } },
{ "type": "Feature", "properties": { "OBJECTID": 15892, "POINT_X": 463867.22049999982, "POINT_Y": 4984325.9378999993, "Roads": [ [ 2379, 2381, 2382, 2416 ] ], "NeighboringIntersections": "[[{1288: 2.2652067310082704, 1219: 9.835484454975026, 1311: 34.578286079128716, 1332: 9.908323771409664}]]" }, "geometry": { "type": "Point", "coordinates": [ 463867.220499999821186, 4984325.937899999320507 ] } },
{ "type": "Feature", "properties": { "OBJECTID": 15899, "POINT_X": 463871.71729999967, "POINT_Y": 4987736.9615000002, "Roads": [ [ 2384, 2385, 2440 ] ], "NeighboringIntersections": "[[{1269: 6.06645179701201}]]" }, "geometry": { "type": "Point", "coordinates": [ 463871.717299999669194, 4987736.961500000208616 ] } },
{ "type": "Feature", "properties": { "OBJECTID": 15910, "POINT_X": 463878.81070000026, "POINT_Y": 4988836.8277000003, "Roads": [ [ 2387, 2388, 2456, 2462 ] ], "NeighboringIntersections": "[[{1271: 8.426816806959422, 1281: 5.979813547762827, 1323: 15.302688717628584, 1327: 11.69932650283986}]]" }, "geometry": { "type": "Point", "coordinates": [ 463878.810700000263751, 4988836.8277000002563 ] } },
{ "type": "Feature", "properties": { "OBJECTID": 15952, "POINT_X": 463911.98589999974, "POINT_Y": 4989339.456, "Roads": [ [ 2394, 2395, 2480 ] ], "NeighboringIntersections": "[[{1279: 6.08971057507913, 1338: 15.423197032214102}]]" }, "geometry": { "type": "Point", "coordinates": [ 463911.98589999973774, 4989339.456000000238419 ] } },
{ "type": "Feature", "properties": { "OBJECTID": 15954, "POINT_X": 463914.00339999981, "POINT_Y": 4988513.2993000001, "Roads": [ [ 2396, 2425, 2449 ] ], "NeighboringIntersections": "[[{1284: 6.562905531210456, 1306: 6.245644080544708, 1320: 7.231106804097946}]]" }, "geometry": { "type": "Point", "coordinates": [ 463914.003399999812245, 4988513.2993 ] } },
{ "type": "Feature", "properties": { "OBJECTID": 15967, "POINT_X": 463922.3778, "POINT_Y": 4983110.1908, "Roads": [ [ 2337, 2359, 2399 ] ], "NeighboringIntersections": "[[{1262: 40.85406630466371, 1275: 33.15187121274802, 1302: 26.937593206847907}]]" }, "geometry": { "type": "Point", "coordinates": [ 463922.377799999900162, 4983110.1908 ] } },
{ "type": "Feature", "properties": { "OBJECTID": 15968, "POINT_X": 463922.928, "POINT_Y": 4990149.4664999992, "Roads": [ [ 2397, 2400, 2401, 2466 ] ], "NeighboringIntersections": "[[{1280: 5.750335306570812, 1329: 9.23634421083231}]]" }, "geometry": { "type": "Point", "coordinates": [ 463922.928000000305474, 4990149.466499999165535 ] } },
{ "type": "Feature", "properties": { "OBJECTID": 15979, "POINT_X": 463930.24909999967, "POINT_Y": 4981360.1772000007, "Roads": [ [ 2402, 2405, 2406 ] ], "NeighboringIntersections": "[[{1282: 7.206965496286265, 1297: 1.1963966639449073, 1298: 0.8861392519697776}]]" }, "geometry": { "type": "Point", "coordinates": [ 463930.249099999666214, 4981360.177200000733137 ] } },
{ "type": "Feature", "properties": { "OBJECTID": 15990, "POINT_X": 463940.57909999974, "POINT_Y": 4981344.5661999993, "Roads": [ [ 2404, 2405, 2410, 2427 ] ], "NeighboringIntersections": "[[{1285: 7.429306034018327, 1296: 1.1963966639449073, 1301: 0.9129679090607322, 1307: 13.576005780504424}]]" }, "geometry": { "type": "Point", "coordinates": [ 463940.57909999974072, 4981344.566199999302626 ] } },
{ "type": "Feature", "properties": { "OBJECTID": 15991, "POINT_X": 463941.30229999963, "POINT_Y": 4981368.5474999994, "Roads": [ [ 2406, 2411, 2473 ] ], "NeighboringIntersections": "[[{1296: 0.8861392519697776, 1301: 1.1724459023857403, 1334: 12.860762350001462}]]" }, "geometry": { "type": "Point", "coordinates": [ 463941.302299999631941, 4981368.547499999403954 ] } },
{ "type": "Feature", "properties": { "OBJECTID": 15992, "POINT_X": 463943.088, "POINT_Y": 4983051.6181000005, "Roads": [ [ 2374, 2407, 2447 ] ], "NeighboringIntersections": "[[{1286: 28.449842653924193, 1312: 28.179635987080815, 1318: 32.79378747289529}]]" }, "geometry": { "type": "Point", "coordinates": [ 463943.088000000454485, 4983051.618100000545382 ] } },
{ "type": "Feature", "properties": { "OBJECTID": 16000, "POINT_X": 463950.1212, "POINT_Y": 4988612.2844999991, "Roads": [ [ 2409, 2426, 2457 ] ], "NeighboringIntersections": "[[{1287: 6.599567644574363, 1306: 1.5213439351549045, 1323: 5.646002624635654}]]" }, "geometry": { "type": "Point", "coordinates": [ 463950.121199999935925, 4988612.284499999135733 ] } },
{ "type": "Feature", "properties": { "OBJECTID": 16002, "POINT_X": 463951.75019999966, "POINT_Y": 4981353.4689000007, "Roads": [ [ 2410, 2411, 2428, 2477 ] ], "NeighboringIntersections": "[[{1297: 0.9129679090607322, 1298: 1.1724459023857403, 1307: 14.169323371286131, 1336: 12.66599910271171}]]" }, "geometry": { "type": "Point", "coordinates": [ 463951.750199999660254, 4981353.468900000676513 ] } },
{ "type": "Feature", "properties": { "OBJECTID": 16004, "POINT_X": 463952.3189000003, "POINT_Y": 4983831.3725000005, "Roads": [ [ 2399, 2412, 2413 ] ], "NeighboringIntersections": "[[{1294: 26.937593206847907, 1288: 42.93447568904668, 1311: 32.28103075120878}]]" }, "geometry": { "type": "Point", "coordinates": [ 463952.318900000303984, 4983831.372500000521541 ] } },
{ "type": "Feature", "properties": { "OBJECTID": 16025, "POINT_X": 463960.14230000041, "POINT_Y": 4987907.2859000005, "Roads": [ [ 2417, 2418, 2419, 2538 ] ], "NeighboringIntersections": "[[{1238: 19.477880183451894, 1239: 19.456008963155853, 1313: 29.381035443640545}]]" }, "geometry": { "type": "Point", "coordinates": [ 463960.142300000414252, 4987907.285900000482798 ] } },
{ "type": "Feature", "properties": { "OBJECTID": 16027, "POINT_X": 463961.90820000041, "POINT_Y": 4986287.1330999993, "Roads": [ [ 2421, 2422, 2431, 2453 ] ], "NeighboringIntersections": "[[{1251: 16.345037125156548, 1305: 1.1113080692166613, 1309: 0.7342862625123464, 1322: 8.377965648206647}]]" }, "geometry": { "type": "Point", "coordinates": [ 463961.908200000412762, 4986287.133099999278784 ] } },
{ "type": "Feature", "properties": { "OBJECTID": 16028, "POINT_X": 463962.14190000016, "POINT_Y": 4986304.5195000004, "Roads": [ [ 2422, 2423, 2424, 2433 ] ], "NeighboringIntersections": "[[{1304: 1.1113080692166613, 1250: 16.36292439213991, 1316: 7.800581676651791, 1310: 0.7321990234216508}]]" }, "geometry": { "type": "Point", "coordinates": [ 463962.141900000162423, 4986304.519500000402331 ] } },
{ "type": "Feature", "properties": { "OBJECTID": 16029, "POINT_X": 463962.60329999961, "POINT_Y": 4988592.1330999993, "Roads": [ [ 2425, 2426, 2460 ] ], "NeighboringIntersections": "[[{1293: 6.245644080544708, 1300: 1.5213439351549045, 1326: 5.173568427001334}]]" }, "geometry": { "type": "Point", "coordinates": [ 463962.60329999960959, 4988592.133099999278784 ] } },
{ "type": "Feature", "properties": { "OBJECTID": 16038, "POINT_X": 463970.08239999972, "POINT_Y": 4981138.0648999996, "Roads": [ [ 2427, 2428, 2458 ] ], "NeighboringIntersections": "[[{1297: 13.576005780504424, 1301: 14.169323371286131, 1324: 19.777436631612254}]]" }, "geometry": { "type": "Point", "coordinates": [ 463970.082399999722838, 4981138.064899999648333 ] } },
{ "type": "Feature", "properties": { "OBJECTID": 16042, "POINT_X": 463974.10390000045, "POINT_Y": 4986244.8367, "Roads": [ [ 2429, 2430, 2454 ] ], "NeighboringIntersections": "[[{1309: 2.668392463911698, 1321: 4.119990869585758, 1322: 4.668018488404973}]]" }, "geometry": { "type": "Point", "coordinates": [ 463974.103900000452995, 4986244.83669999986887 ] } },
{ "type": "Feature", "properties": { "OBJECTID": 16043, "POINT_X": 463975.02649999969, "POINT_Y": 4986286.5738999993, "Roads": [ [ 2429, 2431, 2432, 2452 ] ], "NeighboringIntersections": "[[{1308: 2.668392463911698, 1304: 0.7342862625123464, 1310: 1.1291410733584435, 1321: 2.4605697541512535}]]" }, "geometry": { "type": "Point", "coordinates": [ 463975.026499999687076, 4986286.573899999260902 ] } },
{ "type": "Feature", "properties": { "OBJECTID": 16044, "POINT_X": 463975.23180000018, "POINT_Y": 4986304.2397000007, "Roads": [ [ 2432, 2433, 2434, 2508 ] ], "NeighboringIntersections": "[[{1309: 1.1291410733584435, 1305: 0.7321990234216508, 1316: 7.1469881011774765, 1356: 15.434024680390054}]]" }, "geometry": { "type": "Point", "coordinates": [ 463975.231800000183284, 4986304.239700000733137 ] } },
{ "type": "Feature", "properties": { "OBJECTID": 16046, "POINT_X": 463977.426, "POINT_Y": 4984695.8274000008, "Roads": [ [ 2382, 2413, 2435 ] ], "NeighboringIntersections": "[[{1289: 34.578286079128716, 1302: 32.28103075120878, 1360: 46.202580174862476}]]" }, "geometry": { "type": "Point", "coordinates": [ 463977.425999999977648, 4984695.82740000076592 ] } },
{ "type": "Feature", "properties": { "OBJECTID": 16049, "POINT_X": 463977.83540000021, "POINT_Y": 4983805.6984000001, "Roads": [ [ 2407, 2436, 2437 ] ], "NeighboringIntersections": "[[{1299: 28.179635987080815, 1314: 30.641564690095304, 1328: 30.17832776951402}]]" }, "geometry": { "type": "Point", "coordinates": [ 463977.835400000214577, 4983805.698400000110269 ] } },
{ "type": "Feature", "properties": { "OBJECTID": 16050, "POINT_X": 463977.83669999987, "POINT_Y": 4988364.9597999994, "Roads": [ [ 2419, 2438, 2439 ] ], "NeighboringIntersections": "[[{1303: 29.381035443640545, 1284: 10.036589342489608, 1320: 6.349341396696487}]]" }, "geometry": { "type": "Point", "coordinates": [ 463977.83669999986887, 4988364.959799999371171 ] } },
{ "type": "Feature", "properties": { "OBJECTID": 16058, "POINT_X": 463988.75009999983, "POINT_Y": 4984627.0753000006, "Roads": [ [ 2436, 2441, 2470 ] ], "NeighboringIntersections": "[[{1312: 30.641564690095304, 1361: 45.055722367636044, 1332: 38.37148194079929}]]" }, "geometry": { "type": "Point", "coordinates": [ 463988.750099999830127, 4984627.075300000607967 ] } },
{ "type": "Feature", "properties": { "OBJECTID": 16078, "POINT_X": 464000.8405, "POINT_Y": 4986739.0287999995, "Roads": [ [ 2443, 2444, 2445 ] ], "NeighboringIntersections": "[[{1264: 37.31056440917143, 1316: 24.784544541747277}]]" }, "geometry": { "type": "Point", "coordinates": [ 464000.840499999932945, 4986739.028799999505281 ] } },
{ "type": "Feature", "properties": { "OBJECTID": 16081, "POINT_X": 464004.95419999957, "POINT_Y": 4986408.614, "Roads": [ [ 2424, 2434, 2445 ] ], "NeighboringIntersections": "[[{1305: 7.800581676651791, 1310: 7.1469881011774765, 1315: 24.784544541747277}]]" }, "geometry": { "type": "Point", "coordinates": [ 464004.954199999570847, 4986408.614 ] } },
{ "type": "Feature", "properties": { "OBJECTID": 16082, "POINT_X": 464005.1185999997, "POINT_Y": 4982675.0525000002, "Roads": [ [ 2375, 2383, 2446, 2502 ] ], "NeighboringIntersections": "[[{1286: 37.05817107416064, 1261: 12.122554790650057, 1318: 1.6124030706584893, 1352: 11.084520703006364}]]" }, "geometry": { "type": "Point", "coordinates": [ 464005.118599999696016, 4982675.052500000223517 ] } },
{ "type": "Feature", "properties": { "OBJECTID": 16084, "POINT_X": 464006.38019999955, "POINT_Y": 4982693.0285, "Roads": [ [ 2386, 2446, 2447, 2504 ] ], "NeighboringIntersections": "[[{1262: 12.15439182003278, 1317: 1.6124030706584893, 1299: 32.79378747289529, 1353: 11.02684609729694}]]" }, "geometry": { "type": "Point", "coordinates": [ 464006.380199999548495, 4982693.0285 ] } },
{ "type": "Feature", "properties": { "OBJECTID": 16088, "POINT_X": 464009.70189999975, "POINT_Y": 4983312.3216999993, "Roads": [ [ 2448, 2512, 2514 ] ], "NeighboringIntersections": "[[{1345: 33.37876978634799, 1358: 15.517495672636242, 1359: 40.8051634854577}]]" }, "geometry": { "type": "Point", "coordinates": [ 464009.701899999752641, 4983312.321699999272823 ] } },
{ "type": "Feature", "properties": { "OBJECTID": 16090, "POINT_X": 464011.7424999997, "POINT_Y": 4988458.3390999995, "Roads": [ [ 2439, 2449, 2450, 2451 ] ], "NeighboringIntersections": "[[{1313: 6.349341396696487, 1293: 7.231106804097946, 1326: 11.040985305911839, 1349: 24.81154129438379}]]" }, "geometry": { "type": "Point", "coordinates": [ 464011.742499999701977, 4988458.339099999517202 ] } },
{ "type": "Feature", "properties": { "OBJECTID": 16097, "POINT_X": 464018.987, "POINT_Y": 4986284.7355000004, "Roads": [ [ 2430, 2452, 2509 ] ], "NeighboringIntersections": "[[{1308: 4.119990869585758, 1309: 2.4605697541512535, 1356: 12.674123469715479}]]" }, "geometry": { "type": "Point", "coordinates": [ 464018.986999999731779, 4986284.735500000417233 ] } },
{ "type": "Feature", "properties": { "OBJECTID": 16098, "POINT_X": 464019.428, "POINT_Y": 4986197.7783000004, "Roads": [ [ 2370, 2453, 2454 ] ], "NeighboringIntersections": "[[{1283: 96.0864375246642, 1304: 8.377965648206647, 1308: 4.668018488404973}]]" }, "geometry": { "type": "Point", "coordinates": [ 464019.428000000305474, 4986197.778300000354648 ] } },
{ "type": "Feature", "properties": { "OBJECTID": 16113, "POINT_X": 464028.15259999968, "POINT_Y": 4988652.547, "Roads": [ [ 2456, 2457, 2461, 2498 ] ], "NeighboringIntersections": "[[{1291: 15.302688717628584, 1300: 5.646002624635654, 1326: 1.751892959900548, 1350: 11.289510162083547}]]" }, "geometry": { "type": "Point", "coordinates": [ 464028.152599999681115, 4988652.54700000025332 ] } },
{ "type": "Feature", "properties": { "OBJECTID": 16115, "POINT_X": 464029.9095000001, "POINT_Y": 4980835.9067000002, "Roads": [ [ 2345, 2458, 2518 ] ], "NeighboringIntersections": "[[{1307: 19.777436631612254}]]" }, "geometry": { "type": "Point", "coordinates": [ 464029.909500000067055, 4980835.906700000166893 ] } },
{ "type": "Feature", "properties": { "OBJECTID": 16119, "POINT_X": 464035.17239999957, "POINT_Y": 4981188.9825, "Roads": [ [ 2459, 2506 ] ], "NeighboringIntersections": "[[{1355: 26.143230980346523, 1354: 37.32266028288871}]]" }, "geometry": { "type": "Point", "coordinates": [ 464035.172399999573827, 4981188.9825 ] } },
{ "type": "Feature", "properties": { "OBJECTID": 16121, "POINT_X": 464035.8684, "POINT_Y": 4988626.2647999991, "Roads": [ [ 2450, 2460, 2461, 2496 ] ], "NeighboringIntersections": "[[{1320: 11.040985305911839, 1306: 5.173568427001334, 1323: 1.751892959900548, 1349: 10.828685229346231}]]" }, "geometry": { "type": "Point", "coordinates": [ 464035.868400000035763, 4988626.264799999073148 ] } },
{ "type": "Feature", "properties": { "OBJECTID": 16130, "POINT_X": 464046.15230000019, "POINT_Y": 4988855.1527999993, "Roads": [ [ 2462, 2463, 2499 ] ], "NeighboringIntersections": "[[{1291: 11.69932650283986, 1350: 17.224494753763576}]]" }, "geometry": { "type": "Point", "coordinates": [ 464046.152300000190735, 4988855.152799999341369 ] } },
{ "type": "Feature", "properties": { "OBJECTID": 16143, "POINT_X": 464056.38239999954, "POINT_Y": 4984131.9578000009, "Roads": [ [ 2437, 2464, 2465 ] ], "NeighboringIntersections": "[[{1312: 30.17832776951402, 1331: 5.350374507281762, 1347: 12.448212709531125}]]" }, "geometry": { "type": "Point", "coordinates": [ 464056.382399999536574, 4984131.957800000905991 ] } },
{ "type": "Feature", "properties": { "OBJECTID": 16147, "POINT_X": 464061.92019999959, "POINT_Y": 4990183.4641999993, "Roads": [ [ 2466, 2467, 2479 ] ], "NeighboringIntersections": "[[{1295: 9.23634421083231, 1337: 3.5515244491847042}]]" }, "geometry": { "type": "Point", "coordinates": [ 464061.920199999585748, 4990183.464199999347329 ] } },
{ "type": "Feature", "properties": { "OBJECTID": 16161, "POINT_X": 464068.5642, "POINT_Y": 4982133.3649000004, "Roads": [ [ 2468, 2471, 2474 ] ], "NeighboringIntersections": "[[{1333: 2.5231067127740348, 1334: 41.953559562992616}]]" }, "geometry": { "type": "Point", "coordinates": [ 464068.564199999906123, 4982133.364900000393391 ] } },
{ "type": "Feature", "properties": { "OBJECTID": 16166, "POINT_X": 464078.22449999955, "POINT_Y": 4984187.6216000002, "Roads": [ [ 2415, 2464, 2469, 2493 ] ], "NeighboringIntersections": "[[{1288: 9.914207853477992, 1328: 5.350374507281762, 1332: 2.459710026004258, 1347: 4.570915900338841}]]" }, "geometry": { "type": "Point", "coordinates": [ 464078.224499999545515, 4984187.621600000187755 ] } },
{ "type": "Feature", "properties": { "OBJECTID": 16174, "POINT_X": 464083.62810000032, "POINT_Y": 4984214.575, "Roads": [ [ 2416, 2469, 2470, 2551 ] ], "NeighboringIntersections": "[[{1289: 9.908323771409664, 1331: 2.459710026004258, 1314: 38.37148194079929, 1376: 15.103642776767442}]]" }, "geometry": { "type": "Point", "coordinates": [ 464083.628100000321865, 4984214.574999999254942 ] } },
{ "type": "Feature", "properties": { "OBJECTID": 16203, "POINT_X": 464106.0915000001, "POINT_Y": 4982145.6196, "Roads": [ [ 2471, 2472, 2585 ] ], "NeighboringIntersections": "[[{1330: 2.5231067127740348, 1397: 21.6132666791476}]]" }, "geometry": { "type": "Point", "coordinates": [ 464106.091500000096858, 4982145.619599999859929 ] } },
{ "type": "Feature", "properties": { "OBJECTID": 16205, "POINT_X": 464106.30929999985, "POINT_Y": 4981482.7847000007, "Roads": [ [ 2473, 2474, 2478, 2552 ] ], "NeighboringIntersections": "[[{1298: 12.860762350001462, 1330: 41.953559562992616, 1336: 0.9420718588158101, 1377: 19.266954382308707}]]" }, "geometry": { "type": "Point", "coordinates": [ 464106.309299999848008, 4981482.784700000658631 ] } },
{ "type": "Feature", "properties": { "OBJECTID": 16210, "POINT_X": 464107.83729999978, "POINT_Y": 4989371.9206000008, "Roads": [ [ 2475, 2476, 2548 ] ], "NeighboringIntersections": "[[{1348: 13.632936693527766, 1374: 17.228269432526073}]]" }, "geometry": { "type": "Point", "coordinates": [ 464107.837299999780953, 4989371.9206000007689 ] } },
{ "type": "Feature", "properties": { "OBJECTID": 16216, "POINT_X": 464112.2347, "POINT_Y": 4981469.2881000005, "Roads": [ [ 2477, 2478, 2553 ] ], "NeighboringIntersections": "[[{1301: 12.66599910271171, 1334: 0.9420718588158101, 1377: 18.961351725866866}]]" }, "geometry": { "type": "Point", "coordinates": [ 464112.234699999913573, 4981469.288100000470877 ] } },
{ "type": "Feature", "properties": { "OBJECTID": 16219, "POINT_X": 464114.89439999964, "POINT_Y": 4990170.0001999997, "Roads": [ [ 2479, 2487, 2501 ] ], "NeighboringIntersections": "[[{1329: 3.5515244491847042, 1342: 10.176712764098735, 1351: 9.133890488870888}]]" }, "geometry": { "type": "Point", "coordinates": [ 464114.894399999640882, 4990170.000199999660254 ] } },
{ "type": "Feature", "properties": { "OBJECTID": 16239, "POINT_X": 464132.13549999986, "POINT_Y": 4989256.6217, "Roads": [ [ 2480, 2490, 2519 ] ], "NeighboringIntersections": "[[{1292: 15.423197032214102, 1344: 3.8878645142597543}]]" }, "geometry": { "type": "Point", "coordinates": [ 464132.135499999858439, 4989256.6217 ] } },
{ "type": "Feature", "properties": { "OBJECTID": 16246, "POINT_X": 464135.7972, "POINT_Y": 4989800.8725000005, "Roads": [ [ 2481, 2482, 2484, 2596 ] ], "NeighboringIntersections": "[[{1270: 17.985651666677295, 1341: 3.8767100978886777, 1340: 7.57776665150214, 1403: 16.276136827682603}]]" }, "geometry": { "type": "Point", "coordinates": [ 464135.797199999913573, 4989800.872500000521541 ] } },
{ "type": "Feature", "properties": { "OBJECTID": 16270, "POINT_X": 464152.2105, "POINT_Y": 4989689.4650999997, "Roads": [ [ 2483, 2484, 2494, 2500 ] ], "NeighboringIntersections": "[[{1339: 7.57776665150214, 1348: 12.055532594768145}]]" }, "geometry": { "type": "Point", "coordinates": [ 464152.210500000044703, 4989689.465099999681115 ] } },
{ "type": "Feature", "properties": { "OBJECTID": 16276, "POINT_X": 464155.71609999985, "POINT_Y": 4989858.1555000003, "Roads": [ [ 2482, 2485, 2495 ] ], "NeighboringIntersections": "[[{1339: 3.8767100978886777, 1343: 3.051283996171065}]]" }, "geometry": { "type": "Point", "coordinates": [ 464155.716099999845028, 4989858.155500000342727 ] } },
{ "type": "Feature", "properties": { "OBJECTID": 16282, "POINT_X": 464159.18350000028, "POINT_Y": 4990024.312000001, "Roads": [ [ 2486, 2487, 2489 ] ], "NeighboringIntersections": "[[{1337: 10.176712764098735, 1343: 7.590005941405817}]]" }, "geometry": { "type": "Point", "coordinates": [ 464159.183500000275671, 4990024.312000000849366 ] } },
{ "type": "Feature", "properties": { "OBJECTID": 16283, "POINT_X": 464159.63779999968, "POINT_Y": 4989905.5566000007, "Roads": [ [ 2485, 2488, 2489 ] ], "NeighboringIntersections": "[[{1341: 3.051283996171065, 1342: 7.590005941405817}]]" }, "geometry": { "type": "Point", "coordinates": [ 464159.637799999676645, 4989905.556600000709295 ] } },
{ "type": "Feature", "properties": { "OBJECTID": 16291, "POINT_X": 464166.91729999986, "POINT_Y": 4989207.4026999995, "Roads": [ [ 2490, 2491, 2526 ] ], "NeighboringIntersections": "[[{1338: 3.8878645142597543, 1362: 10.325224777990941}]]" }, "geometry": { "type": "Point", "coordinates": [ 464166.917299999855459, 4989207.402699999511242 ] } },
{ "type": "Feature", "properties": { "OBJECTID": 16292, "POINT_X": 464167.43989999965, "POINT_Y": 4983674.5884000007, "Roads": [ [ 2448, 2492, 2511 ] ], "NeighboringIntersections": "[[{1319: 33.37876978634799, 1346: 13.269846248526804, 1357: 5.176725229534841}]]" }, "geometry": { "type": "Point", "coordinates": [ 464167.439899999648333, 4983674.588400000706315 ] } },
{ "type": "Feature", "properties": { "OBJECTID": 16296, "POINT_X": 464170.30159999989, "POINT_Y": 4983882.194, "Roads": [ [ 2492, 2536 ] ], "NeighboringIntersections": "[[{1345: 13.269846248526804, 1366: 41.86173847692715}]]" }, "geometry": { "type": "Point", "coordinates": [ 464170.301599999889731, 4983882.19400000013411 ] } },
{ "type": "Feature", "properties": { "OBJECTID": 16303, "POINT_X": 464174.45540000033, "POINT_Y": 4984129.5679000001, "Roads": [ [ 2465, 2493, 2593 ] ], "NeighboringIntersections": "[[{1328: 12.448212709531125, 1331: 4.570915900338841, 1401: 13.197401764300752}]]" }, "geometry": { "type": "Point", "coordinates": [ 464174.455400000326335, 4984129.567900000140071 ] } },
{ "type": "Feature", "properties": { "OBJECTID": 16323, "POINT_X": 464192.428, "POINT_Y": 4989542.2639000006, "Roads": [ [ 2476, 2494, 2517 ] ], "NeighboringIntersections": "[[{1335: 13.632936693527766, 1340: 12.055532594768145}]]" }, "geometry": { "type": "Point", "coordinates": [ 464192.428000000305474, 4989542.263900000602007 ] } },
{ "type": "Feature", "properties": { "OBJECTID": 16336, "POINT_X": 464201.86270000041, "POINT_Y": 4988648.2725000009, "Roads": [ [ 2451, 2496, 2497 ] ], "NeighboringIntersections": "[[{1320: 24.81154129438379, 1326: 10.828685229346231, 1350: 1.6120648385416667}]]" }, "geometry": { "type": "Point", "coordinates": [ 464201.862700000405312, 4988648.27250000089407 ] } },
{ "type": "Feature", "properties": { "OBJECTID": 16337, "POINT_X": 464202.02329999954, "POINT_Y": 4988673.495, "Roads": [ [ 2497, 2498, 2499 ] ], "NeighboringIntersections": "[[{1349: 1.6120648385416667, 1323: 11.289510162083547, 1327: 17.224494753763576}]]" }, "geometry": { "type": "Point", "coordinates": [ 464202.023299999535084, 4988673.494999999180436 ] } },
{ "type": "Feature", "properties": { "OBJECTID": 16365, "POINT_X": 464227.547, "POINT_Y": 4990255.9411999993, "Roads": [ [ 2501, 2516, 2541 ] ], "NeighboringIntersections": "[[{1337: 9.133890488870888, 1369: 19.247695981374935}]]" }, "geometry": { "type": "Point", "coordinates": [ 464227.54700000025332, 4990255.941199999302626 ] } },
{ "type": "Feature", "properties": { "OBJECTID": 16366, "POINT_X": 464228.07490000036, "POINT_Y": 4982678.5962000005, "Roads": [ [ 2502, 2503, 2576 ] ], "NeighboringIntersections": "[[{1317: 11.084520703006364, 1353: 1.0360452235847737, 1391: 10.18879958774069}]]" }, "geometry": { "type": "Point", "coordinates": [ 464228.074900000356138, 4982678.596200000494719 ] } },
{ "type": "Feature", "properties": { "OBJECTID": 16367, "POINT_X": 464228.18560000043, "POINT_Y": 4982694.8061999995, "Roads": [ [ 2503, 2504, 2505, 2573 ] ], "NeighboringIntersections": "[[{1352: 1.0360452235847737, 1318: 11.02684609729694, 1359: 17.492670143162716, 1389: 10.178439737468276}]]" }, "geometry": { "type": "Point", "coordinates": [ 464228.185600000433624, 4982694.806199999526143 ] } },
{ "type": "Feature", "properties": { "OBJECTID": 16370, "POINT_X": 464230.91739999969, "POINT_Y": 4981061.109, "Roads": [ [ 2506, 2507, 2528 ] ], "NeighboringIntersections": "[[{1325: 37.32266028288871, 1355: 23.13977067218696, 1363: 5.587155423172462}]]" }, "geometry": { "type": "Point", "coordinates": [ 464230.917399999685585, 4981061.108999999240041 ] } },
{ "type": "Feature", "properties": { "OBJECTID": 16371, "POINT_X": 464233.80840000045, "POINT_Y": 4981423.1514, "Roads": [ [ 2459, 2507, 2545 ] ], "NeighboringIntersections": "[[{1325: 26.143230980346523, 1354: 23.13977067218696, 1373: 8.593050092775295}]]" }, "geometry": { "type": "Point", "coordinates": [ 464233.808400000445545, 4981423.151399999856949 ] } },
{ "type": "Feature", "properties": { "OBJECTID": 16379, "POINT_X": 464243.18780000042, "POINT_Y": 4986259.0567000005, "Roads": [ [ 2508, 2509, 2510, 2520, 2533 ] ], "NeighboringIntersections": "[[{1310: 15.434024680390054, 1321: 12.674123469715479, 1367: 20.087027189208047, 1360: 20.672926296399666, 1399: 12.02424970271813}]]" }, "geometry": { "type": "Point", "coordinates": [ 464243.187800000421703, 4986259.056700000539422 ] } },
{ "type": "Feature", "properties": { "OBJECTID": 16382, "POINT_X": 464248.434, "POINT_Y": 4983673.8896999992, "Roads": [ [ 2511, 2513, 2559 ] ], "NeighboringIntersections": "[[{1345: 5.176725229534841, 1358: 22.94266477388954, 1380: 11.087607569326117}]]" }, "geometry": { "type": "Point", "coordinates": [ 464248.434000000357628, 4983673.889699999243021 ] } },
{ "type": "Feature", "properties": { "OBJECTID": 16385, "POINT_X": 464252.48070000019, "POINT_Y": 4983314.9423999991, "Roads": [ [ 2512, 2513, 2515, 2562 ] ], "NeighboringIntersections": "[[{1319: 15.517495672636242, 1357: 22.94266477388954, 1359: 22.583491349118646, 1381: 11.079108881197861}]]" }, "geometry": { "type": "Point", "coordinates": [ 464252.480700000189245, 4983314.942399999126792 ] } },
{ "type": "Feature", "properties": { "OBJECTID": 16391, "POINT_X": 464256.08040000033, "POINT_Y": 4982961.6104000006, "Roads": [ [ 2505, 2514, 2515, 2568 ] ], "NeighboringIntersections": "[[{1353: 17.492670143162716, 1319: 40.8051634854577, 1358: 22.583491349118646, 1385: 11.102385507650023}]]" }, "geometry": { "type": "Point", "coordinates": [ 464256.080400000326335, 4982961.610400000587106 ] } },
{ "type": "Feature", "properties": { "OBJECTID": 16427, "POINT_X": 464288.74540000036, "POINT_Y": 4985894.9187000003, "Roads": [ [ 2435, 2520, 2521 ] ], "NeighboringIntersections": "[[{1311: 46.202580174862476, 1356: 20.672926296399666, 1367: 26.412233365855275}]]" }, "geometry": { "type": "Point", "coordinates": [ 464288.745400000363588, 4985894.918700000271201 ] } },
{ "type": "Feature", "properties": { "OBJECTID": 16428, "POINT_X": 464289.1595000001, "POINT_Y": 4985797.1947000008, "Roads": [ [ 2441, 2522, 2523 ] ], "NeighboringIntersections": "[[{1314: 45.055722367636044, 1372: 26.325245610635047, 1399: 23.027433855690138}]]" }, "geometry": { "type": "Point", "coordinates": [ 464289.159500000067055, 4985797.194700000807643 ] } },
{ "type": "Feature", "properties": { "OBJECTID": 16439, "POINT_X": 464298.54849999957, "POINT_Y": 4989229.8103999998, "Roads": [ [ 2491, 2526, 2527 ] ], "NeighboringIntersections": "[[{1344: 10.325224777990941, 1370: 8.22548223309827}]]" }, "geometry": { "type": "Point", "coordinates": [ 464298.548499999567866, 4989229.810399999842048 ] } },
{ "type": "Feature", "properties": { "OBJECTID": 16451, "POINT_X": 464311.31149999984, "POINT_Y": 4981027.1002999991, "Roads": [ [ 2528, 2529, 2637, 2673 ] ], "NeighboringIntersections": "[[{1354: 5.587155423172462, 1365: 12.756753149055113, 1424: 20.338141292180886}]]" }, "geometry": { "type": "Point", "coordinates": [ 464311.311499999836087, 4981027.100299999117851 ] } },
{ "type": "Feature", "properties": { "OBJECTID": 16458, "POINT_X": 464320.58849999961, "POINT_Y": 4990068.9967, "Roads": [ [ 2531, 2532, 2540 ] ], "NeighboringIntersections": "[[{1369: 5.613461293917524, 1368: 10.400295515114532}]]" }, "geometry": { "type": "Point", "coordinates": [ 464320.588499999605119, 4990068.9967 ] } },
{ "type": "Feature", "properties": { "OBJECTID": 16481, "POINT_X": 464334.50789999962, "POINT_Y": 4981254.026000001, "Roads": [ [ 2529, 2534, 2535 ] ], "NeighboringIntersections": "[[{1363: 12.756753149055113, 1373: 8.88092519636879, 1379: 14.456207792836107}]]" }, "geometry": { "type": "Point", "coordinates": [ 464334.50789999961853, 4981254.026000000536442 ] } },
{ "type": "Feature", "properties": { "OBJECTID": 16484, "POINT_X": 464337.54729999974, "POINT_Y": 4983881.7693000007, "Roads": [ [ 2536, 2555 ] ], "NeighboringIntersections": "[[{1346: 41.86173847692715, 1378: 5.056758480709692}]]" }, "geometry": { "type": "Point", "coordinates": [ 464337.5472999997437, 4983881.769300000742078 ] } },
{ "type": "Feature", "properties": { "OBJECTID": 16488, "POINT_X": 464342.50289999973, "POINT_Y": 4986599.9706999995, "Roads": [ [ 2510, 2521, 2537 ] ], "NeighboringIntersections": "[[{1356: 20.087027189208047, 1360: 26.412233365855275, 1423: 129.41194791644511}]]" }, "geometry": { "type": "Point", "coordinates": [ 464342.502899999730289, 4986599.97069999948144 ] } },
{ "type": "Feature", "properties": { "OBJECTID": 16491, "POINT_X": 464347.53789999988, "POINT_Y": 4989911.0307999998, "Roads": [ [ 2539, 2540, 2591 ] ], "NeighboringIntersections": "[[{1364: 10.400295515114532, 1400: 9.695222032403038}]]" }, "geometry": { "type": "Point", "coordinates": [ 464347.537899999879301, 4989911.030799999833107 ] } },
{ "type": "Feature", "properties": { "OBJECTID": 16499, "POINT_X": 464352.66220000014, "POINT_Y": 4990150.1095000003, "Roads": [ [ 2532, 2541, 2592 ] ], "NeighboringIntersections": "[[{1364: 5.613461293917524, 1351: 19.247695981374935, 1400: 33.10669590353654}]]" }, "geometry": { "type": "Point", "coordinates": [ 464352.662200000137091, 4990150.10950000025332 ] } },
{ "type": "Feature", "properties": { "OBJECTID": 16509, "POINT_X": 464357.9808, "POINT_Y": 4989340.7647999991, "Roads": [ [ 2527, 2530, 2542 ] ], "NeighboringIntersections": "[[{1362: 8.22548223309827, 1374: 4.595969062724929}]]" }, "geometry": { "type": "Point", "coordinates": [ 464357.980800000019372, 4989340.764799999073148 ] } },
{ "type": "Feature", "properties": { "OBJECTID": 16511, "POINT_X": 464358.4326, "POINT_Y": 4985589.9728999995, "Roads": [ [ 2525, 2543, 2578 ] ], "NeighboringIntersections": "[[{1375: 9.275806233666337, 1392: 5.383081160156788}]]" }, "geometry": { "type": "Point", "coordinates": [ 464358.432599999941885, 4985589.972899999469519 ] } },
{ "type": "Feature", "properties": { "OBJECTID": 16513, "POINT_X": 464362.628, "POINT_Y": 4986498.1875999998, "Roads": [ [ 2522, 2544, 2589 ] ], "NeighboringIntersections": "[[{1361: 26.325245610635047, 1436: 135.81325967778582, 1399: 18.521899851558192}]]" }, "geometry": { "type": "Point", "coordinates": [ 464362.627999999560416, 4986498.187599999830127 ] } },
{ "type": "Feature", "properties": { "OBJECTID": 16519, "POINT_X": 464366.0115, "POINT_Y": 4981407.9516000003, "Roads": [ [ 2534, 2545, 2546 ] ], "NeighboringIntersections": "[[{1365: 8.88092519636879, 1355: 8.593050092775295, 1377: 5.451734626092182}]]" }, "geometry": { "type": "Point", "coordinates": [ 464366.011500000022352, 4981407.95160000026226 ] } },
{ "type": "Feature", "properties": { "OBJECTID": 16522, "POINT_X": 464369.3602, "POINT_Y": 4989411.7690999992, "Roads": [ [ 2542, 2548, 2549 ] ], "NeighboringIntersections": "[[{1370: 4.595969062724929, 1335: 17.228269432526073, 1395: 16.886487978319558}]]" }, "geometry": { "type": "Point", "coordinates": [ 464369.3602, 4989411.769099999219179 ] } },
{ "type": "Feature", "properties": { "OBJECTID": 16537, "POINT_X": 464375.80630000029, "POINT_Y": 4985731.8618000001, "Roads": [ [ 2543, 2550, 2587 ] ], "NeighboringIntersections": "[[{1371: 9.275806233666337, 1398: 4.264250183835339}]]" }, "geometry": { "type": "Point", "coordinates": [ 464375.806300000287592, 4985731.8618 ] } },
{ "type": "Feature", "properties": { "OBJECTID": 16565, "POINT_X": 464401.6763000004, "POINT_Y": 4984022.872, "Roads": [ [ 2551, 2598, 2604 ] ], "NeighboringIntersections": "[[{1332: 15.103642776767442, 1404: 3.069578817812391, 1407: 5.501966740380815}]]" }, "geometry": { "type": "Point", "coordinates": [ 464401.676300000399351, 4984022.871999999508262 ] } },
{ "type": "Feature", "properties": { "OBJECTID": 16570, "POINT_X": 464405.2385, "POINT_Y": 4981497.1556000002, "Roads": [ [ 2546, 2552, 2553, 2554, 2557 ] ], "NeighboringIntersections": "[[{1373: 5.451734626092182, 1334: 19.266954382308707, 1336: 18.961351725866866, 1394: 16.11171621383456, 1379: 0.8884522085791938}]]" }, "geometry": { "type": "Point", "coordinates": [ 464405.238499999977648, 4981497.155600000172853 ] } },
{ "type": "Feature", "properties": { "OBJECTID": 16588, "POINT_X": 464416.6529000001, "POINT_Y": 4983882.6010999996, "Roads": [ [ 2555, 2556, 2560 ] ], "NeighboringIntersections": "[[{1366: 5.056758480709692, 1401: 4.9500475527775745, 1380: 11.927795326964873}]]" }, "geometry": { "type": "Point", "coordinates": [ 464416.652900000102818, 4983882.601099999621511 ] } },
{ "type": "Feature", "properties": { "OBJECTID": 16592, "POINT_X": 464419.1392000001, "POINT_Y": 4981497.2581999991, "Roads": [ [ 2535, 2557, 2558, 2735 ] ], "NeighboringIntersections": "[[{1365: 14.456207792836107, 1377: 0.8884522085791938, 1394: 16.089344552676753, 1474: 30.264801562508506}]]" }, "geometry": { "type": "Point", "coordinates": [ 464419.139200000092387, 4981497.258199999108911 ] } },
{ "type": "Feature", "properties": { "OBJECTID": 16597, "POINT_X": 464421.893, "POINT_Y": 4983671.118000001, "Roads": [ [ 2559, 2560, 2561, 2563 ] ], "NeighboringIntersections": "[[{1357: 11.087607569326117, 1378: 11.927795326964873, 1405: 16.441691683566198, 1381: 19.83602031461206}]]" }, "geometry": { "type": "Point", "coordinates": [ 464421.893000000156462, 4983671.118000000715256 ] } },
{ "type": "Feature", "properties": { "OBJECTID": 16599, "POINT_X": 464425.8224, "POINT_Y": 4983316.44, "Roads": [ [ 2562, 2563, 2565, 2640 ] ], "NeighboringIntersections": "[[{1358: 11.079108881197861, 1380: 19.83602031461206, 1383: 9.034955573363733, 1426: 13.249033133618589}]]" }, "geometry": { "type": "Point", "coordinates": [ 464425.822399999946356, 4983316.439999999478459 ] } },
{ "type": "Feature", "properties": { "OBJECTID": 16601, "POINT_X": 464426.59240000043, "POINT_Y": 4984682.0945999995, "Roads": [ [ 2595 ] ], "NeighboringIntersections": "[[{1402: 41.01697860484602}]]" }, "geometry": { "type": "Point", "coordinates": [ 464426.592400000430644, 4984682.0945999994874 ] } },
{ "type": "Feature", "properties": { "OBJECTID": 16602, "POINT_X": 464427.56159999967, "POINT_Y": 4983154.8899000008, "Roads": [ [ 2565, 2566, 2569 ] ], "NeighboringIntersections": "[[{1381: 9.034955573363733, 1426: 23.02108028314976, 1385: 10.73914797127527}]]" }, "geometry": { "type": "Point", "coordinates": [ 464427.561599999666214, 4983154.88990000076592 ] } },
{ "type": "Feature", "properties": { "OBJECTID": 16605, "POINT_X": 464428.69610000029, "POINT_Y": 4984929.4752999991, "Roads": [ [ 2564, 2567, 2617 ] ], "NeighboringIntersections": "[[{1386: 9.879871548968248, 1415: 9.115961183308361}]]" }, "geometry": { "type": "Point", "coordinates": [ 464428.696100000292063, 4984929.475299999117851 ] } },
{ "type": "Feature", "properties": { "OBJECTID": 16606, "POINT_X": 464429.7882000003, "POINT_Y": 4982962.8696999997, "Roads": [ [ 2568, 2569, 2574, 2678 ] ], "NeighboringIntersections": "[[{1359: 11.102385507650023, 1383: 10.73914797127527, 1389: 15.288042841562612, 1446: 27.053502769915752}]]" }, "geometry": { "type": "Point", "coordinates": [ 464429.788200000301003, 4982962.869699999690056 ] } },
{ "type": "Feature", "properties": { "OBJECTID": 16607, "POINT_X": 464430.01449999958, "POINT_Y": 4985084.0540999994, "Roads": [ [ 2567, 2570, 2612 ] ], "NeighboringIntersections": "[[{1384: 9.879871548968248, 1387: 8.459511601538757}]]" }, "geometry": { "type": "Point", "coordinates": [ 464430.014499999582767, 4985084.054099999368191 ] } },
{ "type": "Feature", "properties": { "OBJECTID": 16609, "POINT_X": 464431.142, "POINT_Y": 4985216.4101999998, "Roads": [ [ 2570, 2571, 2729 ] ], "NeighboringIntersections": "[[{1386: 8.459511601538757, 1388: 7.633777248095013, 1471: 28.05375305098391}]]" }, "geometry": { "type": "Point", "coordinates": [ 464431.142, 4985216.410199999809265 ] } },
{ "type": "Feature", "properties": { "OBJECTID": 16611, "POINT_X": 464432.15930000041, "POINT_Y": 4985335.847, "Roads": [ [ 2571, 2572, 2608 ] ], "NeighboringIntersections": "[[{1387: 7.633777248095013, 1390: 6.213705768047889, 1409: 6.043199892342028}]]" }, "geometry": { "type": "Point", "coordinates": [ 464432.159300000406802, 4985335.846999999135733 ] } },
{ "type": "Feature", "properties": { "OBJECTID": 16612, "POINT_X": 464432.86959999986, "POINT_Y": 4982689.5123999994, "Roads": [ [ 2573, 2574, 2577, 2679 ] ], "NeighboringIntersections": "[[{1353: 10.178439737468276, 1385: 15.288042841562612, 1391: 0.7603020150555816, 1446: 15.744147832269997}]]" }, "geometry": { "type": "Point", "coordinates": [ 464432.869599999859929, 4982689.512399999424815 ] } },
{ "type": "Feature", "properties": { "OBJECTID": 16613, "POINT_X": 464432.98730000015, "POINT_Y": 4985433.0656000003, "Roads": [ [ 2572, 2575, 2609 ] ], "NeighboringIntersections": "[[{1388: 6.213705768047889, 1392: 8.776615834121431, 1409: 11.728128001347592}]]" }, "geometry": { "type": "Point", "coordinates": [ 464432.987300000153482, 4985433.065600000321865 ] } },
{ "type": "Feature", "properties": { "OBJECTID": 16614, "POINT_X": 464433.0186000001, "POINT_Y": 4982675.9178, "Roads": [ [ 2576, 2577, 2580, 2680 ] ], "NeighboringIntersections": "[[{1352: 10.18879958774069, 1389: 0.7603020150555816, 1393: 8.501059601909553, 1446: 16.01656419642629}]]" }, "geometry": { "type": "Point", "coordinates": [ 464433.018600000068545, 4982675.9178 ] } },
{ "type": "Feature", "properties": { "OBJECTID": 16616, "POINT_X": 464434.55009999964, "POINT_Y": 4985570.3783999998, "Roads": [ [ 2575, 2578, 2579 ] ], "NeighboringIntersections": "[[{1390: 8.776615834121431, 1371: 5.383081160156788, 1398: 36.098352270288935}]]" }, "geometry": { "type": "Point", "coordinates": [ 464434.550099999643862, 4985570.378399999812245 ] } },
{ "type": "Feature", "properties": { "OBJECTID": 16617, "POINT_X": 464434.6305999998, "POINT_Y": 4982523.9137999993, "Roads": [ [ 2580, 2586, 2739 ] ], "NeighboringIntersections": "[[{1391: 8.501059601909553, 1397: 18.147109295806374}]]" }, "geometry": { "type": "Point", "coordinates": [ 464434.630599999800324, 4982523.913799999281764 ] } },
{ "type": "Feature", "properties": { "OBJECTID": 16618, "POINT_X": 464434.94620000012, "POINT_Y": 4981782.3708999995, "Roads": [ [ 2554, 2558, 2581, 2633 ] ], "NeighboringIntersections": "[[{1377: 16.11171621383456, 1379: 16.089344552676753, 1396: 17.959994951338647}]]" }, "geometry": { "type": "Point", "coordinates": [ 464434.94620000012219, 4981782.370899999514222 ] } },
{ "type": "Feature", "properties": { "OBJECTID": 16620, "POINT_X": 464435.96810000017, "POINT_Y": 4989662.2986999992, "Roads": [ [ 2549, 2582, 2583 ] ], "NeighboringIntersections": "[[{1374: 16.886487978319558, 1403: 6.123542803427232}]]" }, "geometry": { "type": "Point", "coordinates": [ 464435.968100000172853, 4989662.29869999922812 ] } },
{ "type": "Feature", "properties": { "OBJECTID": 16621, "POINT_X": 464436.0636, "POINT_Y": 4982103.5223999992, "Roads": [ [ 2581, 2584, 2682 ] ], "NeighboringIntersections": "[[{1394: 17.959994951338647, 1397: 5.363273829629486}]]" }, "geometry": { "type": "Point", "coordinates": [ 464436.0636, 4982103.522399999201298 ] } },
{ "type": "Feature", "properties": { "OBJECTID": 16624, "POINT_X": 464436.40770000033, "POINT_Y": 4982199.4256999996, "Roads": [ [ 2584, 2585, 2586 ] ], "NeighboringIntersections": "[[{1396: 5.363273829629486, 1333: 21.6132666791476, 1393: 18.147109295806374}]]" }, "geometry": { "type": "Point", "coordinates": [ 464436.407700000330806, 4982199.425699999555945 ] } },
{ "type": "Feature", "properties": { "OBJECTID": 16635, "POINT_X": 464441.339, "POINT_Y": 4985721.2408000007, "Roads": [ [ 2579, 2587, 2588 ] ], "NeighboringIntersections": "[[{1392: 36.098352270288935, 1375: 4.264250183835339, 1408: 8.54542412305011}]]" }, "geometry": { "type": "Point", "coordinates": [ 464441.338999999687076, 4985721.240800000727177 ] } },
{ "type": "Feature", "properties": { "OBJECTID": 16637, "POINT_X": 464442.22549999971, "POINT_Y": 4986177.8284000009, "Roads": [ [ 2523, 2533, 2589, 2643, 2645 ] ], "NeighboringIntersections": "[[{1361: 23.027433855690138, 1356: 12.02424970271813, 1372: 18.521899851558192, 1428: 11.557031321472438, 1429: 11.300797096977476}]]" }, "geometry": { "type": "Point", "coordinates": [ 464442.225499999709427, 4986177.828400000929832 ] } },
{ "type": "Feature", "properties": { "OBJECTID": 16647, "POINT_X": 464450.6911000004, "POINT_Y": 4989802.0288999993, "Roads": [ [ 2591, 2592, 2597 ] ], "NeighboringIntersections": "[[{1368: 9.695222032403038, 1369: 33.10669590353654, 1403: 3.2669037852556118}]]" }, "geometry": { "type": "Point", "coordinates": [ 464450.691100000403821, 4989802.028899999335408 ] } },
{ "type": "Feature", "properties": { "OBJECTID": 16654, "POINT_X": 464452.71140000038, "POINT_Y": 4983962.6458000001, "Roads": [ [ 2556, 2593, 2594, 2600 ] ], "NeighboringIntersections": "[[{1378: 4.9500475527775745, 1347: 13.197401764300752, 1404: 1.427824145773705, 1405: 0.7012156521537192}]]" }, "geometry": { "type": "Point", "coordinates": [ 464452.711400000378489, 4983962.6458 ] } },
{ "type": "Feature", "properties": { "OBJECTID": 16667, "POINT_X": 464458.1453, "POINT_Y": 4984231.6563000008, "Roads": [ [ 2524, 2595, 2621 ] ], "NeighboringIntersections": "[[{1382: 41.01697860484602, 1417: 8.281943767760463}]]" }, "geometry": { "type": "Point", "coordinates": [ 464458.145299999974668, 4984231.656300000846386 ] } },
{ "type": "Feature", "properties": { "OBJECTID": 16668, "POINT_X": 464458.283, "POINT_Y": 4989752.0273000002, "Roads": [ [ 2583, 2596, 2597, 2611 ] ], "NeighboringIntersections": "[[{1395: 6.123542803427232, 1339: 16.276136827682603, 1400: 3.2669037852556118}]]" }, "geometry": { "type": "Point", "coordinates": [ 464458.282999999821186, 4989752.027300000190735 ] } },
{ "type": "Feature", "properties": { "OBJECTID": 16689, "POINT_X": 464466.46250000037, "POINT_Y": 4983984.1580999997, "Roads": [ [ 2594, 2598, 2599, 2602 ] ], "NeighboringIntersections": "[[{1401: 1.427824145773705, 1376: 3.069578817812391, 1407: 2.7651328047864663, 1406: 0.7234981682651853}]]" }, "geometry": { "type": "Point", "coordinates": [ 464466.462500000372529, 4983984.158099999651313 ] } },
{ "type": "Feature", "properties": { "OBJECTID": 16691, "POINT_X": 464467.949, "POINT_Y": 4983954.5795000009, "Roads": [ [ 2561, 2600, 2601, 2774 ] ], "NeighboringIntersections": "[[{1380: 16.441691683566198, 1401: 0.7012156521537192, 1406: 1.4649960151318209, 1495: 33.05044276939294}]]" }, "geometry": { "type": "Point", "coordinates": [ 464467.949000000022352, 4983954.579500000923872 ] } },
{ "type": "Feature", "properties": { "OBJECTID": 16719, "POINT_X": 464482.46410000045, "POINT_Y": 4983976.387, "Roads": [ [ 2601, 2602, 2603, 2782 ] ], "NeighboringIntersections": "[[{1405: 1.4649960151318209, 1404: 0.7234981682651853, 1419: 13.227049958497439, 1500: 33.56732819527004}]]" }, "geometry": { "type": "Point", "coordinates": [ 464482.464100000448525, 4983976.387000000104308 ] } },
{ "type": "Feature", "properties": { "OBJECTID": 16728, "POINT_X": 464493.04270000011, "POINT_Y": 4984025.851, "Roads": [ [ 2599, 2604, 2605 ] ], "NeighboringIntersections": "[[{1404: 2.7651328047864663, 1376: 5.501966740380815, 1417: 10.306626762417062}]]" }, "geometry": { "type": "Point", "coordinates": [ 464493.042700000107288, 4984025.850999999791384 ] } },
{ "type": "Feature", "properties": { "OBJECTID": 16740, "POINT_X": 464507.0382000003, "POINT_Y": 4985834.3945000004, "Roads": [ [ 2588, 2606, 2607 ] ], "NeighboringIntersections": "[[{1398: 8.54542412305011, 1420: 7.509446871645707}]]" }, "geometry": { "type": "Point", "coordinates": [ 464507.038200000301003, 4985834.394500000402331 ] } },
{ "type": "Feature", "properties": { "OBJECTID": 16752, "POINT_X": 464526.584, "POINT_Y": 4985332.7759000007, "Roads": [ [ 2608, 2609, 2685 ] ], "NeighboringIntersections": "[[{1388: 6.043199892342028, 1390: 11.728128001347592}]]" }, "geometry": { "type": "Point", "coordinates": [ 464526.583999999798834, 4985332.775900000706315 ] } },
{ "type": "Feature", "properties": { "OBJECTID": 16770, "POINT_X": 464539.33820000011, "POINT_Y": 4981406.926000001, "Roads": [ [ 2610, 2616, 2623 ] ], "NeighboringIntersections": "[[{1414: 2.989361796928326}]]" }, "geometry": { "type": "Point", "coordinates": [ 464539.338200000114739, 4981406.926000000908971 ] } },
{ "type": "Feature", "properties": { "OBJECTID": 16776, "POINT_X": 464549.43159999978, "POINT_Y": 4986830.6221999992, "Roads": [ [ 2590, 2615, 2687 ] ], "NeighboringIntersections": "[[{1449: 14.901449021872676}]]" }, "geometry": { "type": "Point", "coordinates": [ 464549.431599999777973, 4986830.622199999168515 ] } },
{ "type": "Feature", "properties": { "OBJECTID": 16778, "POINT_X": 464551.22140000015, "POINT_Y": 4989069.1746999994, "Roads": [ [ 2613, 2619, 2652 ] ], "NeighboringIntersections": "[[{1413: 7.812659403779434, 1416: 17.58848991791663, 1432: 6.3022962367407}]]" }, "geometry": { "type": "Point", "coordinates": [ 464551.221400000154972, 4989069.174699999392033 ] } },
{ "type": "Feature", "properties": { "OBJECTID": 16781, "POINT_X": 464554.40369999968, "POINT_Y": 4989188.9796999991, "Roads": [ [ 2613, 2614, 2666 ] ], "NeighboringIntersections": "[[{1412: 7.812659403779434, 1422: 11.424324116906357, 1441: 8.630804695489198}]]" }, "geometry": { "type": "Point", "coordinates": [ 464554.403699999675155, 4989188.979699999094009 ] } },
{ "type": "Feature", "properties": { "OBJECTID": 16785, "POINT_X": 464558.42879999988, "POINT_Y": 4981364.7544999998, "Roads": [ [ 2616, 2638, 2664 ] ], "NeighboringIntersections": "[[{1410: 2.989361796928326, 1424: 26.984984974662616, 1440: 36.90393094156859}]]" }, "geometry": { "type": "Point", "coordinates": [ 464558.42879999987781, 4981364.754499999806285 ] } },
{ "type": "Feature", "properties": { "OBJECTID": 16786, "POINT_X": 464560.92679999955, "POINT_Y": 4984956.3977000006, "Roads": [ [ 2617, 2624, 2627 ] ], "NeighboringIntersections": "[[{1384: 9.115961183308361}]]" }, "geometry": { "type": "Point", "coordinates": [ 464560.926799999549985, 4984956.397700000554323 ] } },
{ "type": "Feature", "properties": { "OBJECTID": 16790, "POINT_X": 464564.66980000027, "POINT_Y": 4988815.0552999992, "Roads": [ [ 2619, 2650, 2698 ] ], "NeighboringIntersections": "[[{1412: 17.58848991791663, 1431: 20.380223630686924, 1455: 18.269417697652507}]]" }, "geometry": { "type": "Point", "coordinates": [ 464564.669800000265241, 4988815.055299999192357 ] } },
{ "type": "Feature", "properties": { "OBJECTID": 16810, "POINT_X": 464580.08459999971, "POINT_Y": 4984187.8505000006, "Roads": [ [ 2605, 2621, 2622, 2628 ] ], "NeighboringIntersections": "[[{1407: 10.306626762417062, 1402: 8.281943767760463, 1427: 14.712136175162989, 1419: 1.4042310508836806}]]" }, "geometry": { "type": "Point", "coordinates": [ 464580.084599999710917, 4984187.85050000064075 ] } },
{ "type": "Feature", "properties": { "OBJECTID": 16817, "POINT_X": 464591.04739999957, "POINT_Y": 4980822.0980999991, "Roads": [ [ 2625, 2626, 2670 ] ], "NeighboringIntersections": "[[{1443: 6.603997015937798}]]" }, "geometry": { "type": "Point", "coordinates": [ 464591.047399999573827, 4980822.098099999129772 ] } },
{ "type": "Feature", "properties": { "OBJECTID": 16822, "POINT_X": 464600.7972, "POINT_Y": 4984180.5210999995, "Roads": [ [ 2603, 2628, 2629, 2738 ] ], "NeighboringIntersections": "[[{1406: 13.227049958497439, 1417: 1.4042310508836806, 1435: 14.665974097317214, 1476: 31.44823246259507}]]" }, "geometry": { "type": "Point", "coordinates": [ 464600.797199999913573, 4984180.521099999547005 ] } },
{ "type": "Feature", "properties": { "OBJECTID": 16832, "POINT_X": 464605.7659, "POINT_Y": 4985896.3302999996, "Roads": [ [ 2607, 2620, 2630, 2631 ] ], "NeighboringIntersections": "[[{1408: 7.509446871645707, 1430: 10.100285215409983}]]" }, "geometry": { "type": "Point", "coordinates": [ 464605.7659, 4985896.330299999564886 ] } },
{ "type": "Feature", "properties": { "OBJECTID": 16835, "POINT_X": 464608.40070000011, "POINT_Y": 4986357.9190999996, "Roads": [ [ 2632, 2646, 2655 ] ], "NeighboringIntersections": "[[{1457: 31.86101824658832, 1429: 12.937877747102217, 1434: 13.26947970575431}]]" }, "geometry": { "type": "Point", "coordinates": [ 464608.400700000114739, 4986357.919099999591708 ] } },
{ "type": "Feature", "properties": { "OBJECTID": 16837, "POINT_X": 464610.98830000032, "POINT_Y": 4989340.8696, "Roads": [ [ 2614, 2634, 2688 ] ], "NeighboringIntersections": "[[{1413: 11.424324116906357, 1450: 18.46756516038749}]]" }, "geometry": { "type": "Point", "coordinates": [ 464610.988300000317395, 4989340.869599999859929 ] } },
{ "type": "Feature", "properties": { "OBJECTID": 16851, "POINT_X": 464620.279, "POINT_Y": 4990043.1516999993, "Roads": [ [ 2537, 2635, 2636 ] ], "NeighboringIntersections": "[[{1367: 129.41194791644511}]]" }, "geometry": { "type": "Point", "coordinates": [ 464620.279000000096858, 4990043.151699999347329 ] } },
{ "type": "Feature", "properties": { "OBJECTID": 16860, "POINT_X": 464626.33490000013, "POINT_Y": 4980987.1607000008, "Roads": [ [ 2637, 2638, 2662 ] ], "NeighboringIntersections": "[[{1363: 20.338141292180886, 1414: 26.984984974662616, 1438: 2.6765213805135004}]]" }, "geometry": { "type": "Point", "coordinates": [ 464626.33490000013262, 4980987.160700000822544 ] } },
{ "type": "Feature", "properties": { "OBJECTID": 16861, "POINT_X": 464632.2779000001, "POINT_Y": 4987904.4397999998, "Roads": [ [ 2639, 2676, 2707, 2710 ] ], "NeighboringIntersections": "[[{1445: 22.678404655720758, 1460: 14.018113091109816, 1462: 14.023348932379049}]]" }, "geometry": { "type": "Point", "coordinates": [ 464632.277900000102818, 4987904.439799999818206 ] } },
{ "type": "Feature", "properties": { "OBJECTID": 16863, "POINT_X": 464633.11249999981, "POINT_Y": 4983318.4321, "Roads": [ [ 2566, 2640, 2760 ] ], "NeighboringIntersections": "[[{1383: 23.02108028314976, 1381: 13.249033133618589, 1487: 20.41778835439949}]]" }, "geometry": { "type": "Point", "coordinates": [ 464633.112499999813735, 4983318.432099999859929 ] } },
{ "type": "Feature", "properties": { "OBJECTID": 16867, "POINT_X": 464637.22319999989, "POINT_Y": 4984443.8055000007, "Roads": [ [ 2622, 2641, 2642, 2657 ] ], "NeighboringIntersections": "[[{1417: 14.712136175162989, 1452: 11.582111453155925, 1435: 1.3385340439343243}]]" }, "geometry": { "type": "Point", "coordinates": [ 464637.223199999891222, 4984443.805500000715256 ] } },
{ "type": "Feature", "properties": { "OBJECTID": 16871, "POINT_X": 464642.3525, "POINT_Y": 4986143.8399, "Roads": [ [ 2643, 2644, 2647, 2653 ] ], "NeighboringIntersections": "[[{1399: 11.557031321472438, 1429: 1.066904570137969, 1430: 6.387842287613533, 1433: 0.7081073705335909}]]" }, "geometry": { "type": "Point", "coordinates": [ 464642.352500000037253, 4986143.8399 ] } },
{ "type": "Feature", "properties": { "OBJECTID": 16873, "POINT_X": 464642.808, "POINT_Y": 4986160.5269000009, "Roads": [ [ 2644, 2645, 2646, 2656 ] ], "NeighboringIntersections": "[[{1428: 1.066904570137969, 1399: 11.300797096977476, 1421: 12.937877747102217, 1434: 0.699388210847398}]]" }, "geometry": { "type": "Point", "coordinates": [ 464642.808000000193715, 4986160.526900000870228 ] } },
{ "type": "Feature", "properties": { "OBJECTID": 16876, "POINT_X": 464646.08559999987, "POINT_Y": 4986044.3735000007, "Roads": [ [ 2631, 2647, 2648 ] ], "NeighboringIntersections": "[[{1420: 10.100285215409983, 1428: 6.387842287613533, 1433: 6.478219670224356}]]" }, "geometry": { "type": "Point", "coordinates": [ 464646.08559999987483, 4986044.373500000685453 ] } },
{ "type": "Feature", "properties": { "OBJECTID": 16878, "POINT_X": 464646.29530000035, "POINT_Y": 4988579.9395000003, "Roads": [ [ 2649, 2650, 2668 ] ], "NeighboringIntersections": "[[{1416: 20.380223630686924, 1442: 4.744638334132166}]]" }, "geometry": { "type": "Point", "coordinates": [ 464646.295300000347197, 4988579.939500000327826 ] } },
{ "type": "Feature", "properties": { "OBJECTID": 16881, "POINT_X": 464648.08320000023, "POINT_Y": 4989061.655, "Roads": [ [ 2651, 2652, 2699 ] ], "NeighboringIntersections": "[[{1412: 6.3022962367407, 1455: 13.96318245405219}]]" }, "geometry": { "type": "Point", "coordinates": [ 464648.083200000226498, 4989061.654999999329448 ] } },
{ "type": "Feature", "properties": { "OBJECTID": 16889, "POINT_X": 464654.98180000018, "POINT_Y": 4986144.7506000008, "Roads": [ [ 2648, 2653, 2654, 2756 ] ], "NeighboringIntersections": "[[{1430: 6.478219670224356, 1428: 0.7081073705335909, 1434: 1.0534241008182093, 1485: 17.678890555782225}]]" }, "geometry": { "type": "Point", "coordinates": [ 464654.981800000183284, 4986144.750600000843406 ] } },
{ "type": "Feature", "properties": { "OBJECTID": 16890, "POINT_X": 464655.29069999978, "POINT_Y": 4986161.23, "Roads": [ [ 2654, 2655, 2656, 2754 ] ], "NeighboringIntersections": "[[{1433: 1.0534241008182093, 1421: 13.26947970575431, 1429: 0.699388210847398, 1484: 17.3284621829105}]]" }, "geometry": { "type": "Point", "coordinates": [ 464655.290699999779463, 4986161.230000000447035 ] } },
{ "type": "Feature", "properties": { "OBJECTID": 16891, "POINT_X": 464656.65070000011, "POINT_Y": 4984435.983, "Roads": [ [ 2629, 2657, 2658 ] ], "NeighboringIntersections": "[[{1419: 14.665974097317214, 1427: 1.3385340439343243, 1452: 11.239200682339465}]]" }, "geometry": { "type": "Point", "coordinates": [ 464656.650700000114739, 4984435.982999999076128 ] } },
{ "type": "Feature", "properties": { "OBJECTID": 16898, "POINT_X": 464658.8367999997, "POINT_Y": 4990110.4569000006, "Roads": [ [ 2544, 2659, 2660 ] ], "NeighboringIntersections": "[[{1372: 135.81325967778582}]]" }, "geometry": { "type": "Point", "coordinates": [ 464658.836799999698997, 4990110.456900000572205 ] } },
{ "type": "Feature", "properties": { "OBJECTID": 16900, "POINT_X": 464660.65529999975, "POINT_Y": 4987276.1785000004, "Roads": [ [ 2661, 2663, 2691 ] ], "NeighboringIntersections": "[[{1447: 22.99196814421918, 1439: 8.416214972919839, 1451: 9.021901857847016}]]" }, "geometry": { "type": "Point", "coordinates": [ 464660.655299999751151, 4987276.17850000038743 ] } },
{ "type": "Feature", "properties": { "OBJECTID": 16908, "POINT_X": 464668.11849999987, "POINT_Y": 4980989.9190999996, "Roads": [ [ 2662, 2665, 2671 ] ], "NeighboringIntersections": "[[{1424: 2.6765213805135004, 1440: 0.5337605349871287, 1443: 10.864545040014926}]]" }, "geometry": { "type": "Point", "coordinates": [ 464668.11849999986589, 4980989.919099999591708 ] } },
{ "type": "Feature", "properties": { "OBJECTID": 16916, "POINT_X": 464676.0011, "POINT_Y": 4987149.145, "Roads": [ [ 2663, 2674, 2690 ] ], "NeighboringIntersections": "[[{1437: 8.416214972919839, 1444: 6.224870412942757}]]" }, "geometry": { "type": "Point", "coordinates": [ 464676.0011, 4987149.144999999552965 ] } },
{ "type": "Feature", "properties": { "OBJECTID": 16917, "POINT_X": 464676.46480000019, "POINT_Y": 4980990.2117999997, "Roads": [ [ 2664, 2665, 2701 ] ], "NeighboringIntersections": "[[{1414: 36.90393094156859, 1438: 0.5337605349871287, 1456: 9.925645740702231}]]" }, "geometry": { "type": "Point", "coordinates": [ 464676.464800000190735, 4980990.211799999698997 ] } },
{ "type": "Feature", "properties": { "OBJECTID": 16927, "POINT_X": 464686.3618000001, "POINT_Y": 4989168.455, "Roads": [ [ 2666, 2667, 2689 ] ], "NeighboringIntersections": "[[{1413: 8.630804695489198, 1450: 5.933598976066396}]]" }, "geometry": { "type": "Point", "coordinates": [ 464686.361800000071526, 4989168.455 ] } },
{ "type": "Feature", "properties": { "OBJECTID": 16932, "POINT_X": 464691.12930000015, "POINT_Y": 4988637.3212000001, "Roads": [ [ 2668, 2669, 2696 ] ], "NeighboringIntersections": "[[{1431: 4.744638334132166, 1454: 7.327077257172828}]]" }, "geometry": { "type": "Point", "coordinates": [ 464691.129300000146031, 4988637.32120000012219 ] } },
{ "type": "Feature", "properties": { "OBJECTID": 16946, "POINT_X": 464694.3761, "POINT_Y": 4980821.9704, "Roads": [ [ 2670, 2671, 2675 ] ], "NeighboringIntersections": "[[{1418: 6.603997015937798, 1438: 10.864545040014926}]]" }, "geometry": { "type": "Point", "coordinates": [ 464694.3761, 4980821.9704 ] } },
{ "type": "Feature", "properties": { "OBJECTID": 16975, "POINT_X": 464708.67669999972, "POINT_Y": 4987059.0716999993, "Roads": [ [ 2672, 2674, 2705 ] ], "NeighboringIntersections": "[[{1439: 6.224870412942757, 1459: 10.193672431185416}]]" }, "geometry": { "type": "Point", "coordinates": [ 464708.676699999719858, 4987059.071699999272823 ] } },
{ "type": "Feature", "properties": { "OBJECTID": 16988, "POINT_X": 464725.21190000046, "POINT_Y": 4987619.0113999993, "Roads": [ [ 2676, 2677, 2716 ] ], "NeighboringIntersections": "[[{1425: 22.678404655720758, 1465: 9.929595367892233}]]" }, "geometry": { "type": "Point", "coordinates": [ 464725.211900000460446, 4987619.011399999260902 ] } },
{ "type": "Feature", "properties": { "OBJECTID": 16998, "POINT_X": 464735.1278, "POINT_Y": 4982760.855, "Roads": [ [ 2678, 2679, 2680, 2826, 2903 ] ], "NeighboringIntersections": "[[{1385: 27.053502769915752, 1389: 15.744147832269997, 1391: 16.01656419642629, 1523: 21.11294224171827}]]" }, "geometry": { "type": "Point", "coordinates": [ 464735.127799999900162, 4982760.855000000447035 ] } },
{ "type": "Feature", "properties": { "OBJECTID": 17006, "POINT_X": 464742.97319999989, "POINT_Y": 4987483.3957000002, "Roads": [ [ 2661, 2681, 2692 ] ], "NeighboringIntersections": "[[{1437: 22.99196814421918, 1451: 10.030255985287008}]]" }, "geometry": { "type": "Point", "coordinates": [ 464742.973199999891222, 4987483.395700000226498 ] } },
{ "type": "Feature", "properties": { "OBJECTID": 17019, "POINT_X": 464755.6096000001, "POINT_Y": 4985539.6247000005, "Roads": [ [ 2683, 2686, 2733 ] ], "NeighboringIntersections": "[[{1477: 31.879995912374614, 1473: 11.127974288228437}]]" }, "geometry": { "type": "Point", "coordinates": [ 464755.609600000083447, 4985539.62470000050962 ] } },
{ "type": "Feature", "properties": { "OBJECTID": 17037, "POINT_X": 464771.0214, "POINT_Y": 4986836.0122999996, "Roads": [ [ 2684, 2687, 2703 ] ], "NeighboringIntersections": "[[{1411: 14.901449021872676, 1458: 4.858563200370623}]]" }, "geometry": { "type": "Point", "coordinates": [ 464771.021399999968708, 4986836.012299999594688 ] } },
{ "type": "Feature", "properties": { "OBJECTID": 17038, "POINT_X": 464772.62270000018, "POINT_Y": 4989190.2061000001, "Roads": [ [ 2688, 2689, 2723 ] ], "NeighboringIntersections": "[[{1422: 18.46756516038749, 1441: 5.933598976066396, 1468: 6.083048148807455}]]" }, "geometry": { "type": "Point", "coordinates": [ 464772.622700000181794, 4989190.2061 ] } },
{ "type": "Feature", "properties": { "OBJECTID": 17047, "POINT_X": 464778.3816, "POINT_Y": 4987336.6745999996, "Roads": [ [ 2691, 2692, 2714 ] ], "NeighboringIntersections": "[[{1437: 9.021901857847016, 1447: 10.030255985287008, 1464: 5.045919639142521}]]" }, "geometry": { "type": "Point", "coordinates": [ 464778.381599999964237, 4987336.674599999561906 ] } },
{ "type": "Feature", "properties": { "OBJECTID": 17048, "POINT_X": 464779.9918, "POINT_Y": 4984622.6576000005, "Roads": [ [ 2642, 2658, 2693 ] ], "NeighboringIntersections": "[[{1427: 11.582111453155925, 1435: 11.239200682339465, 1517: 16.9895500712857}]]" }, "geometry": { "type": "Point", "coordinates": [ 464779.991799999959767, 4984622.657600000500679 ] } },
{ "type": "Feature", "properties": { "OBJECTID": 17056, "POINT_X": 464792.5905, "POINT_Y": 4989592.9031000007, "Roads": [ [ 2694, 2695, 2749 ] ], "NeighboringIntersections": "[[{1466: 14.16234559253529, 1482: 11.679207241210621}]]" }, "geometry": { "type": "Point", "coordinates": [ 464792.590499999932945, 4989592.903100000694394 ] } },
{ "type": "Feature", "properties": { "OBJECTID": 17070, "POINT_X": 464803.25650000013, "POINT_Y": 4988646.2936000004, "Roads": [ [ 2696, 2697, 2731 ] ], "NeighboringIntersections": "[[{1442: 7.327077257172828, 1472: 4.770193659605026}]]" }, "geometry": { "type": "Point", "coordinates": [ 464803.25650000013411, 4988646.293600000441074 ] } },
{ "type": "Feature", "properties": { "OBJECTID": 17072, "POINT_X": 464805.989, "POINT_Y": 4988957.3664999995, "Roads": [ [ 2698, 2699, 2721 ] ], "NeighboringIntersections": "[[{1416: 18.269417697652507, 1432: 13.96318245405219, 1467: 3.686346268760828}]]" }, "geometry": { "type": "Point", "coordinates": [ 464805.989000000059605, 4988957.366499999538064 ] } },
{ "type": "Feature", "properties": { "OBJECTID": 17102, "POINT_X": 464831.2346000001, "POINT_Y": 4980994.609, "Roads": [ [ 2700, 2701, 2890 ] ], "NeighboringIntersections": "[[{1440: 9.925645740702231, 1558: 26.571170394343195}]]" }, "geometry": { "type": "Point", "coordinates": [ 464831.234600000083447, 4980994.608999999240041 ] } },
{ "type": "Feature", "properties": { "OBJECTID": 17107, "POINT_X": 464838.67970000021, "POINT_Y": 4986664.7766999993, "Roads": [ [ 2632, 2702, 2712, 2755 ] ], "NeighboringIntersections": "[[{1421: 31.86101824658832, 1458: 8.470520388492789, 1463: 0.8670460501024659, 1484: 20.59876998668486}]]" }, "geometry": { "type": "Point", "coordinates": [ 464838.679700000211596, 4986664.776699999347329 ] } },
{ "type": "Feature", "properties": { "OBJECTID": 17116, "POINT_X": 464846.9232000001, "POINT_Y": 4986834.5203000009, "Roads": [ [ 2702, 2703, 2704, 2713 ] ], "NeighboringIntersections": "[[{1457: 8.470520388492789, 1449: 4.858563200370623, 1459: 8.36953067503333, 1463: 8.46269285910023}]]" }, "geometry": { "type": "Point", "coordinates": [ 464846.923200000077486, 4986834.520300000905991 ] } },
{ "type": "Feature", "properties": { "OBJECTID": 17118, "POINT_X": 464849.5036000004, "POINT_Y": 4987002.8686999995, "Roads": [ [ 2704, 2705, 2706, 2780 ] ], "NeighboringIntersections": "[[{1458: 8.36953067503333, 1444: 10.193672431185416, 1461: 6.794895782310182, 1498: 8.696042613530691}]]" }, "geometry": { "type": "Point", "coordinates": [ 464849.503600000403821, 4987002.868699999526143 ] } },
{ "type": "Feature", "properties": { "OBJECTID": 17125, "POINT_X": 464851.148, "POINT_Y": 4987896.7015000004, "Roads": [ [ 2707, 2708, 2717, 2725 ] ], "NeighboringIntersections": "[[{1425: 14.018113091109816, 1462: 0.7062569742812983, 1465: 17.668995469372202, 1469: 0.9105777881900854}]]" }, "geometry": { "type": "Point", "coordinates": [ 464851.148000000044703, 4987896.701500000432134 ] } },
{ "type": "Feature", "properties": { "OBJECTID": 17127, "POINT_X": 464851.23450000025, "POINT_Y": 4987139.5493000001, "Roads": [ [ 2706, 2709, 2810 ] ], "NeighboringIntersections": "[[{1459: 6.794895782310182, 1464: 10.521462247497295, 1515: 12.912241837508033}]]" }, "geometry": { "type": "Point", "coordinates": [ 464851.23450000025332, 4987139.5493 ] } },
{ "type": "Feature", "properties": { "OBJECTID": 17129, "POINT_X": 464851.3191, "POINT_Y": 4987910.9080999997, "Roads": [ [ 2708, 2710, 2711, 2727 ] ], "NeighboringIntersections": "[[{1460: 0.7062569742812983, 1425: 14.023348932379049, 1499: 20.239087601072217, 1470: 0.909664839201711}]]" }, "geometry": { "type": "Point", "coordinates": [ 464851.319099999964237, 4987910.908099999651313 ] } },
{ "type": "Feature", "properties": { "OBJECTID": 17130, "POINT_X": 464852.245, "POINT_Y": 4986664.6249000002, "Roads": [ [ 2712, 2713, 2763, 2822 ] ], "NeighboringIntersections": "[[{1457: 0.8670460501024659, 1458: 8.46269285910023, 1489: 20.247799473137476, 1520: 22.40452681642117}]]" }, "geometry": { "type": "Point", "coordinates": [ 464852.245000000111759, 4986664.624900000169873 ] } },
{ "type": "Feature", "properties": { "OBJECTID": 17133, "POINT_X": 464853.2452999996, "POINT_Y": 4987351.1978999991, "Roads": [ [ 2709, 2714, 2715 ] ], "NeighboringIntersections": "[[{1461: 10.521462247497295, 1451: 5.045919639142521, 1465: 9.454685283853383}]]" }, "geometry": { "type": "Point", "coordinates": [ 464853.245299999602139, 4987351.19789999909699 ] } },
{ "type": "Feature", "properties": { "OBJECTID": 17134, "POINT_X": 464854.223, "POINT_Y": 4987541.3934000004, "Roads": [ [ 2715, 2716, 2717, 2718, 2879 ] ], "NeighboringIntersections": "[[{1464: 9.454685283853383, 1445: 9.929595367892233, 1460: 17.668995469372202, 1469: 17.693269372248764, 1552: 36.85049572363357}]]" }, "geometry": { "type": "Point", "coordinates": [ 464854.223000000230968, 4987541.393400000408292 ] } },
{ "type": "Feature", "properties": { "OBJECTID": 17139, "POINT_X": 464855.76410000026, "POINT_Y": 4989795.1230999995, "Roads": [ [ 2695, 2719, 2720, 2839 ] ], "NeighboringIntersections": "[[{1453: 14.16234559253529, 1497: 31.9902942002177, 1529: 14.587752677501788}]]" }, "geometry": { "type": "Point", "coordinates": [ 464855.76410000026226, 4989795.123099999502301 ] } },
{ "type": "Feature", "properties": { "OBJECTID": 17150, "POINT_X": 464862.67889999971, "POINT_Y": 4988965.3271999992, "Roads": [ [ 2721, 2722, 2732, 2758 ] ], "NeighboringIntersections": "[[{1455: 3.686346268760828, 1468: 10.117819814568639, 1472: 15.027720451351191, 1486: 5.58172236525516}]]" }, "geometry": { "type": "Point", "coordinates": [ 464862.678899999707937, 4988965.327199999243021 ] } },
{ "type": "Feature", "properties": { "OBJECTID": 17152, "POINT_X": 464863.227, "POINT_Y": 4989168.8312, "Roads": [ [ 2722, 2723, 2724, 2752 ] ], "NeighboringIntersections": "[[{1467: 10.117819814568639, 1450: 6.083048148807455, 1482: 16.46636333196153, 1483: 4.884739649849621}]]" }, "geometry": { "type": "Point", "coordinates": [ 464863.226999999955297, 4989168.831199999898672 ] } },
{ "type": "Feature", "properties": { "OBJECTID": 17154, "POINT_X": 464865.39439999964, "POINT_Y": 4987896.7686000001, "Roads": [ [ 2718, 2725, 2726, 2823 ] ], "NeighboringIntersections": "[[{1465: 17.693269372248764, 1460: 0.9105777881900854, 1470: 0.6985644590655967, 1521: 14.743736827515942}]]" }, "geometry": { "type": "Point", "coordinates": [ 464865.394399999640882, 4987896.7686 ] } },
{ "type": "Feature", "properties": { "OBJECTID": 17155, "POINT_X": 464865.55179999955, "POINT_Y": 4987910.8205999993, "Roads": [ [ 2726, 2727, 2728, 2802 ] ], "NeighboringIntersections": "[[{1469: 0.6985644590655967, 1462: 0.909664839201711, 1499: 19.925131064530962, 1511: 11.201042471884753}]]" }, "geometry": { "type": "Point", "coordinates": [ 464865.551799999549985, 4987910.820599999278784 ] } },
{ "type": "Feature", "properties": { "OBJECTID": 17157, "POINT_X": 464867.97790000029, "POINT_Y": 4985208.6677000001, "Roads": [ [ 2729, 2730, 2742 ] ], "NeighboringIntersections": "[[{1387: 28.05375305098391, 1478: 3.0396817656670896}]]" }, "geometry": { "type": "Point", "coordinates": [ 464867.977900000289083, 4985208.667700000107288 ] } },
{ "type": "Feature", "properties": { "OBJECTID": 17164, "POINT_X": 464875.729, "POINT_Y": 4988664.1351999994, "Roads": [ [ 2731, 2732, 2769 ] ], "NeighboringIntersections": "[[{1454: 4.770193659605026, 1467: 15.027720451351191, 1493: 10.762792588689546}]]" }, "geometry": { "type": "Point", "coordinates": [ 464875.729000000283122, 4988664.135199999436736 ] } },
{ "type": "Feature", "properties": { "OBJECTID": 17167, "POINT_X": 464882.82110000029, "POINT_Y": 4985614.6651000008, "Roads": [ [ 2733, 2734, 2786 ] ], "NeighboringIntersections": "[[{1448: 11.127974288228437, 1503: 8.377801464463007}]]" }, "geometry": { "type": "Point", "coordinates": [ 464882.821100000292063, 4985614.665100000798702 ] } },
{ "type": "Feature", "properties": { "OBJECTID": 17169, "POINT_X": 464884.13960000034, "POINT_Y": 4981483.2444000002, "Roads": [ [ 2735, 2736, 2737, 2869 ] ], "NeighboringIntersections": "[[{1379: 30.264801562508506, 1501: 22.01345496659113, 1475: 3.797096078484455, 1546: 18.65725040175883}]]" }, "geometry": { "type": "Point", "coordinates": [ 464884.139600000344217, 4981483.244400000199676 ] } },
{ "type": "Feature", "properties": { "OBJECTID": 17170, "POINT_X": 464884.1922000004, "POINT_Y": 4981423.8335999995, "Roads": [ [ 2737, 2743 ] ], "NeighboringIntersections": "[[{1474: 3.797096078484455, 1479: 27.89830496348383}]]" }, "geometry": { "type": "Point", "coordinates": [ 464884.192200000397861, 4981423.833599999547005 ] } },
{ "type": "Feature", "properties": { "OBJECTID": 17173, "POINT_X": 464887.7665, "POINT_Y": 4983876.4151000008, "Roads": [ [ 2738, 2770, 2807 ] ], "NeighboringIntersections": "[[{1419: 31.44823246259507, 1494: 5.318780760498901, 1513: 35.21707741862876}]]" }, "geometry": { "type": "Point", "coordinates": [ 464887.766499999910593, 4983876.415100000798702 ] } },
{ "type": "Feature", "properties": { "OBJECTID": 17181, "POINT_X": 464895.53749999963, "POINT_Y": 4985764.1944999993, "Roads": [ [ 2683, 2762, 2787 ] ], "NeighboringIntersections": "[[{1448: 31.879995912374614, 1503: 23.55042742206845}]]" }, "geometry": { "type": "Point", "coordinates": [ 464895.537499999627471, 4985764.194499999284744 ] } },
{ "type": "Feature", "properties": { "OBJECTID": 17210, "POINT_X": 464911.89070000034, "POINT_Y": 4985190.421, "Roads": [ [ 2740, 2742, 2815 ] ], "NeighboringIntersections": "[[{1471: 3.0396817656670896, 1519: 11.822144715650671}]]" }, "geometry": { "type": "Point", "coordinates": [ 464911.890700000338256, 4985190.421 ] } },
{ "type": "Feature", "properties": { "OBJECTID": 17218, "POINT_X": 464916.75009999983, "POINT_Y": 4981292.3992999997, "Roads": [ [ 2741, 2743 ] ], "NeighboringIntersections": "[[{1475: 27.89830496348383}]]" }, "geometry": { "type": "Point", "coordinates": [ 464916.750099999830127, 4981292.399299999698997 ] } },
{ "type": "Feature", "properties": { "OBJECTID": 17233, "POINT_X": 464927.32870000042, "POINT_Y": 4980684.44, "Roads": [ [ 2744, 2745, 2888 ] ], "NeighboringIntersections": [ [ { } ] ] }, "geometry": { "type": "Point", "coordinates": [ 464927.328700000420213, 4980684.439999999478459 ] } },
{ "type": "Feature", "properties": { "OBJECTID": 17236, "POINT_X": 464932.91579999961, "POINT_Y": 4981974.1049000006, "Roads": [ [ 2747, 2748, 2776, 2814 ] ], "NeighboringIntersections": "[[{1516: 38.31138314094631, 1518: 11.415371432008051}]]" }, "geometry": { "type": "Point", "coordinates": [ 464932.91579999960959, 4981974.104900000616908 ] } },
{ "type": "Feature", "properties": { "OBJECTID": 17242, "POINT_X": 464939.271, "POINT_Y": 4989489.0149000008, "Roads": [ [ 2724, 2749, 2750, 2751 ] ], "NeighboringIntersections": "[[{1468: 16.46636333196153, 1453: 11.679207241210621, 1529: 17.954952110095963, 1536: 17.897505645170778}]]" }, "geometry": { "type": "Point", "coordinates": [ 464939.270999999716878, 4989489.01490000076592 ] } },
{ "type": "Feature", "properties": { "OBJECTID": 17243, "POINT_X": 464939.43570000026, "POINT_Y": 4989163.0377999991, "Roads": [ [ 2752, 2753, 2797 ] ], "NeighboringIntersections": "[[{1468: 4.884739649849621, 1492: 11.931749357836726, 1508: 7.074635575934123}]]" }, "geometry": { "type": "Point", "coordinates": [ 464939.435700000263751, 4989163.037799999117851 ] } },
{ "type": "Feature", "properties": { "OBJECTID": 17245, "POINT_X": 464943.0702, "POINT_Y": 4986266.4887000006, "Roads": [ [ 2754, 2755, 2757, 2764 ] ], "NeighboringIntersections": "[[{1434: 17.3284621829105, 1457: 20.59876998668486, 1485: 0.6900562968846429, 1489: 0.7067250795565335}]]" }, "geometry": { "type": "Point", "coordinates": [ 464943.070199999958277, 4986266.488700000569224 ] } },
{ "type": "Feature", "properties": { "OBJECTID": 17248, "POINT_X": 464948.3443, "POINT_Y": 4986253.6479000002, "Roads": [ [ 2756, 2757, 2765, 2800 ] ], "NeighboringIntersections": "[[{1433: 17.678890555782225, 1484: 0.6900562968846429, 1490: 0.6909439234688122, 1510: 14.828696865453255}]]" }, "geometry": { "type": "Point", "coordinates": [ 464948.3443, 4986253.647900000214577 ] } },
{ "type": "Feature", "properties": { "OBJECTID": 17249, "POINT_X": 464948.56020000018, "POINT_Y": 4988975.6863000002, "Roads": [ [ 2758, 2759, 2832 ] ], "NeighboringIntersections": "[[{1467: 5.58172236525516, 1527: 17.082925118984594}]]" }, "geometry": { "type": "Point", "coordinates": [ 464948.560200000181794, 4988975.686300000175834 ] } },
{ "type": "Feature", "properties": { "OBJECTID": 17251, "POINT_X": 464951.18840000033, "POINT_Y": 4983330.9575999994, "Roads": [ [ 2760, 2775, 2829 ] ], "NeighboringIntersections": "[[{1426: 20.41778835439949, 1495: 1.7908516059231077, 1525: 22.436628327437333}]]" }, "geometry": { "type": "Point", "coordinates": [ 464951.188400000333786, 4983330.957599999383092 ] } },
{ "type": "Feature", "properties": { "OBJECTID": 17257, "POINT_X": 464953.25019999966, "POINT_Y": 4984103.8511999995, "Roads": [ [ 2761, 2767, 2886 ] ], "NeighboringIntersections": "[[{1557: 23.487009740078964, 1491: 7.355377795883191, 1556: 17.09235964565792}]]" }, "geometry": { "type": "Point", "coordinates": [ 464953.250199999660254, 4984103.851199999451637 ] } },
{ "type": "Feature", "properties": { "OBJECTID": 17261, "POINT_X": 464955.50430000015, "POINT_Y": 4986273.382, "Roads": [ [ 2763, 2764, 2766, 3140 ] ], "NeighboringIntersections": "[[{1463: 20.247799473137476, 1484: 0.7067250795565335, 1490: 0.691981931390008, 1695: 46.02244504079496}]]" }, "geometry": { "type": "Point", "coordinates": [ 464955.504300000146031, 4986273.381999999284744 ] } },
{ "type": "Feature", "properties": { "OBJECTID": 17268, "POINT_X": 464960.49990000017, "POINT_Y": 4986260.3888000008, "Roads": [ [ 2765, 2766, 2801, 3144 ] ], "NeighboringIntersections": "[[{1485: 0.6909439234688122, 1489: 0.691981931390008, 1510: 15.003564343938477, 1697: 45.96502888705995}]]" }, "geometry": { "type": "Point", "coordinates": [ 464960.499900000169873, 4986260.38880000077188 ] } },
{ "type": "Feature", "properties": { "OBJECTID": 17269, "POINT_X": 464964.251, "POINT_Y": 4983989.3044000007, "Roads": [ [ 2767, 2771, 2884 ] ], "NeighboringIntersections": "[[{1488: 7.355377795883191, 1494: 7.31749675945795, 1555: 16.199096485289072}]]" }, "geometry": { "type": "Point", "coordinates": [ 464964.251000000163913, 4983989.304400000721216 ] } },
{ "type": "Feature", "properties": { "OBJECTID": 17273, "POINT_X": 464966.82529999968, "POINT_Y": 4989347.28, "Roads": [ [ 2753, 2768, 2792 ] ], "NeighboringIntersections": "[[{1483: 11.931749357836726, 1507: 7.008485905195985}]]" }, "geometry": { "type": "Point", "coordinates": [ 464966.825299999676645, 4989347.279999999329448 ] } },
{ "type": "Feature", "properties": { "OBJECTID": 17279, "POINT_X": 464970.57650000043, "POINT_Y": 4988471.0161000006, "Roads": [ [ 2769, 2781, 2794 ] ], "NeighboringIntersections": "[[{1472: 10.762792588689546, 1499: 10.028294998573084, 1506: 4.996928403940231}]]" }, "geometry": { "type": "Point", "coordinates": [ 464970.576500000432134, 4988471.016100000590086 ] } },
{ "type": "Feature", "properties": { "OBJECTID": 17281, "POINT_X": 464970.97439999972, "POINT_Y": 4983875.0095000006, "Roads": [ [ 2770, 2771, 2841 ] ], "NeighboringIntersections": "[[{1476: 5.318780760498901, 1491: 7.31749675945795, 1530: 10.922909622733009}]]" }, "geometry": { "type": "Point", "coordinates": [ 464970.974399999715388, 4983875.009500000625849 ] } },
{ "type": "Feature", "properties": { "OBJECTID": 17287, "POINT_X": 464975.92140000034, "POINT_Y": 4983344.1191000007, "Roads": [ [ 2774, 2775, 2783, 2858 ] ], "NeighboringIntersections": "[[{1405: 33.05044276939294, 1487: 1.7908516059231077, 1500: 1.4590833531607719, 1540: 16.371091732521155}]]" }, "geometry": { "type": "Point", "coordinates": [ 464975.921400000341237, 4983344.119100000709295 ] } },
{ "type": "Feature", "properties": { "OBJECTID": 17290, "POINT_X": 464976.90319999959, "POINT_Y": 4984939.6535999998, "Roads": [ [ 2746, 2777, 2790 ] ], "NeighboringIntersections": "[[{1505: 4.118124778122837}]]" }, "geometry": { "type": "Point", "coordinates": [ 464976.903199999593198, 4984939.653599999845028 ] } },
{ "type": "Feature", "properties": { "OBJECTID": 17294, "POINT_X": 464978.01169999968, "POINT_Y": 4990216.8197000008, "Roads": [ [ 2720, 2778, 2779 ] ], "NeighboringIntersections": "[[{1466: 31.9902942002177, 1512: 7.311617585815993, 1579: 23.582344456470164}]]" }, "geometry": { "type": "Point", "coordinates": [ 464978.011699999682605, 4990216.819700000807643 ] } },
{ "type": "Feature", "properties": { "OBJECTID": 17305, "POINT_X": 464985.546, "POINT_Y": 4987003.9651999995, "Roads": [ [ 2780, 2785, 2817 ] ], "NeighboringIntersections": "[[{1459: 8.696042613530691, 1502: 10.242301200907876}]]" }, "geometry": { "type": "Point", "coordinates": [ 464985.546000000089407, 4987003.965199999511242 ] } },
{ "type": "Feature", "properties": { "OBJECTID": 17311, "POINT_X": 464991.528, "POINT_Y": 4988277.4383000005, "Roads": [ [ 2711, 2728, 2781 ] ], "NeighboringIntersections": "[[{1462: 20.239087601072217, 1470: 19.925131064530962, 1493: 10.028294998573084}]]" }, "geometry": { "type": "Point", "coordinates": [ 464991.527999999932945, 4988277.438300000503659 ] } },
{ "type": "Feature", "properties": { "OBJECTID": 17317, "POINT_X": 464995.99590000045, "POINT_Y": 4983354.9909000006, "Roads": [ [ 2782, 2783, 2808, 2872 ] ], "NeighboringIntersections": "[[{1406: 33.56732819527004, 1495: 1.4590833531607719, 1513: 3.9947126174772785, 1547: 16.403461709733204}]]" }, "geometry": { "type": "Point", "coordinates": [ 464995.995900000445545, 4983354.990900000557303 ] } },
{ "type": "Feature", "properties": { "OBJECTID": 17323, "POINT_X": 464999.54739999957, "POINT_Y": 4981675.054, "Roads": [ [ 2736, 2784, 2866 ] ], "NeighboringIntersections": "[[{1474: 22.01345496659113, 1518: 14.07361107024792, 1545: 17.13262422647774}]]" }, "geometry": { "type": "Point", "coordinates": [ 464999.547399999573827, 4981675.053999999538064 ] } },
{ "type": "Feature", "properties": { "OBJECTID": 17328, "POINT_X": 465003.11820000038, "POINT_Y": 4986847.4273000006, "Roads": [ [ 2772, 2785, 2831 ] ], "NeighboringIntersections": "[[{1498: 10.242301200907876, 1526: 8.59626474204899}]]" }, "geometry": { "type": "Point", "coordinates": [ 465003.118200000375509, 4986847.427300000563264 ] } },
{ "type": "Feature", "properties": { "OBJECTID": 17332, "POINT_X": 465006.86060000025, "POINT_Y": 4985614.5065000001, "Roads": [ [ 2786, 2787, 2816, 2836 ] ], "NeighboringIntersections": "[[{1473: 8.377801464463007, 1477: 23.55042742206845, 1519: 30.212891989209698, 1528: 9.658390217096192}]]" }, "geometry": { "type": "Point", "coordinates": [ 465006.860600000247359, 4985614.50650000013411 ] } },
{ "type": "Feature", "properties": { "OBJECTID": 17333, "POINT_X": 465007.23159999959, "POINT_Y": 4984578.6972000003, "Roads": [ [ 2788, 2789, 2923 ] ], "NeighboringIntersections": "[[{1578: 18.89981069463783}]]" }, "geometry": { "type": "Point", "coordinates": [ 465007.231599999591708, 4984578.697200000286102 ] } },
{ "type": "Feature", "properties": { "OBJECTID": 17335, "POINT_X": 465010.1436000001, "POINT_Y": 4984884.4573999997, "Roads": [ [ 2790, 2791, 2812 ] ], "NeighboringIntersections": "[[{1496: 4.118124778122837, 1517: 4.785652073248809}]]" }, "geometry": { "type": "Point", "coordinates": [ 465010.143600000068545, 4984884.457399999722838 ] } },
{ "type": "Feature", "properties": { "OBJECTID": 17356, "POINT_X": 465030.40050000045, "POINT_Y": 4988520.5512000006, "Roads": [ [ 2794, 2795, 2916 ] ], "NeighboringIntersections": "[[{1493: 4.996928403940231, 1574: 22.163177699002937}]]" }, "geometry": { "type": "Point", "coordinates": [ 465030.400500000454485, 4988520.551200000569224 ] } },
{ "type": "Feature", "properties": { "OBJECTID": 17357, "POINT_X": 465030.46019999962, "POINT_Y": 4989427.1892000008, "Roads": [ [ 2768, 2796, 2861 ] ], "NeighboringIntersections": "[[{1492: 7.008485905195985, 1542: 12.235331115658886}]]" }, "geometry": { "type": "Point", "coordinates": [ 465030.460199999623001, 4989427.189200000837445 ] } },
{ "type": "Feature", "properties": { "OBJECTID": 17368, "POINT_X": 465038.06390000042, "POINT_Y": 4989189.2474000007, "Roads": [ [ 2797, 2820, 2862 ] ], "NeighboringIntersections": "[[{1483: 7.074635575934123, 1542: 11.979698346259287}]]" }, "geometry": { "type": "Point", "coordinates": [ 465038.063900000415742, 4989189.247400000691414 ] } },
{ "type": "Feature", "properties": { "OBJECTID": 17370, "POINT_X": 465038.746, "POINT_Y": 4983759.0154, "Roads": [ [ 2798, 2844, 2850 ] ], "NeighboringIntersections": "[[{1532: 7.325005617721214, 1535: 18.334680228751196}]]" }, "geometry": { "type": "Point", "coordinates": [ 465038.746000000275671, 4983759.0154 ] } },
{ "type": "Feature", "properties": { "OBJECTID": 17372, "POINT_X": 465040.78249999974, "POINT_Y": 4985970.2558999993, "Roads": [ [ 2799, 2800, 2801, 2837 ] ], "NeighboringIntersections": "[[{1485: 14.828696865453255, 1490: 15.003564343938477, 1528: 20.644296984955286}]]" }, "geometry": { "type": "Point", "coordinates": [ 465040.78249999973923, 4985970.255899999290705 ] } },
{ "type": "Feature", "properties": { "OBJECTID": 17373, "POINT_X": 465040.80669999961, "POINT_Y": 4987910.3076000009, "Roads": [ [ 2802, 2803, 2906 ] ], "NeighboringIntersections": "[[{1470: 11.201042471884753, 1549: 19.287845384270078, 1568: 13.953202230067143}]]" }, "geometry": { "type": "Point", "coordinates": [ 465040.806699999608099, 4987910.307600000873208 ] } },
{ "type": "Feature", "properties": { "OBJECTID": 17374, "POINT_X": 465041.225, "POINT_Y": 4990307.2183999997, "Roads": [ [ 2778, 2804, 2805, 2928 ] ], "NeighboringIntersections": "[[{1497: 7.311617585815993, 1579: 16.6424670345391}]]" }, "geometry": { "type": "Point", "coordinates": [ 465041.224999999627471, 4990307.218399999663234 ] } },
{ "type": "Feature", "properties": { "OBJECTID": 17393, "POINT_X": 465051.0855, "POINT_Y": 4983384.5154, "Roads": [ [ 2807, 2808, 2834, 2835 ] ], "NeighboringIntersections": "[[{1476: 35.21707741862876, 1500: 3.9947126174772785}]]" }, "geometry": { "type": "Point", "coordinates": [ 465051.085500000044703, 4983384.5154 ] } },
{ "type": "Feature", "properties": { "OBJECTID": 17398, "POINT_X": 465052.56659999955, "POINT_Y": 4987426.2945000008, "Roads": [ [ 2809, 2811, 2874 ] ], "NeighboringIntersections": "[[{1515: 17.810309954877603, 1548: 11.45469208369696}]]" }, "geometry": { "type": "Point", "coordinates": [ 465052.566599999554455, 4987426.29450000077486 ] } },
{ "type": "Feature", "properties": { "OBJECTID": 17399, "POINT_X": 465052.78760000039, "POINT_Y": 4987149.8181999996, "Roads": [ [ 2810, 2811, 2842 ] ], "NeighboringIntersections": "[[{1461: 12.912241837508033, 1514: 17.810309954877603, 1531: 6.425308333135242}]]" }, "geometry": { "type": "Point", "coordinates": [ 465052.78760000038892, 4987149.818199999630451 ] } },
{ "type": "Feature", "properties": { "OBJECTID": 17400, "POINT_X": 465052.96580000035, "POINT_Y": 4982434.9623000007, "Roads": [ [ 2748, 2806, 2897 ] ], "NeighboringIntersections": "[[{1481: 38.31138314094631, 1562: 11.762182455201206}]]" }, "geometry": { "type": "Point", "coordinates": [ 465052.965800000354648, 4982434.962300000712276 ] } },
{ "type": "Feature", "properties": { "OBJECTID": 17404, "POINT_X": 465055.30769999977, "POINT_Y": 4984824.8937999997, "Roads": [ [ 2693, 2812, 2813 ] ], "NeighboringIntersections": "[[{1452: 16.9895500712857, 1505: 4.785652073248809, 1533: 8.242437678872427}]]" }, "geometry": { "type": "Point", "coordinates": [ 465055.307699999772012, 4984824.893799999728799 ] } },
{ "type": "Feature", "properties": { "OBJECTID": 17409, "POINT_X": 465057.8887, "POINT_Y": 4981883.8234000001, "Roads": [ [ 2784, 2814, 2863 ] ], "NeighboringIntersections": "[[{1501: 14.07361107024792, 1481: 11.415371432008051, 1543: 8.378016873749637}]]" }, "geometry": { "type": "Point", "coordinates": [ 465057.888700000010431, 4981883.823400000110269 ] } },
{ "type": "Feature", "properties": { "OBJECTID": 17427, "POINT_X": 465068.53710000031, "POINT_Y": 4985187.5249000005, "Roads": [ [ 2815, 2816, 2830, 2855 ] ], "NeighboringIntersections": "[[{1478: 11.822144715650671, 1503: 30.212891989209698, 1538: 17.460494273338043}]]" }, "geometry": { "type": "Point", "coordinates": [ 465068.537100000306964, 4985187.524900000542402 ] } },
{ "type": "Feature", "properties": { "OBJECTID": 17453, "POINT_X": 465093.61980000045, "POINT_Y": 4986465.5072000008, "Roads": [ [ 2818, 2822, 2875 ] ], "NeighboringIntersections": "[[{1463: 22.40452681642117, 1550: 7.393309248649656}]]" }, "geometry": { "type": "Point", "coordinates": [ 465093.619800000451505, 4986465.507200000807643 ] } },
{ "type": "Feature", "properties": { "OBJECTID": 17459, "POINT_X": 465096.072, "POINT_Y": 4987896.8903000001, "Roads": [ [ 2773, 2823, 2907 ] ], "NeighboringIntersections": "[[{1469: 14.743736827515942, 1568: 10.417057236725725}]]" }, "geometry": { "type": "Point", "coordinates": [ 465096.071999999694526, 4987896.8903 ] } },
{ "type": "Feature", "properties": { "OBJECTID": 17461, "POINT_X": 465098.8694000002, "POINT_Y": 4984762.4699000008, "Roads": [ [ 2793, 2824, 2921 ] ], "NeighboringIntersections": "[[{1567: 15.959351321047503, 1577: 12.511223128817159}]]" }, "geometry": { "type": "Point", "coordinates": [ 465098.869400000199676, 4984762.469900000840425 ] } },
{ "type": "Feature", "properties": { "OBJECTID": 17475, "POINT_X": 465110.26680000033, "POINT_Y": 4982960.008, "Roads": [ [ 2826, 2827, 2847 ] ], "NeighboringIntersections": "[[{1446: 21.11294224171827, 1525: 4.075749984525996, 1534: 2.30856196743983}]]" }, "geometry": { "type": "Point", "coordinates": [ 465110.266800000332296, 4982960.007999999448657 ] } },
{ "type": "Feature", "properties": { "OBJECTID": 17477, "POINT_X": 465113.00210000016, "POINT_Y": 4989630.4571000002, "Roads": [ [ 2819, 2828, 2904 ] ], "NeighboringIntersections": "[[{1566: 10.482299939344344}]]" }, "geometry": { "type": "Point", "coordinates": [ 465113.002100000157952, 4989630.457100000232458 ] } },
{ "type": "Feature", "properties": { "OBJECTID": 17481, "POINT_X": 465115.814, "POINT_Y": 4983020.9, "Roads": [ [ 2827, 2829, 2848 ] ], "NeighboringIntersections": "[[{1523: 4.075749984525996, 1487: 22.436628327437333, 1534: 3.540874016071815}]]" }, "geometry": { "type": "Point", "coordinates": [ 465115.814000000245869, 4983020.900000000372529 ] } },
{ "type": "Feature", "properties": { "OBJECTID": 17484, "POINT_X": 465117.40919999965, "POINT_Y": 4986777.6223000009, "Roads": [ [ 2821, 2831, 2865 ] ], "NeighboringIntersections": "[[{1502: 8.59626474204899, 1544: 3.8577037832376586}]]" }, "geometry": { "type": "Point", "coordinates": [ 465117.409199999645352, 4986777.622300000861287 ] } },
{ "type": "Feature", "properties": { "OBJECTID": 17493, "POINT_X": 465125.427, "POINT_Y": 4989018.4246999994, "Roads": [ [ 2825, 2832, 2833, 2919 ] ], "NeighboringIntersections": "[[{1486: 17.082925118984594, 1576: 9.582186321696563}]]" }, "geometry": { "type": "Point", "coordinates": [ 465125.427000000141561, 4989018.424699999392033 ] } },
{ "type": "Feature", "properties": { "OBJECTID": 17503, "POINT_X": 465135.95349999983, "POINT_Y": 4985566.0938000008, "Roads": [ [ 2836, 2837, 2856 ] ], "NeighboringIntersections": "[[{1503: 9.658390217096192, 1510: 20.644296984955286, 1538: 8.355508479943444}]]" }, "geometry": { "type": "Point", "coordinates": [ 465135.953499999828637, 4985566.093800000846386 ] } },
{ "type": "Feature", "properties": { "OBJECTID": 17507, "POINT_X": 465140.64510000031, "POINT_Y": 4989784.5205000006, "Roads": [ [ 2750, 2839, 2840, 2852 ] ], "NeighboringIntersections": "[[{1482: 17.954952110095963, 1466: 14.587752677501788, 1608: 17.97237201249148, 1536: 0.9129771618475556}]]" }, "geometry": { "type": "Point", "coordinates": [ 465140.645100000314415, 4989784.520500000566244 ] } },
{ "type": "Feature", "properties": { "OBJECTID": 17509, "POINT_X": 465141.86120000016, "POINT_Y": 4983872.5699000005, "Roads": [ [ 2841, 2845, 2881 ] ], "NeighboringIntersections": "[[{1494: 10.922909622733009, 1532: 6.378764717064288, 1553: 4.653314260135384}]]" }, "geometry": { "type": "Point", "coordinates": [ 465141.861200000159442, 4983872.569900000467896 ] } },
{ "type": "Feature", "properties": { "OBJECTID": 17521, "POINT_X": 465149.25719999988, "POINT_Y": 4987125.0750999991, "Roads": [ [ 2838, 2842, 2843 ] ], "NeighboringIntersections": "[[{1515: 6.425308333135242, 1548: 13.90249615821951}]]" }, "geometry": { "type": "Point", "coordinates": [ 465149.25719999987632, 4987125.075099999085069 ] } },
{ "type": "Feature", "properties": { "OBJECTID": 17522, "POINT_X": 465150.914, "POINT_Y": 4983773.7622999996, "Roads": [ [ 2844, 2845, 2851, 3053 ] ], "NeighboringIntersections": "[[{1509: 7.325005617721214, 1530: 6.378764717064288, 1535: 6.329601227529196, 1647: 26.915188487192616}]]" }, "geometry": { "type": "Point", "coordinates": [ 465150.91399999987334, 4983773.762299999594688 ] } },
{ "type": "Feature", "properties": { "OBJECTID": 17523, "POINT_X": 465151.002, "POINT_Y": 4984959.0886000004, "Roads": [ [ 2813, 2846, 2932 ] ], "NeighboringIntersections": "[[{1517: 8.242437678872427, 1538: 22.280832201137205, 1581: 13.624626522603533}]]" }, "geometry": { "type": "Point", "coordinates": [ 465151.002000000327826, 4984959.088600000366569 ] } },
{ "type": "Feature", "properties": { "OBJECTID": 17524, "POINT_X": 465151.34090000018, "POINT_Y": 4982981.6790999994, "Roads": [ [ 2847, 2848, 2859 ] ], "NeighboringIntersections": "[[{1523: 2.30856196743983, 1525: 3.540874016071815, 1540: 0.7420105040373127}]]" }, "geometry": { "type": "Point", "coordinates": [ 465151.340900000184774, 4982981.679099999368191 ] } },
{ "type": "Feature", "properties": { "OBJECTID": 17525, "POINT_X": 465151.82309999969, "POINT_Y": 4983674.731000001, "Roads": [ [ 2850, 2851, 3049 ] ], "NeighboringIntersections": "[[{1509: 18.334680228751196, 1532: 6.329601227529196, 1645: 29.304809741009315}]]" }, "geometry": { "type": "Point", "coordinates": [ 465151.823099999688566, 4983674.731000000610948 ] } },
{ "type": "Feature", "properties": { "OBJECTID": 17526, "POINT_X": 465152.53089999966, "POINT_Y": 4989776.5968999993, "Roads": [ [ 2751, 2852, 2853, 2905 ] ], "NeighboringIntersections": "[[{1482: 17.897505645170778, 1529: 0.9129771618475556, 1611: 17.69375427747562, 1566: 14.385522691527406}]]" }, "geometry": { "type": "Point", "coordinates": [ 465152.530899999663234, 4989776.596899999305606 ] } },
{ "type": "Feature", "properties": { "OBJECTID": 17527, "POINT_X": 465153.30769999977, "POINT_Y": 4981698.9689000007, "Roads": [ [ 2854, 2867, 2925 ] ], "NeighboringIntersections": "[[{1554: 11.2352724720409, 1545: 6.523197834616574}]]" }, "geometry": { "type": "Point", "coordinates": [ 465153.307699999772012, 4981698.968900000676513 ] } },
{ "type": "Feature", "properties": { "OBJECTID": 17530, "POINT_X": 465158.9293, "POINT_Y": 4985399.5854000002, "Roads": [ [ 2846, 2855, 2856 ] ], "NeighboringIntersections": "[[{1533: 22.280832201137205, 1519: 17.460494273338043, 1528: 8.355508479943444}]]" }, "geometry": { "type": "Point", "coordinates": [ 465158.929299999959767, 4985399.585400000214577 ] } },
{ "type": "Feature", "properties": { "OBJECTID": 17531, "POINT_X": 465159.03579999972, "POINT_Y": 4982076.0856, "Roads": [ [ 2857, 2864 ] ], "NeighboringIntersections": "[[{1541: 6.536167116934655, 1543: 8.441635168168558}]]" }, "geometry": { "type": "Point", "coordinates": [ 465159.035799999721348, 4982076.08559999987483 ] } },
{ "type": "Feature", "properties": { "OBJECTID": 17536, "POINT_X": 465164.58949999977, "POINT_Y": 4982988.5556000005, "Roads": [ [ 2858, 2859, 2873, 2941 ] ], "NeighboringIntersections": "[[{1495: 16.371091732521155, 1534: 0.7420105040373127, 1547: 1.1292834053783938, 1586: 12.346779530044685}]]" }, "geometry": { "type": "Point", "coordinates": [ 465164.589499999769032, 4982988.555600000545382 ] } },
{ "type": "Feature", "properties": { "OBJECTID": 17538, "POINT_X": 465165.81680000015, "POINT_Y": 4982090.6718000006, "Roads": [ [ 2857, 2860 ] ], "NeighboringIntersections": "[[{1539: 6.536167116934655, 1560: 4.42729923119921}]]" }, "geometry": { "type": "Point", "coordinates": [ 465165.816800000146031, 4982090.671800000593066 ] } },
{ "type": "Feature", "properties": { "OBJECTID": 17541, "POINT_X": 465169.94089999981, "POINT_Y": 4989309.3629000001, "Roads": [ [ 2861, 2862, 2912 ] ], "NeighboringIntersections": "[[{1507: 12.235331115658886, 1508: 11.979698346259287, 1571: 13.388378304979538}]]" }, "geometry": { "type": "Point", "coordinates": [ 465169.940899999812245, 4989309.3629 ] } },
{ "type": "Feature", "properties": { "OBJECTID": 17543, "POINT_X": 465170.99459999986, "POINT_Y": 4981945.5982000008, "Roads": [ [ 2863, 2864, 2895 ] ], "NeighboringIntersections": "[[{1518: 8.378016873749637, 1539: 8.441635168168558, 1561: 4.136333891155863}]]" }, "geometry": { "type": "Point", "coordinates": [ 465170.994599999859929, 4981945.598200000822544 ] } },
{ "type": "Feature", "properties": { "OBJECTID": 17545, "POINT_X": 465174.05009999964, "POINT_Y": 4986764.2725000009, "Roads": [ [ 2865, 2871, 2930 ] ], "NeighboringIntersections": "[[{1526: 3.8577037832376586, 1580: 9.4372469694179}]]" }, "geometry": { "type": "Point", "coordinates": [ 465174.050099999643862, 4986764.27250000089407 ] } },
{ "type": "Feature", "properties": { "OBJECTID": 17546, "POINT_X": 465175.16640000045, "POINT_Y": 4981599.2725000009, "Roads": [ [ 2866, 2867, 2868, 2900 ] ], "NeighboringIntersections": "[[{1501: 17.13262422647774, 1537: 6.523197834616574, 1598: 28.40825339812425, 1564: 8.658243121552236}]]" }, "geometry": { "type": "Point", "coordinates": [ 465175.166400000452995, 4981599.27250000089407 ] } },
{ "type": "Feature", "properties": { "OBJECTID": 17547, "POINT_X": 465176.05819999985, "POINT_Y": 4981483.5884000007, "Roads": [ [ 2849, 2869, 2901 ] ], "NeighboringIntersections": "[[{1474: 18.65725040175883, 1564: 3.9258554074935463}]]" }, "geometry": { "type": "Point", "coordinates": [ 465176.058199999853969, 4981483.588400000706315 ] } },
{ "type": "Feature", "properties": { "OBJECTID": 17561, "POINT_X": 465184.93140000012, "POINT_Y": 4982998.6697000004, "Roads": [ [ 2872, 2873, 2960 ] ], "NeighboringIntersections": "[[{1500: 16.403461709733204, 1540: 1.1292834053783938, 1597: 13.415226853945542}]]" }, "geometry": { "type": "Point", "coordinates": [ 465184.931400000117719, 4982998.669700000435114 ] } },
{ "type": "Feature", "properties": { "OBJECTID": 17566, "POINT_X": 465185.69720000029, "POINT_Y": 4987336.1974999998, "Roads": [ [ 2843, 2874, 2936 ] ], "NeighboringIntersections": "[[{1531: 13.90249615821951, 1514: 11.45469208369696, 1583: 8.471813041265817}]]" }, "geometry": { "type": "Point", "coordinates": [ 465185.697200000286102, 4987336.197499999776483 ] } },
{ "type": "Feature", "properties": { "OBJECTID": 17582, "POINT_X": 465193.57880000025, "POINT_Y": 4988036.493000001, "Roads": [ [ 2803, 2870, 2909 ] ], "NeighboringIntersections": "[[{1511: 19.287845384270078, 1569: 4.252984303721079}]]" }, "geometry": { "type": "Point", "coordinates": [ 465193.57880000025034, 4988036.493000000715256 ] } },
{ "type": "Feature", "properties": { "OBJECTID": 17587, "POINT_X": 465198.39070000034, "POINT_Y": 4986489.9943000004, "Roads": [ [ 2875, 2876, 2954 ] ], "NeighboringIntersections": "[[{1520: 7.393309248649656, 1593: 11.24227971536663}]]" }, "geometry": { "type": "Point", "coordinates": [ 465198.390700000338256, 4986489.994300000369549 ] } },
{ "type": "Feature", "properties": { "OBJECTID": 17605, "POINT_X": 465210.778, "POINT_Y": 4987600.1250999998, "Roads": [ [ 2877, 2878, 2939 ] ], "NeighboringIntersections": "[[{1552: 8.744531170035298, 1585: 7.2431743270601965}]]" }, "geometry": { "type": "Point", "coordinates": [ 465210.777999999932945, 4987600.125099999830127 ] } },
{ "type": "Feature", "properties": { "OBJECTID": 17607, "POINT_X": 465212.40149999969, "POINT_Y": 4987736.9359000009, "Roads": [ [ 2878, 2879, 2880 ] ], "NeighboringIntersections": "[[{1551: 8.744531170035298, 1465: 36.85049572363357}]]" }, "geometry": { "type": "Point", "coordinates": [ 465212.401499999687076, 4987736.935900000855327 ] } },
{ "type": "Feature", "properties": { "OBJECTID": 17610, "POINT_X": 465214.64059999958, "POINT_Y": 4983870.5430999994, "Roads": [ [ 2881, 2882, 2944 ] ], "NeighboringIntersections": "[[{1530: 4.653314260135384, 1555: 7.3281809805276, 1588: 7.617073598054064}]]" }, "geometry": { "type": "Point", "coordinates": [ 465214.640599999576807, 4983870.543099999427795 ] } },
{ "type": "Feature", "properties": { "OBJECTID": 17612, "POINT_X": 465215.397, "POINT_Y": 4981852.8879000004, "Roads": [ [ 2854, 2883, 2962 ] ], "NeighboringIntersections": "[[{1537: 11.2352724720409, 1561: 6.487307080750624, 1598: 11.796657151289105}]]" }, "geometry": { "type": "Point", "coordinates": [ 465215.396999999880791, 4981852.887900000438094 ] } },
{ "type": "Feature", "properties": { "OBJECTID": 17616, "POINT_X": 465217.67470000032, "POINT_Y": 4983985.1625999995, "Roads": [ [ 2882, 2884, 2885 ] ], "NeighboringIntersections": "[[{1553: 7.3281809805276, 1491: 16.199096485289072, 1556: 7.305397080152511}]]" }, "geometry": { "type": "Point", "coordinates": [ 465217.674700000323355, 4983985.162599999457598 ] } },
{ "type": "Feature", "properties": { "OBJECTID": 17618, "POINT_X": 465220.6475, "POINT_Y": 4984099.4271000009, "Roads": [ [ 2885, 2886, 2887 ] ], "NeighboringIntersections": "[[{1555: 7.305397080152511, 1488: 17.09235964565792, 1557: 7.305403469107262}]]" }, "geometry": { "type": "Point", "coordinates": [ 465220.647499999962747, 4984099.42710000090301 ] } },
{ "type": "Feature", "properties": { "OBJECTID": 17620, "POINT_X": 465223.6202999996, "POINT_Y": 4984213.6917000003, "Roads": [ [ 2761, 2887, 2948 ] ], "NeighboringIntersections": "[[{1488: 23.487009740078964, 1556: 7.305403469107262, 1589: 7.620532038970198}]]" }, "geometry": { "type": "Point", "coordinates": [ 465223.620299999602139, 4984213.691700000315905 ] } },
{ "type": "Feature", "properties": { "OBJECTID": 17632, "POINT_X": 465233.39940000046, "POINT_Y": 4980981.5472, "Roads": [ [ 2889, 2890, 2891 ] ], "NeighboringIntersections": "[[{1456: 26.571170394343195, 1565: 0.26758633311201346}]]" }, "geometry": { "type": "Point", "coordinates": [ 465233.399400000460446, 4980981.5472 ] } },
{ "type": "Feature", "properties": { "OBJECTID": 17636, "POINT_X": 465234.20650000032, "POINT_Y": 4982229.1553000007, "Roads": [ [ 2892, 2893, 2894 ] ], "NeighboringIntersections": "[[{1562: 14.250734626168136, 1560: 8.863913812326276}]]" }, "geometry": { "type": "Point", "coordinates": [ 465234.206500000320375, 4982229.155300000682473 ] } },
{ "type": "Feature", "properties": { "OBJECTID": 17639, "POINT_X": 465235.06240000017, "POINT_Y": 4982090.4695999995, "Roads": [ [ 2860, 2894, 2896 ] ], "NeighboringIntersections": "[[{1541: 4.42729923119921, 1559: 8.863913812326276, 1561: 9.189371304807272}]]" }, "geometry": { "type": "Point", "coordinates": [ 465235.062400000169873, 4982090.4695999994874 ] } },
{ "type": "Feature", "properties": { "OBJECTID": 17641, "POINT_X": 465235.6689, "POINT_Y": 4981946.6903000008, "Roads": [ [ 2883, 2895, 2896, 2965 ] ], "NeighboringIntersections": "[[{1554: 6.487307080750624, 1543: 4.136333891155863, 1560: 9.189371304807272, 1600: 9.66509386096551}]]" }, "geometry": { "type": "Point", "coordinates": [ 465235.668899999931455, 4981946.690300000831485 ] } },
{ "type": "Feature", "properties": { "OBJECTID": 17642, "POINT_X": 465236.1151000001, "POINT_Y": 4982452.1135000009, "Roads": [ [ 2893, 2897, 2958 ] ], "NeighboringIntersections": "[[{1559: 14.250734626168136, 1516: 11.762182455201206, 1595: 7.9813559377118235}]]" }, "geometry": { "type": "Point", "coordinates": [ 465236.115100000053644, 4982452.113500000908971 ] } },
{ "type": "Feature", "properties": { "OBJECTID": 17646, "POINT_X": 465236.82340000011, "POINT_Y": 4989368.718, "Roads": [ [ 2898, 2899, 2913 ] ], "NeighboringIntersections": "[[{1566: 13.927815476291578, 1571: 13.236841679413146}]]" }, "geometry": { "type": "Point", "coordinates": [ 465236.823400000110269, 4989368.718000000342727 ] } },
{ "type": "Feature", "properties": { "OBJECTID": 17648, "POINT_X": 465237.48369999975, "POINT_Y": 4981483.6107000001, "Roads": [ [ 2900, 2901, 2902 ] ], "NeighboringIntersections": "[[{1545: 8.658243121552236, 1546: 3.9258554074935463, 1565: 32.093419850712245}]]" }, "geometry": { "type": "Point", "coordinates": [ 465237.48369999974966, 4981483.6107 ] } },
{ "type": "Feature", "properties": { "OBJECTID": 17649, "POINT_X": 465237.57529999968, "POINT_Y": 4980981.8486000001, "Roads": [ [ 2891, 2902, 2999 ] ], "NeighboringIntersections": "[[{1558: 0.26758633311201346, 1564: 32.093419850712245, 1620: 15.503809057908715}]]" }, "geometry": { "type": "Point", "coordinates": [ 465237.575299999676645, 4980981.848600000143051 ] } },
{ "type": "Feature", "properties": { "OBJECTID": 17689, "POINT_X": 465254.84289999958, "POINT_Y": 4989585.0671999995, "Roads": [ [ 2898, 2904, 2905, 2942 ] ], "NeighboringIntersections": "[[{1563: 13.927815476291578, 1524: 10.482299939344344, 1536: 14.385522691527406, 1587: 4.970202628200231}]]" }, "geometry": { "type": "Point", "coordinates": [ 465254.842899999581277, 4989585.067199999466538 ] } },
{ "type": "Feature", "properties": { "OBJECTID": 17694, "POINT_X": 465256.81639999989, "POINT_Y": 4984789.0601000004, "Roads": [ [ 2824, 2922, 2933 ] ], "NeighboringIntersections": "[[{1522: 15.959351321047503, 1577: 4.121330520432686, 1581: 4.062570616343827}]]" }, "geometry": { "type": "Point", "coordinates": [ 465256.816399999894202, 4984789.060100000351667 ] } },
{ "type": "Feature", "properties": { "OBJECTID": 17696, "POINT_X": 465258.94610000029, "POINT_Y": 4987902.1464000009, "Roads": [ [ 2906, 2907, 2908, 2973 ] ], "NeighboringIntersections": "[[{1511: 13.953202230067143, 1521: 10.417057236725725, 1569: 8.373151786776353, 1604: 10.119731016208357}]]" }, "geometry": { "type": "Point", "coordinates": [ 465258.946100000292063, 4987902.14640000090003 ] } },
{ "type": "Feature", "properties": { "OBJECTID": 17699, "POINT_X": 465259.83519999962, "POINT_Y": 4988033.1522000004, "Roads": [ [ 2908, 2909, 2910, 2959 ] ], "NeighboringIntersections": "[[{1568: 8.373151786776353, 1549: 4.252984303721079, 1570: 11.20402382542948, 1596: 6.5379246960655735}]]" }, "geometry": { "type": "Point", "coordinates": [ 465259.835199999623001, 4988033.152200000360608 ] } },
{ "type": "Feature", "properties": { "OBJECTID": 17701, "POINT_X": 465261.0251000002, "POINT_Y": 4988208.4507999998, "Roads": [ [ 2910, 2911, 2953 ] ], "NeighboringIntersections": "[[{1569: 11.20402382542948, 1572: 9.650461541516371, 1592: 5.549699075190064}]]" }, "geometry": { "type": "Point", "coordinates": [ 465261.025100000202656, 4988208.450799999758601 ] } },
{ "type": "Feature", "properties": { "OBJECTID": 17703, "POINT_X": 465261.36359999981, "POINT_Y": 4989163.217, "Roads": [ [ 2912, 2913, 2920 ] ], "NeighboringIntersections": "[[{1542: 13.388378304979538, 1563: 13.236841679413146, 1576: 7.405754210433482}]]" }, "geometry": { "type": "Point", "coordinates": [ 465261.363599999807775, 4989163.217000000178814 ] } },
{ "type": "Feature", "properties": { "OBJECTID": 17705, "POINT_X": 465262.04980000015, "POINT_Y": 4988359.4357999992, "Roads": [ [ 2911, 2914, 2969 ] ], "NeighboringIntersections": "[[{1570: 9.650461541516371, 1573: 6.460855297584675}]]" }, "geometry": { "type": "Point", "coordinates": [ 465262.049800000153482, 4988359.435799999162555 ] } },
{ "type": "Feature", "properties": { "OBJECTID": 17709, "POINT_X": 465264.7484, "POINT_Y": 4988460.4889000002, "Roads": [ [ 2914, 2915, 3003 ] ], "NeighboringIntersections": "[[{1572: 6.460855297584675, 1574: 8.27286432015246, 1622: 19.67997590925382}]]" }, "geometry": { "type": "Point", "coordinates": [ 465264.748399999924004, 4988460.488900000229478 ] } },
{ "type": "Feature", "properties": { "OBJECTID": 17711, "POINT_X": 465266.39269999973, "POINT_Y": 4988589.919, "Roads": [ [ 2915, 2916, 2917 ] ], "NeighboringIntersections": "[[{1573: 8.27286432015246, 1506: 22.163177699002937, 1575: 17.07079339114266}]]" }, "geometry": { "type": "Point", "coordinates": [ 465266.392699999734759, 4988589.918999999761581 ] } },
{ "type": "Feature", "properties": { "OBJECTID": 17714, "POINT_X": 465267.1458000001, "POINT_Y": 4988857.0143999998, "Roads": [ [ 2917, 2918, 3004 ] ], "NeighboringIntersections": "[[{1574: 17.07079339114266, 1576: 12.178011633169934, 1622: 22.352862266168373}]]" }, "geometry": { "type": "Point", "coordinates": [ 465267.145800000056624, 4988857.014399999752641 ] } },
{ "type": "Feature", "properties": { "OBJECTID": 17715, "POINT_X": 465267.5064000003, "POINT_Y": 4989047.5560999997, "Roads": [ [ 2918, 2919, 2920 ] ], "NeighboringIntersections": "[[{1575: 12.178011633169934, 1527: 9.582186321696563, 1571: 7.405754210433482}]]" }, "geometry": { "type": "Point", "coordinates": [ 465267.506400000303984, 4989047.556099999696016 ] } },
{ "type": "Feature", "properties": { "OBJECTID": 17733, "POINT_X": 465281.03650000039, "POINT_Y": 4984732.7437999994, "Roads": [ [ 2921, 2922, 2926 ] ], "NeighboringIntersections": "[[{1522: 12.511223128817159, 1567: 4.121330520432686}]]" }, "geometry": { "type": "Point", "coordinates": [ 465281.036500000394881, 4984732.74379999935627 ] } },
{ "type": "Feature", "properties": { "OBJECTID": 17734, "POINT_X": 465282.249, "POINT_Y": 4984521.5285, "Roads": [ [ 2923, 2924, 2950, 2968 ] ], "NeighboringIntersections": "[[{1504: 18.89981069463783, 1590: 10.244726771172108, 1601: 7.087268391489766}]]" }, "geometry": { "type": "Point", "coordinates": [ 465282.248999999836087, 4984521.5285 ] } },
{ "type": "Feature", "properties": { "OBJECTID": 17758, "POINT_X": 465309.46140000038, "POINT_Y": 4990182.297, "Roads": [ [ 2779, 2928, 2929, 2976 ] ], "NeighboringIntersections": "[[{1497: 23.582344456470164, 1512: 16.6424670345391, 1584: 0.8523347618965111, 1607: 9.776304821357835}]]" }, "geometry": { "type": "Point", "coordinates": [ 465309.461400000378489, 4990182.29700000025332 ] } },
{ "type": "Feature", "properties": { "OBJECTID": 17759, "POINT_X": 465309.66349999979, "POINT_Y": 4986774.466, "Roads": [ [ 2927, 2930, 2931 ] ], "NeighboringIntersections": "[[{1544: 9.4372469694179, 1602: 11.328807424716398}]]" }, "geometry": { "type": "Point", "coordinates": [ 465309.663499999791384, 4986774.466 ] } },
{ "type": "Feature", "properties": { "OBJECTID": 17761, "POINT_X": 465310.15780000016, "POINT_Y": 4984823.6311000008, "Roads": [ [ 2932, 2933, 2980 ] ], "NeighboringIntersections": "[[{1533: 13.624626522603533, 1567: 4.062570616343827, 1609: 17.62181979654233}]]" }, "geometry": { "type": "Point", "coordinates": [ 465310.157800000160933, 4984823.631100000813603 ] } },
{ "type": "Feature", "properties": { "OBJECTID": 17767, "POINT_X": 465315.7456, "POINT_Y": 4987652.2149, "Roads": [ [ 2934, 2940, 2996 ] ], "NeighboringIntersections": "[[{1603: 17.200828484037327, 1585: 3.462384566055923, 1619: 9.400491404614893}]]" }, "geometry": { "type": "Point", "coordinates": [ 465315.745600000023842, 4987652.2149 ] } },
{ "type": "Feature", "properties": { "OBJECTID": 17770, "POINT_X": 465317.9392, "POINT_Y": 4987339.9054000005, "Roads": [ [ 2935, 2936, 2975 ] ], "NeighboringIntersections": "[[{1548: 8.471813041265817, 1606: 6.616442122800111}]]" }, "geometry": { "type": "Point", "coordinates": [ 465317.939199999906123, 4987339.9054000005126 ] } },
{ "type": "Feature", "properties": { "OBJECTID": 17772, "POINT_X": 465319.08849999961, "POINT_Y": 4990191.5255999994, "Roads": [ [ 2929, 2937, 2938, 2984 ] ], "NeighboringIntersections": "[[{1579: 0.8523347618965111, 1612: 10.266489843027855}]]" }, "geometry": { "type": "Point", "coordinates": [ 465319.088499999605119, 4990191.52559999935329 ] } },
{ "type": "Feature", "properties": { "OBJECTID": 17781, "POINT_X": 465324.0987, "POINT_Y": 4987598.7046000008, "Roads": [ [ 2939, 2940, 2951 ] ], "NeighboringIntersections": "[[{1551: 7.2431743270601965, 1582: 3.462384566055923, 1591: 8.805179089568503}]]" }, "geometry": { "type": "Point", "coordinates": [ 465324.098699999973178, 4987598.704600000753999 ] } },
{ "type": "Feature", "properties": { "OBJECTID": 17784, "POINT_X": 465325.81510000024, "POINT_Y": 4982732.1665000003, "Roads": [ [ 2941, 2961, 3062 ] ], "NeighboringIntersections": "[[{1540: 12.346779530044685, 1597: 2.8403942864715903, 1651: 16.485623008656717}]]" }, "geometry": { "type": "Point", "coordinates": [ 465325.815100000239909, 4982732.166500000283122 ] } },
{ "type": "Feature", "properties": { "OBJECTID": 17792, "POINT_X": 465332.2434, "POINT_Y": 4989577.9405000005, "Roads": [ [ 2942, 2943, 2998 ] ], "NeighboringIntersections": "[[{1566: 4.970202628200231, 1594: 10.040018708534332}]]" }, "geometry": { "type": "Point", "coordinates": [ 465332.243400000035763, 4989577.940500000491738 ] } },
{ "type": "Feature", "properties": { "OBJECTID": 17795, "POINT_X": 465333.76229999959, "POINT_Y": 4983866.8227999993, "Roads": [ [ 2944, 2945, 2989 ] ], "NeighboringIntersections": "[[{1553: 7.617073598054064, 1589: 22.005409029534245, 1615: 7.63540061518784}]]" }, "geometry": { "type": "Point", "coordinates": [ 465333.762299999594688, 4983866.822799999266863 ] } },
{ "type": "Feature", "properties": { "OBJECTID": 17801, "POINT_X": 465342.824, "POINT_Y": 4984211.0086000003, "Roads": [ [ 2945, 2948, 2949, 2994 ] ], "NeighboringIntersections": "[[{1588: 22.005409029534245, 1557: 7.620532038970198, 1590: 11.290737010261752, 1618: 7.575823437722044}]]" }, "geometry": { "type": "Point", "coordinates": [ 465342.824000000022352, 4984211.008600000292063 ] } },
{ "type": "Feature", "properties": { "OBJECTID": 17804, "POINT_X": 465344.97009999957, "POINT_Y": 4984387.6038000006, "Roads": [ [ 2949, 2950, 2982 ] ], "NeighboringIntersections": "[[{1589: 11.290737010261752, 1578: 10.244726771172108, 1610: 6.4954758522076865}]]" }, "geometry": { "type": "Point", "coordinates": [ 465344.970099999569356, 4984387.603800000622869 ] } },
{ "type": "Feature", "properties": { "OBJECTID": 17807, "POINT_X": 465346.5592, "POINT_Y": 4987465.4980999995, "Roads": [ [ 2951, 2952, 2991 ] ], "NeighboringIntersections": "[[{1585: 8.805179089568503, 1616: 7.35624006753585}]]" }, "geometry": { "type": "Point", "coordinates": [ 465346.559200000017881, 4987465.498099999502301 ] } },
{ "type": "Feature", "properties": { "OBJECTID": 17809, "POINT_X": 465347.833, "POINT_Y": 4988206.382, "Roads": [ [ 2947, 2953, 2985 ] ], "NeighboringIntersections": "[[{1570: 5.549699075190064, 1613: 6.49876347172014}]]" }, "geometry": { "type": "Point", "coordinates": [ 465347.832999999634922, 4988206.381999999284744 ] } },
{ "type": "Feature", "properties": { "OBJECTID": 17812, "POINT_X": 465349.55310000014, "POINT_Y": 4986576.8038999997, "Roads": [ [ 2954, 2955, 2956 ] ], "NeighboringIntersections": "[[{1550: 11.24227971536663, 1633: 22.643276282282336}]]" }, "geometry": { "type": "Point", "coordinates": [ 465349.553100000135601, 4986576.803899999707937 ] } },
{ "type": "Feature", "properties": { "OBJECTID": 17819, "POINT_X": 465352.626, "POINT_Y": 4989729.7928999998, "Roads": [ [ 2943, 2957, 2987 ] ], "NeighboringIntersections": "[[{1587: 10.040018708534332, 1614: 6.558531112816312}]]" }, "geometry": { "type": "Point", "coordinates": [ 465352.626000000163913, 4989729.792899999767542 ] } },
{ "type": "Feature", "properties": { "OBJECTID": 17823, "POINT_X": 465354.656, "POINT_Y": 4982491.2874999996, "Roads": [ [ 2958, 2974, 3047 ] ], "NeighboringIntersections": "[[{1562: 7.9813559377118235, 1605: 25.228391702593527, 1644: 17.356803555445705}]]" }, "geometry": { "type": "Point", "coordinates": [ 465354.656000000424683, 4982491.287499999627471 ] } },
{ "type": "Feature", "properties": { "OBJECTID": 17827, "POINT_X": 465358.89429999981, "POINT_Y": 4988018.0231999997, "Roads": [ [ 2946, 2959, 3006 ] ], "NeighboringIntersections": "[[{1569: 6.5379246960655735, 1623: 8.662704847981054}]]" }, "geometry": { "type": "Point", "coordinates": [ 465358.894299999810755, 4988018.023199999704957 ] } },
{ "type": "Feature", "properties": { "OBJECTID": 17830, "POINT_X": 465363.94489999954, "POINT_Y": 4982722.8296000008, "Roads": [ [ 2960, 2961, 2964, 3065 ] ], "NeighboringIntersections": "[[{1547: 13.415226853945542, 1586: 2.8403942864715903, 1599: 1.7342676643967496, 1654: 15.183151852251926}]]" }, "geometry": { "type": "Point", "coordinates": [ 465363.944899999536574, 4982722.829600000753999 ] } },
{ "type": "Feature", "properties": { "OBJECTID": 17843, "POINT_X": 465381.47339999955, "POINT_Y": 4981803.1522000004, "Roads": [ [ 2868, 2962, 2997 ] ], "NeighboringIntersections": "[[{1545: 28.40825339812425, 1554: 11.796657151289105}]]" }, "geometry": { "type": "Point", "coordinates": [ 465381.473399999551475, 4981803.152200000360608 ] } },
{ "type": "Feature", "properties": { "OBJECTID": 17846, "POINT_X": 465386.18290000036, "POINT_Y": 4982738.3224999998, "Roads": [ [ 2963, 2964, 3042 ] ], "NeighboringIntersections": "[[{1597: 1.7342676643967496, 1642: 13.937661904019688}]]" }, "geometry": { "type": "Point", "coordinates": [ 465386.182900000363588, 4982738.322499999776483 ] } },
{ "type": "Feature", "properties": { "OBJECTID": 17848, "POINT_X": 465386.8914000001, "POINT_Y": 4981946.0339000002, "Roads": [ [ 2965, 2966, 2967 ] ], "NeighboringIntersections": "[[{1561: 9.66509386096551, 1605: 11.940782756686378, 1653: 21.751482732113722}]]" }, "geometry": { "type": "Point", "coordinates": [ 465386.891400000080466, 4981946.033900000154972 ] } },
{ "type": "Feature", "properties": { "OBJECTID": 17850, "POINT_X": 465387.67740000039, "POINT_Y": 4984551.9971999992, "Roads": [ [ 2968, 2970, 2981 ] ], "NeighboringIntersections": "[[{1578: 7.087268391489766, 1609: 3.5376668142765837}]]" }, "geometry": { "type": "Point", "coordinates": [ 465387.677400000393391, 4984551.997199999168515 ] } },
{ "type": "Feature", "properties": { "OBJECTID": 17854, "POINT_X": 465393.1404, "POINT_Y": 4986927.8778000008, "Roads": [ [ 2931, 3025 ] ], "NeighboringIntersections": "[[{1580: 11.328807424716398, 1634: 35.819607503918235}]]" }, "geometry": { "type": "Point", "coordinates": [ 465393.140399999916553, 4986927.877800000831485 ] } },
{ "type": "Feature", "properties": { "OBJECTID": 17874, "POINT_X": 465416.30549999978, "POINT_Y": 4987831.2723999992, "Roads": [ [ 2934, 2971, 2972, 3038 ] ], "NeighboringIntersections": "[[{1582: 17.200828484037327, 1604: 4.380747835415834, 1640: 9.691594795565408}]]" }, "geometry": { "type": "Point", "coordinates": [ 465416.305499999783933, 4987831.272399999201298 ] } },
{ "type": "Feature", "properties": { "OBJECTID": 17875, "POINT_X": 465417.26620000042, "POINT_Y": 4987899.8085999992, "Roads": [ [ 2972, 2973, 3090 ] ], "NeighboringIntersections": "[[{1603: 4.380747835415834, 1568: 10.119731016208357, 1666: 15.332162675661127}]]" }, "geometry": { "type": "Point", "coordinates": [ 465417.266200000420213, 4987899.808599999174476 ] } },
{ "type": "Feature", "properties": { "OBJECTID": 17876, "POINT_X": 465419.5466, "POINT_Y": 4982127.0073000006, "Roads": [ [ 2966, 2974, 3064 ] ], "NeighboringIntersections": "[[{1600: 11.940782756686378, 1595: 25.228391702593527, 1653: 15.412444056441675}]]" }, "geometry": { "type": "Point", "coordinates": [ 465419.5466, 4982127.00730000063777 ] } },
{ "type": "Feature", "properties": { "OBJECTID": 17877, "POINT_X": 465421.45990000013, "POINT_Y": 4987339.144, "Roads": [ [ 2975, 3016, 3019 ] ], "NeighboringIntersections": "[[{1583: 6.616442122800111, 1629: 19.2170771345248, 1631: 6.133711020938565}]]" }, "geometry": { "type": "Point", "coordinates": [ 465421.45990000013262, 4987339.143999999389052 ] } },
{ "type": "Feature", "properties": { "OBJECTID": 17887, "POINT_X": 465429.70189999975, "POINT_Y": 4990055.5742000006, "Roads": [ [ 2976, 2978, 3001 ] ], "NeighboringIntersections": "[[{1579: 9.776304821357835, 1608: 4.392154801931821, 1621: 3.1747886076258127}]]" }, "geometry": { "type": "Point", "coordinates": [ 465429.701899999752641, 4990055.574200000613928 ] } },
{ "type": "Feature", "properties": { "OBJECTID": 17892, "POINT_X": 465435.55950000044, "POINT_Y": 4989993.1964999996, "Roads": [ [ 2840, 2978, 2979 ] ], "NeighboringIntersections": "[[{1529: 17.97237201249148, 1607: 4.392154801931821, 1621: 2.265745128686821}]]" }, "geometry": { "type": "Point", "coordinates": [ 465435.559500000439584, 4989993.19649999961257 ] } },
{ "type": "Feature", "properties": { "OBJECTID": 17893, "POINT_X": 465435.97510000039, "POINT_Y": 4984578.6642000005, "Roads": [ [ 2980, 2981, 3012 ] ], "NeighboringIntersections": "[[{1581: 17.62181979654233, 1601: 3.5376668142765837, 1626: 5.16776422631064}]]" }, "geometry": { "type": "Point", "coordinates": [ 465435.97510000038892, 4984578.664200000464916 ] } },
{ "type": "Feature", "properties": { "OBJECTID": 17895, "POINT_X": 465439.35149999987, "POINT_Y": 4984418.9177000001, "Roads": [ [ 2982, 2986, 3086 ] ], "NeighboringIntersections": "[[{1590: 6.4954758522076865, 1664: 17.203631031933593}]]" }, "geometry": { "type": "Point", "coordinates": [ 465439.35149999987334, 4984418.917700000107288 ] } },
{ "type": "Feature", "properties": { "OBJECTID": 17906, "POINT_X": 465443.36419999972, "POINT_Y": 4989981.3046000004, "Roads": [ [ 2853, 2983, 3020 ] ], "NeighboringIntersections": "[[{1536: 17.69375427747562, 1624: 2.528008796571338, 1632: 5.169573772422515}]]" }, "geometry": { "type": "Point", "coordinates": [ 465443.364199999719858, 4989981.30460000038147 ] } },
{ "type": "Feature", "properties": { "OBJECTID": 17911, "POINT_X": 465446.22510000039, "POINT_Y": 4990059.3677999992, "Roads": [ [ 2984, 3010, 3026 ] ], "NeighboringIntersections": "[[{1584: 10.266489843027855, 1625: 2.825821161394499, 1635: 6.128688134600742}]]" }, "geometry": { "type": "Point", "coordinates": [ 465446.22510000038892, 4990059.367799999192357 ] } },
{ "type": "Feature", "properties": { "OBJECTID": 17915, "POINT_X": 465448.96509999968, "POINT_Y": 4988216.4804999996, "Roads": [ [ 2985, 2993, 3029 ] ], "NeighboringIntersections": "[[{1592: 6.49876347172014, 1617: 8.612232391905684}]]" }, "geometry": { "type": "Point", "coordinates": [ 465448.965099999681115, 4988216.480499999597669 ] } },
{ "type": "Feature", "properties": { "OBJECTID": 17918, "POINT_X": 465452.31319999974, "POINT_Y": 4989749.9526000004, "Roads": [ [ 2987, 2988, 3051 ] ], "NeighboringIntersections": "[[{1594: 6.558531112816312, 1646: 7.590019019655536}]]" }, "geometry": { "type": "Point", "coordinates": [ 465452.31319999974221, 4989749.952600000426173 ] } },
{ "type": "Feature", "properties": { "OBJECTID": 17919, "POINT_X": 465453.15880000032, "POINT_Y": 4983862.7327999994, "Roads": [ [ 2989, 2990, 3032 ] ], "NeighboringIntersections": "[[{1588: 7.63540061518784, 1618: 22.04147845124271, 1638: 5.836729912937048}]]" }, "geometry": { "type": "Point", "coordinates": [ 465453.158800000324845, 4983862.732799999415874 ] } },
{ "type": "Feature", "properties": { "OBJECTID": 17927, "POINT_X": 465458.19930000044, "POINT_Y": 4987439.7208999991, "Roads": [ [ 2991, 2992, 3060 ] ], "NeighboringIntersections": "[[{1591: 7.35624006753585, 1650: 7.907186317036211}]]" }, "geometry": { "type": "Point", "coordinates": [ 465458.199300000444055, 4987439.720899999141693 ] } },
{ "type": "Feature", "properties": { "OBJECTID": 17934, "POINT_X": 465460.4972000001, "POINT_Y": 4988083.3531, "Roads": [ [ 2993, 3007, 3093 ] ], "NeighboringIntersections": "[[{1613: 8.612232391905684, 1623: 7.665813523970846, 1668: 13.50446979675185}]]" }, "geometry": { "type": "Point", "coordinates": [ 465460.497200000099838, 4988083.3531 ] } },
{ "type": "Feature", "properties": { "OBJECTID": 17938, "POINT_X": 465461.30659999978, "POINT_Y": 4984207.5058999993, "Roads": [ [ 2990, 2994, 2995 ] ], "NeighboringIntersections": "[[{1615: 22.04147845124271, 1589: 7.575823437722044, 1682: 18.617781006365647}]]" }, "geometry": { "type": "Point", "coordinates": [ 465461.306599999777973, 4984207.505899999290705 ] } },
{ "type": "Feature", "properties": { "OBJECTID": 17939, "POINT_X": 465461.48149999976, "POINT_Y": 4987642.785, "Roads": [ [ 2977, 2996, 3058 ] ], "NeighboringIntersections": "[[{1582: 9.400491404614893, 1649: 8.437938670414365}]]" }, "geometry": { "type": "Point", "coordinates": [ 465461.481499999761581, 4987642.785000000149012 ] } },
{ "type": "Feature", "properties": { "OBJECTID": 17948, "POINT_X": 465470.9781, "POINT_Y": 4981038.8674999997, "Roads": [ [ 2999, 3000, 3013 ] ], "NeighboringIntersections": "[[{1565: 15.503809057908715, 1627: 1.587137713281351}]]" }, "geometry": { "type": "Point", "coordinates": [ 465470.978099999949336, 4981038.867499999701977 ] } },
{ "type": "Feature", "properties": { "OBJECTID": 17949, "POINT_X": 465473.09939999972, "POINT_Y": 4990019.0463999994, "Roads": [ [ 2979, 3001, 3002, 3008 ] ], "NeighboringIntersections": "[[{1608: 2.265745128686821, 1607: 3.1747886076258127, 1625: 0.7487523434900695, 1624: 0.8366993613765787}]]" }, "geometry": { "type": "Point", "coordinates": [ 465473.099399999715388, 4990019.046399999409914 ] } },
{ "type": "Feature", "properties": { "OBJECTID": 17951, "POINT_X": 465475.31180000026, "POINT_Y": 4988658.379000001, "Roads": [ [ 3003, 3004, 3005, 3045 ] ], "NeighboringIntersections": "[[{1573: 19.67997590925382, 1575: 22.352862266168373}]]" }, "geometry": { "type": "Point", "coordinates": [ 465475.31180000025779, 4988658.379000000655651 ] } },
{ "type": "Feature", "properties": { "OBJECTID": 17957, "POINT_X": 465479.05680000037, "POINT_Y": 4987967.339, "Roads": [ [ 3006, 3007, 3034 ] ], "NeighboringIntersections": "[[{1596: 8.662704847981054, 1617: 7.665813523970846}]]" }, "geometry": { "type": "Point", "coordinates": [ 465479.056800000369549, 4987967.338999999687076 ] } },
{ "type": "Feature", "properties": { "OBJECTID": 17963, "POINT_X": 465485.18850000016, "POINT_Y": 4990010.2350999992, "Roads": [ [ 2983, 3008, 3009, 3021 ] ], "NeighboringIntersections": "[[{1611: 2.528008796571338, 1621: 0.8366993613765787, 1628: 0.7657476670448617, 1632: 2.3999118274580398}]]" }, "geometry": { "type": "Point", "coordinates": [ 465485.188500000163913, 4990010.23509999923408 ] } },
{ "type": "Feature", "properties": { "OBJECTID": 17967, "POINT_X": 465485.46690000035, "POINT_Y": 4990027.6443000007, "Roads": [ [ 3002, 3010, 3011, 3014 ] ], "NeighboringIntersections": "[[{1621: 0.7487523434900695, 1612: 2.825821161394499, 1635: 3.132200548904131, 1628: 0.8479111894557058}]]" }, "geometry": { "type": "Point", "coordinates": [ 465485.466900000348687, 4990027.644300000742078 ] } },
{ "type": "Feature", "properties": { "OBJECTID": 17975, "POINT_X": 465489.05840000045, "POINT_Y": 4984517.7085999995, "Roads": [ [ 3012, 3031, 3063 ] ], "NeighboringIntersections": "[[{1609: 5.16776422631064, 1637: 5.611792580343031, 1652: 10.327028545612166}]]" }, "geometry": { "type": "Point", "coordinates": [ 465489.058400000445545, 4984517.708599999547005 ] } },
{ "type": "Feature", "properties": { "OBJECTID": 17983, "POINT_X": 465493.62679999974, "POINT_Y": 4981049.0515000001, "Roads": [ [ 3013, 3037, 3107 ] ], "NeighboringIntersections": "[[{1620: 1.587137713281351, 1639: 23.704171997412143, 1675: 16.470167290247257}]]" }, "geometry": { "type": "Point", "coordinates": [ 465493.626799999736249, 4981049.0515 ] } },
{ "type": "Feature", "properties": { "OBJECTID": 17988, "POINT_X": 465497.88960000034, "POINT_Y": 4990018.9516000003, "Roads": [ [ 3009, 3014, 3015, 3040 ] ], "NeighboringIntersections": "[[{1624: 0.7657476670448617, 1625: 0.8479111894557058, 1636: 2.4667132165949766, 1641: 3.7663622547067486}]]" }, "geometry": { "type": "Point", "coordinates": [ 465497.889600000344217, 4990018.95160000026226 ] } },
{ "type": "Feature", "properties": { "OBJECTID": 18011, "POINT_X": 465510.59090000018, "POINT_Y": 4987128.2193, "Roads": [ [ 3016, 3017, 3082 ] ], "NeighboringIntersections": "[[{1606: 19.2170771345248, 1630: 6.642215014374347, 1662: 8.70864034685489}]]" }, "geometry": { "type": "Point", "coordinates": [ 465510.590900000184774, 4987128.2193 ] } },
{ "type": "Feature", "properties": { "OBJECTID": 18018, "POINT_X": 465516.64350000024, "POINT_Y": 4987231.8063999992, "Roads": [ [ 3017, 3018, 3046 ] ], "NeighboringIntersections": "[[{1629: 6.642215014374347, 1631: 6.815279189691686}]]" }, "geometry": { "type": "Point", "coordinates": [ 465516.643500000238419, 4987231.806399999186397 ] } },
{ "type": "Feature", "properties": { "OBJECTID": 18020, "POINT_X": 465517.42779999971, "POINT_Y": 4987338.4381000008, "Roads": [ [ 3018, 3019, 3055 ] ], "NeighboringIntersections": "[[{1630: 6.815279189691686, 1606: 6.133711020938565}]]" }, "geometry": { "type": "Point", "coordinates": [ 465517.427799999713898, 4987338.438100000843406 ] } },
{ "type": "Feature", "properties": { "OBJECTID": 18023, "POINT_X": 465521.6908, "POINT_Y": 4989987.7017000001, "Roads": [ [ 3020, 3021, 3142 ] ], "NeighboringIntersections": "[[{1611: 5.169573772422515, 1624: 2.3999118274580398, 1696: 16.083879833578195}]]" }, "geometry": { "type": "Point", "coordinates": [ 465521.690799999982119, 4989987.7017 ] } },
{ "type": "Feature", "properties": { "OBJECTID": 18031, "POINT_X": 465528.15710000042, "POINT_Y": 4986797.238, "Roads": [ [ 2956, 3022, 3023, 3074 ] ], "NeighboringIntersections": "[[{1593: 22.643276282282336, 1634: 7.1616742292656825, 1658: 7.31355173265789}]]" }, "geometry": { "type": "Point", "coordinates": [ 465528.157100000418723, 4986797.237999999895692 ] } },
{ "type": "Feature", "properties": { "OBJECTID": 18040, "POINT_X": 465535.1628, "POINT_Y": 4986903.2588, "Roads": [ [ 3023, 3025 ] ], "NeighboringIntersections": "[[{1633: 7.1616742292656825, 1602: 35.819607503918235}]]" }, "geometry": { "type": "Point", "coordinates": [ 465535.162800000049174, 4986903.2588 ] } },
{ "type": "Feature", "properties": { "OBJECTID": 18042, "POINT_X": 465537.39479999989, "POINT_Y": 4990063.3336999994, "Roads": [ [ 3011, 3026, 3027 ] ], "NeighboringIntersections": "[[{1625: 3.132200548904131, 1612: 6.128688134600742}]]" }, "geometry": { "type": "Point", "coordinates": [ 465537.394799999892712, 4990063.333699999377131 ] } },
{ "type": "Feature", "properties": { "OBJECTID": 18048, "POINT_X": 465538.8213, "POINT_Y": 4990047.0028000008, "Roads": [ [ 3015, 3028, 3041 ] ], "NeighboringIntersections": "[[{1628: 2.4667132165949766, 1641: 4.53305893884259}]]" }, "geometry": { "type": "Point", "coordinates": [ 465538.821299999952316, 4990047.002800000831485 ] } },
{ "type": "Feature", "properties": { "OBJECTID": 18053, "POINT_X": 465543.97, "POINT_Y": 4984584.8728, "Roads": [ [ 3030, 3031, 3076 ] ], "NeighboringIntersections": "[[{1626: 5.611792580343031, 1659: 6.727992296290138}]]" }, "geometry": { "type": "Point", "coordinates": [ 465543.96999999973923, 4984584.8728 ] } },
{ "type": "Feature", "properties": { "OBJECTID": 18054, "POINT_X": 465544.42559999973, "POINT_Y": 4983859.5064000003, "Roads": [ [ 3032, 3033, 3054, 3072 ] ], "NeighboringIntersections": "[[{1615: 5.836729912937048, 1660: 24.468108491430037, 1647: 6.713915264591683, 1657: 5.67212383530753}]]" }, "geometry": { "type": "Point", "coordinates": [ 465544.425599999725819, 4983859.506400000303984 ] } },
{ "type": "Feature", "properties": { "OBJECTID": 18063, "POINT_X": 465553.49330000021, "POINT_Y": 4980685.9207000006, "Roads": [ [ 3036, 3037, 3044 ] ], "NeighboringIntersections": "[[{1627: 23.704171997412143, 1643: 0.5813414449558832}]]" }, "geometry": { "type": "Point", "coordinates": [ 465553.493300000205636, 4980685.920700000599027 ] } },
{ "type": "Feature", "properties": { "OBJECTID": 18065, "POINT_X": 465555.42370000016, "POINT_Y": 4987788.1215000004, "Roads": [ [ 3024, 3038, 3039, 3088 ] ], "NeighboringIntersections": "[[{1603: 9.691594795565408, 1665: 7.027063586852843}]]" }, "geometry": { "type": "Point", "coordinates": [ 465555.423700000159442, 4987788.121500000357628 ] } },
{ "type": "Feature", "properties": { "OBJECTID": 18066, "POINT_X": 465556.208, "POINT_Y": 4989985.4401999991, "Roads": [ [ 3040, 3041, 3146 ] ], "NeighboringIntersections": "[[{1628: 3.7663622547067486, 1636: 4.53305893884259, 1698: 14.167765653526669}]]" }, "geometry": { "type": "Point", "coordinates": [ 465556.207999999634922, 4989985.440199999138713 ] } },
{ "type": "Feature", "properties": { "OBJECTID": 18072, "POINT_X": 465562.061, "POINT_Y": 4982853.3186000008, "Roads": [ [ 3035, 3042, 3057 ] ], "NeighboringIntersections": "[[{1599: 13.937661904019688, 1648: 0.9889210771648611}]]" }, "geometry": { "type": "Point", "coordinates": [ 465562.060999999754131, 4982853.318600000813603 ] } },
{ "type": "Feature", "properties": { "OBJECTID": 18073, "POINT_X": 465562.58629999962, "POINT_Y": 4980686.1503999997, "Roads": [ [ 3043, 3044, 3104 ] ], "NeighboringIntersections": "[[{1639: 0.5813414449558832, 1673: 7.664750246352246}]]" }, "geometry": { "type": "Point", "coordinates": [ 465562.58629999961704, 4980686.150399999693036 ] } },
{ "type": "Feature", "properties": { "OBJECTID": 18083, "POINT_X": 465569.22609999962, "POINT_Y": 4982406.039000001, "Roads": [ [ 3047, 3048, 3122 ] ], "NeighboringIntersections": "[[{1595: 17.356803555445705, 1651: 1.7525104213802742, 1685: 17.383889536592836}]]" }, "geometry": { "type": "Point", "coordinates": [ 465569.226099999621511, 4982406.039000000804663 ] } },
{ "type": "Feature", "properties": { "OBJECTID": 18085, "POINT_X": 465570.44859999977, "POINT_Y": 4983736.9022000004, "Roads": [ [ 3049, 3050, 3092 ] ], "NeighboringIntersections": "[[{1535: 29.304809741009315, 1647: 1.508102585263193, 1667: 6.231000451256121}]]" }, "geometry": { "type": "Point", "coordinates": [ 465570.448599999770522, 4983736.902200000360608 ] } },
{ "type": "Feature", "properties": { "OBJECTID": 18086, "POINT_X": 465570.74679999985, "POINT_Y": 4989751.8604000006, "Roads": [ [ 3051, 3052, 3111 ] ], "NeighboringIntersections": "[[{1614: 7.590019019655536, 1690: 19.18146077971062, 1678: 14.071150229270595}]]" }, "geometry": { "type": "Point", "coordinates": [ 465570.746799999848008, 4989751.860400000587106 ] } },
{ "type": "Feature", "properties": { "OBJECTID": 18087, "POINT_X": 465571.8284, "POINT_Y": 4983760.4201999996, "Roads": [ [ 3050, 3053, 3054 ] ], "NeighboringIntersections": "[[{1645: 1.508102585263193, 1532: 26.915188487192616, 1638: 6.713915264591683}]]" }, "geometry": { "type": "Point", "coordinates": [ 465571.8284, 4983760.420199999585748 ] } },
{ "type": "Feature", "properties": { "OBJECTID": 18097, "POINT_X": 465577.48269999959, "POINT_Y": 4982854.5781999994, "Roads": [ [ 3056, 3057, 3102 ] ], "NeighboringIntersections": "[[{1642: 0.9889210771648611, 1672: 6.725071803173346}]]" }, "geometry": { "type": "Point", "coordinates": [ 465577.482699999585748, 4982854.578199999406934 ] } },
{ "type": "Feature", "properties": { "OBJECTID": 18098, "POINT_X": 465577.93, "POINT_Y": 4987591.7166000009, "Roads": [ [ 3058, 3059, 3084 ] ], "NeighboringIntersections": "[[{1619: 8.437938670414365, 1663: 4.7018634573079146}]]" }, "geometry": { "type": "Point", "coordinates": [ 465577.929999999701977, 4987591.716600000858307 ] } },
{ "type": "Feature", "properties": { "OBJECTID": 18103, "POINT_X": 465581.60039999988, "POINT_Y": 4987440.0322999991, "Roads": [ [ 3060, 3061, 3080 ] ], "NeighboringIntersections": "[[{1616: 7.907186317036211, 1661: 4.059550193284766}]]" }, "geometry": { "type": "Point", "coordinates": [ 465581.600399999879301, 4987440.032299999147654 ] } },
{ "type": "Feature", "properties": { "OBJECTID": 18125, "POINT_X": 465589.5877, "POINT_Y": 4982424.4044000003, "Roads": [ [ 3048, 3062, 3066, 3158 ] ], "NeighboringIntersections": "[[{1644: 1.7525104213802742, 1586: 16.485623008656717, 1654: 1.483915315797391, 1705: 14.776403416161507}]]" }, "geometry": { "type": "Point", "coordinates": [ 465589.587700000032783, 4982424.404400000348687 ] } },
{ "type": "Feature", "properties": { "OBJECTID": 18142, "POINT_X": 465597.94429999962, "POINT_Y": 4984398.3911000006, "Roads": [ [ 3063, 3087, 3123 ] ], "NeighboringIntersections": "[[{1626: 10.327028545612166, 1664: 5.5442921895552075}]]" }, "geometry": { "type": "Point", "coordinates": [ 465597.944299999624491, 4984398.391100000590086 ] } },
{ "type": "Feature", "properties": { "OBJECTID": 18147, "POINT_X": 465604.97460000031, "POINT_Y": 4982126.2814000007, "Roads": [ [ 2967, 3064, 3098 ] ], "NeighboringIntersections": "[[{1600: 21.751482732113722, 1605: 15.412444056441675, 1670: 5.813777520764308}]]" }, "geometry": { "type": "Point", "coordinates": [ 465604.974600000306964, 4982126.281400000676513 ] } },
{ "type": "Feature", "properties": { "OBJECTID": 18150, "POINT_X": 465607.135, "POINT_Y": 4982439.6085000001, "Roads": [ [ 3065, 3066, 3070, 3165 ] ], "NeighboringIntersections": "[[{1597: 15.183151852251926, 1651: 1.483915315797391, 1656: 1.9636648180877803, 1709: 14.817710074072012}]]" }, "geometry": { "type": "Point", "coordinates": [ 465607.134999999776483, 4982439.6085 ] } },
{ "type": "Feature", "properties": { "OBJECTID": 18162, "POINT_X": 465615.3065, "POINT_Y": 4986430.7843999993, "Roads": [ [ 3067, 3115 ] ], "NeighboringIntersections": "[[{1680: 7.403643577172546}]]" }, "geometry": { "type": "Point", "coordinates": [ 465615.306499999947846, 4986430.784399999305606 ] } },
{ "type": "Feature", "properties": { "OBJECTID": 18175, "POINT_X": 465630.70040000044, "POINT_Y": 4982459.3227999993, "Roads": [ [ 3070, 3071, 3174 ] ], "NeighboringIntersections": "[[{1654: 1.9636648180877803, 1720: 29.515995622858632, 1715: 23.286308234575706}]]" }, "geometry": { "type": "Point", "coordinates": [ 465630.700400000438094, 4982459.322799999266863 ] } },
{ "type": "Feature", "properties": { "OBJECTID": 18177, "POINT_X": 465633.12349999975, "POINT_Y": 4983856.5155999996, "Roads": [ [ 3072, 3073, 3152 ] ], "NeighboringIntersections": "[[{1638: 5.67212383530753, 1702: 11.81723411582621}]]" }, "geometry": { "type": "Point", "coordinates": [ 465633.123499999754131, 4983856.515599999576807 ] } },
{ "type": "Feature", "properties": { "OBJECTID": 18179, "POINT_X": 465635.8646999998, "POINT_Y": 4986835.4794999994, "Roads": [ [ 3074, 3079, 3096 ] ], "NeighboringIntersections": "[[{1633: 7.31355173265789, 1669: 2.803283369164441}]]" }, "geometry": { "type": "Point", "coordinates": [ 465635.864699999801815, 4986835.479499999433756 ] } },
{ "type": "Feature", "properties": { "OBJECTID": 18183, "POINT_X": 465639.97190000024, "POINT_Y": 4984609.7675000001, "Roads": [ [ 3076, 3077, 3095 ] ], "NeighboringIntersections": "[[{1637: 6.727992296290138}]]" }, "geometry": { "type": "Point", "coordinates": [ 465639.971900000236928, 4984609.7675 ] } },
{ "type": "Feature", "properties": { "OBJECTID": 18187, "POINT_X": 465644.45359999966, "POINT_Y": 4984151.8915, "Roads": [ [ 3033, 3075, 3121 ] ], "NeighboringIntersections": "[[{1638: 24.468108491430037, 1684: 6.048107141640285}]]" }, "geometry": { "type": "Point", "coordinates": [ 465644.453599999658763, 4984151.8915 ] } },
{ "type": "Feature", "properties": { "OBJECTID": 18188, "POINT_X": 465645.11710000038, "POINT_Y": 4987439.7457999997, "Roads": [ [ 3080, 3081, 3083 ] ], "NeighboringIntersections": "[[{1650: 4.059550193284766, 1663: 9.673405544569949, 1662: 19.396744971604775}]]" }, "geometry": { "type": "Point", "coordinates": [ 465645.11710000038147, 4987439.745799999684095 ] } },
{ "type": "Feature", "properties": { "OBJECTID": 18190, "POINT_X": 465645.85979999974, "POINT_Y": 4987136.3498999998, "Roads": [ [ 3082, 3083, 3097, 3220 ] ], "NeighboringIntersections": "[[{1629: 8.70864034685489, 1661: 19.396744971604775, 1669: 17.991190380221838, 1738: 25.479337207312707}]]" }, "geometry": { "type": "Point", "coordinates": [ 465645.8597999997437, 4987136.349899999797344 ] } },
{ "type": "Feature", "properties": { "OBJECTID": 18192, "POINT_X": 465651.4934, "POINT_Y": 4987590.9652999993, "Roads": [ [ 3081, 3084, 3085, 3125 ] ], "NeighboringIntersections": "[[{1661: 9.673405544569949, 1649: 4.7018634573079146, 1665: 10.393773169968682, 1687: 7.487079449189866}]]" }, "geometry": { "type": "Point", "coordinates": [ 465651.493400000035763, 4987590.965299999341369 ] } },
{ "type": "Feature", "properties": { "OBJECTID": 18194, "POINT_X": 465653.391, "POINT_Y": 4984331.6799, "Roads": [ [ 3086, 3087, 3118 ] ], "NeighboringIntersections": "[[{1610: 17.203631031933593, 1652: 5.5442921895552075, 1682: 8.372849902529483}]]" }, "geometry": { "type": "Point", "coordinates": [ 465653.390999999828637, 4984331.67989999987185 ] } },
{ "type": "Feature", "properties": { "OBJECTID": 18196, "POINT_X": 465655.42679999955, "POINT_Y": 4987753.5394000001, "Roads": [ [ 3085, 3088, 3089 ] ], "NeighboringIntersections": "[[{1663: 10.393773169968682, 1640: 7.027063586852843, 1666: 9.122699165107859}]]" }, "geometry": { "type": "Point", "coordinates": [ 465655.426799999549985, 4987753.53940000012517 ] } },
{ "type": "Feature", "properties": { "OBJECTID": 18200, "POINT_X": 465657.1332, "POINT_Y": 4987896.2665999997, "Roads": [ [ 3089, 3090, 3091, 3156 ] ], "NeighboringIntersections": "[[{1665: 9.122699165107859, 1604: 15.332162675661127, 1668: 10.034880767420669, 1704: 10.664642375542721}]]" }, "geometry": { "type": "Point", "coordinates": [ 465657.133200000040233, 4987896.26659999974072 ] } },
{ "type": "Feature", "properties": { "OBJECTID": 18201, "POINT_X": 465657.514, "POINT_Y": 4983693.1038000006, "Roads": [ [ 3068, 3092, 3117 ] ], "NeighboringIntersections": "[[{1645: 6.231000451256121, 1681: 4.9917524352499365}]]" }, "geometry": { "type": "Point", "coordinates": [ 465657.514000000432134, 4983693.103800000622869 ] } },
{ "type": "Feature", "properties": { "OBJECTID": 18204, "POINT_X": 465658.41820000019, "POINT_Y": 4988053.2710999995, "Roads": [ [ 3091, 3093, 3094, 3154 ] ], "NeighboringIntersections": "[[{1666: 10.034880767420669, 1617: 13.50446979675185, 1671: 19.444650395931596, 1703: 12.552227587430513}]]" }, "geometry": { "type": "Point", "coordinates": [ 465658.418200000189245, 4988053.271099999547005 ] } },
{ "type": "Feature", "properties": { "OBJECTID": 18217, "POINT_X": 465673.52660000045, "POINT_Y": 4986857.9275000002, "Roads": [ [ 3096, 3097, 3113 ] ], "NeighboringIntersections": "[[{1658: 2.803283369164441, 1662: 17.991190380221838, 1679: 5.890410187733074}]]" }, "geometry": { "type": "Point", "coordinates": [ 465673.526600000448525, 4986857.927500000223517 ] } },
{ "type": "Feature", "properties": { "OBJECTID": 18223, "POINT_X": 465677.91909999959, "POINT_Y": 4982074.3498999998, "Roads": [ [ 3078, 3098, 3099 ] ], "NeighboringIntersections": "[[{1653: 5.813777520764308, 1685: 9.190594296852186}]]" }, "geometry": { "type": "Point", "coordinates": [ 465677.919099999591708, 4982074.349899999797344 ] } },
{ "type": "Feature", "properties": { "OBJECTID": 18227, "POINT_X": 465679.9901000001, "POINT_Y": 4988350.7636999991, "Roads": [ [ 3094, 3100, 3101 ] ], "NeighboringIntersections": "[[{1668: 19.444650395931596, 1676: 3.920129492304379}]]" }, "geometry": { "type": "Point", "coordinates": [ 465679.990100000053644, 4988350.763699999079108 ] } },
{ "type": "Feature", "properties": { "OBJECTID": 18233, "POINT_X": 465682.40230000019, "POINT_Y": 4982862.5625, "Roads": [ [ 3102, 3103, 3110 ] ], "NeighboringIntersections": "[[{1648: 6.725071803173346, 1677: 2.634930457968316}]]" }, "geometry": { "type": "Point", "coordinates": [ 465682.402300000190735, 4982862.5625 ] } },
{ "type": "Feature", "properties": { "OBJECTID": 18234, "POINT_X": 465682.5, "POINT_Y": 4980687.7776999995, "Roads": [ [ 3104, 3105, 3217 ] ], "NeighboringIntersections": "[[{1643: 7.664750246352246, 1737: 21.813791007474762}]]" }, "geometry": { "type": "Point", "coordinates": [ 465682.5, 4980687.777699999511242 ] } },
{ "type": "Feature", "properties": { "OBJECTID": 18240, "POINT_X": 465686.91139999963, "POINT_Y": 4990073.0606999993, "Roads": [ [ 3106, 3149, 3163 ] ], "NeighboringIntersections": "[[{1700: 8.772963001426517, 1708: 12.284495019684853}]]" }, "geometry": { "type": "Point", "coordinates": [ 465686.911399999633431, 4990073.060699999332428 ] } },
{ "type": "Feature", "properties": { "OBJECTID": 18266, "POINT_X": 465709.72620000038, "POINT_Y": 4981185.8306000009, "Roads": [ [ 3107, 3108, 3147, 3202 ] ], "NeighboringIntersections": "[[{1627: 16.470167290247257, 1699: 10.034539234687852}]]" }, "geometry": { "type": "Point", "coordinates": [ 465709.72620000038296, 4981185.830600000917912 ] } },
{ "type": "Feature", "properties": { "OBJECTID": 18270, "POINT_X": 465710.9737999998, "POINT_Y": 4988401.692, "Roads": [ [ 3101, 3109, 3263 ] ], "NeighboringIntersections": "[[{1671: 3.920129492304379, 1683: 16.255705515926472, 1762: 31.466988360470896}]]" }, "geometry": { "type": "Point", "coordinates": [ 465710.973799999803305, 4988401.691999999806285 ] } },
{ "type": "Feature", "properties": { "OBJECTID": 18292, "POINT_X": 465723.555, "POINT_Y": 4982864.7177000009, "Roads": [ [ 3110, 3171 ] ], "NeighboringIntersections": "[[{1672: 2.634930457968316, 1712: 35.80139965548417}]]" }, "geometry": { "type": "Point", "coordinates": [ 465723.554999999701977, 4982864.717700000852346 ] } },
{ "type": "Feature", "properties": { "OBJECTID": 18294, "POINT_X": 465726.1162, "POINT_Y": 4989724.9506000001, "Roads": [ [ 3111, 3112, 3134 ] ], "NeighboringIntersections": "[[{1646: 14.071150229270595, 1690: 7.180308904611697}]]" }, "geometry": { "type": "Point", "coordinates": [ 465726.116200000047684, 4989724.9506 ] } },
{ "type": "Feature", "properties": { "OBJECTID": 18296, "POINT_X": 465727.399, "POINT_Y": 4986783.1996999998, "Roads": [ [ 3113, 3114, 3141 ] ], "NeighboringIntersections": "[[{1669: 5.890410187733074, 1691: 10.389011168556197, 1695: 8.958902539169793}]]" }, "geometry": { "type": "Point", "coordinates": [ 465727.399000000208616, 4986783.199699999764562 ] } },
{ "type": "Feature", "properties": { "OBJECTID": 18297, "POINT_X": 465727.82359999977, "POINT_Y": 4986454.1248000003, "Roads": [ [ 3115, 3116, 3160 ] ], "NeighboringIntersections": "[[{1655: 7.403643577172546, 1706: 6.77303356068748}]]" }, "geometry": { "type": "Point", "coordinates": [ 465727.823599999770522, 4986454.124800000339746 ] } },
{ "type": "Feature", "properties": { "OBJECTID": 18299, "POINT_X": 465729.29760000017, "POINT_Y": 4983663.1755999997, "Roads": [ [ 3117, 3124, 3173 ] ], "NeighboringIntersections": "[[{1667: 4.9917524352499365, 1686: 7.937399220344026, 1714: 8.63077210821237}]]" }, "geometry": { "type": "Point", "coordinates": [ 465729.297600000165403, 4983663.175599999725819 ] } },
{ "type": "Feature", "properties": { "OBJECTID": 18305, "POINT_X": 465733.5915000001, "POINT_Y": 4984228.1162, "Roads": [ [ 2995, 3118, 3128 ] ], "NeighboringIntersections": "[[{1618: 18.617781006365647, 1664: 8.372849902529483, 1689: 4.483443117081357}]]" }, "geometry": { "type": "Point", "coordinates": [ 465733.591500000096858, 4984228.1162 ] } },
{ "type": "Feature", "properties": { "OBJECTID": 18308, "POINT_X": 465734.72869999986, "POINT_Y": 4988654.0468000006, "Roads": [ [ 3109, 3119, 3190 ] ], "NeighboringIntersections": "[[{1676: 16.255705515926472}]]" }, "geometry": { "type": "Point", "coordinates": [ 465734.728699999861419, 4988654.046800000593066 ] } },
{ "type": "Feature", "properties": { "OBJECTID": 18311, "POINT_X": 465738.9704, "POINT_Y": 4984148.35, "Roads": [ [ 3120, 3121, 3132 ] ], "NeighboringIntersections": "[[{1660: 6.048107141640285, 1692: 2.6960264250057406}]]" }, "geometry": { "type": "Point", "coordinates": [ 465738.9704, 4984148.349999999627471 ] } },
{ "type": "Feature", "properties": { "OBJECTID": 18317, "POINT_X": 465744.03809999954, "POINT_Y": 4982200.4712000005, "Roads": [ [ 3099, 3122, 3185 ] ], "NeighboringIntersections": "[[{1670: 9.190594296852186, 1644: 17.383889536592836, 1723: 17.524409020543814}]]" }, "geometry": { "type": "Point", "coordinates": [ 465744.038099999539554, 4982200.471200000494719 ] } },
{ "type": "Feature", "properties": { "OBJECTID": 18335, "POINT_X": 465755.55350000039, "POINT_Y": 4983542.8282999992, "Roads": [ [ 3069, 3124, 3150 ] ], "NeighboringIntersections": "[[{1681: 7.937399220344026, 1701: 3.9401209659063534}]]" }, "geometry": { "type": "Point", "coordinates": [ 465755.55350000038743, 4983542.828299999237061 ] } },
{ "type": "Feature", "properties": { "OBJECTID": 18339, "POINT_X": 465761.75069999974, "POINT_Y": 4987612.3142000008, "Roads": [ [ 3125, 3127, 3139 ] ], "NeighboringIntersections": "[[{1663: 7.487079449189866, 1688: 7.181044539525759}]]" }, "geometry": { "type": "Point", "coordinates": [ 465761.75069999974221, 4987612.314200000837445 ] } },
{ "type": "Feature", "properties": { "OBJECTID": 18344, "POINT_X": 465767.996, "POINT_Y": 4987721.7552000005, "Roads": [ [ 3126, 3127, 3138 ] ], "NeighboringIntersections": "[[{1687: 7.181044539525759, 1694: 5.314701746288702}]]" }, "geometry": { "type": "Point", "coordinates": [ 465767.996000000275671, 4987721.755200000479817 ] } },
{ "type": "Feature", "properties": { "OBJECTID": 18346, "POINT_X": 465770.6376, "POINT_Y": 4984168.5848999992, "Roads": [ [ 3128, 3133, 3188 ] ], "NeighboringIntersections": "[[{1682: 4.483443117081357, 1692: 1.4992167794437776, 1725: 10.555664986642226}]]" }, "geometry": { "type": "Point", "coordinates": [ 465770.637600000016391, 4984168.584899999201298 ] } },
{ "type": "Feature", "properties": { "OBJECTID": 18350, "POINT_X": 465772.7938000001, "POINT_Y": 4989826.7928999998, "Roads": [ [ 3052, 3112, 3129 ] ], "NeighboringIntersections": "[[{1646: 19.18146077971062, 1678: 7.180308904611697, 1696: 4.6295402212256445}]]" }, "geometry": { "type": "Point", "coordinates": [ 465772.793800000101328, 4989826.792899999767542 ] } },
{ "type": "Feature", "properties": { "OBJECTID": 18352, "POINT_X": 465774.34439999983, "POINT_Y": 4986931.8615000006, "Roads": [ [ 3114, 3130, 3131 ] ], "NeighboringIntersections": "[[{1679: 10.389011168556197, 1717: 10.646230763245875}]]" }, "geometry": { "type": "Point", "coordinates": [ 465774.344399999827147, 4986931.861500000581145 ] } },
{ "type": "Feature", "properties": { "OBJECTID": 18357, "POINT_X": 465779.94319999963, "POINT_Y": 4984147.0523000006, "Roads": [ [ 3132, 3133, 3162 ] ], "NeighboringIntersections": "[[{1684: 2.6960264250057406, 1689: 1.4992167794437776, 1707: 8.854257874846683}]]" }, "geometry": { "type": "Point", "coordinates": [ 465779.943199999630451, 4984147.052300000563264 ] } },
{ "type": "Feature", "properties": { "OBJECTID": 18364, "POINT_X": 465786.0242999997, "POINT_Y": 4987980.4535000008, "Roads": [ [ 3135, 3136, 3157 ] ], "NeighboringIntersections": "[[{1703: 12.892079836363244, 1704: 5.167414905133346}]]" }, "geometry": { "type": "Point", "coordinates": [ 465786.024299999698997, 4987980.453500000759959 ] } },
{ "type": "Feature", "properties": { "OBJECTID": 18367, "POINT_X": 465787.66930000018, "POINT_Y": 4987800.4633000009, "Roads": [ [ 3137, 3138, 3167 ] ], "NeighboringIntersections": "[[{1688: 5.314701746288702, 1710: 4.530161575443992}]]" }, "geometry": { "type": "Point", "coordinates": [ 465787.669300000183284, 4987800.463300000876188 ] } },
{ "type": "Feature", "properties": { "OBJECTID": 18371, "POINT_X": 465792.94809999969, "POINT_Y": 4986661.2532000002, "Roads": [ [ 3140, 3141, 3145, 3493 ] ], "NeighboringIntersections": "[[{1489: 46.02244504079496, 1679: 8.958902539169793, 1697: 0.8464965853667212, 1882: 53.174210290926794}]]" }, "geometry": { "type": "Point", "coordinates": [ 465792.948099999688566, 4986661.253200000151992 ] } },
{ "type": "Feature", "properties": { "OBJECTID": 18373, "POINT_X": 465793.67609999981, "POINT_Y": 4989896.1532000005, "Roads": [ [ 3129, 3142, 3143, 3186 ] ], "NeighboringIntersections": "[[{1690: 4.6295402212256445, 1632: 16.083879833578195, 1698: 0.8776466708234022, 1724: 8.93654868679643}]]" }, "geometry": { "type": "Point", "coordinates": [ 465793.676099999807775, 4989896.153200000524521 ] } },
{ "type": "Feature", "properties": { "OBJECTID": 18380, "POINT_X": 465796.54910000041, "POINT_Y": 4986648.5075000003, "Roads": [ [ 3144, 3145, 3161, 3496 ] ], "NeighboringIntersections": "[[{1490: 45.96502888705995, 1695: 0.8464965853667212, 1706: 13.830494778300514, 1884: 53.02220187165935}]]" }, "geometry": { "type": "Point", "coordinates": [ 465796.549100000411272, 4986648.507500000298023 ] } },
{ "type": "Feature", "properties": { "OBJECTID": 18382, "POINT_X": 465797.64879999962, "POINT_Y": 4989909.298, "Roads": [ [ 3143, 3146, 3194 ] ], "NeighboringIntersections": "[[{1696: 0.8776466708234022, 1641: 14.167765653526669, 1727: 9.185057707325637}]]" }, "geometry": { "type": "Point", "coordinates": [ 465797.64879999961704, 4989909.298000000417233 ] } },
{ "type": "Feature", "properties": { "OBJECTID": 18390, "POINT_X": 465803.14719999954, "POINT_Y": 4981310.4124999996, "Roads": [ [ 3147, 3148, 3313 ] ], "NeighboringIntersections": "[[{1675: 10.034539234687852, 1789: 33.77325719916829}]]" }, "geometry": { "type": "Point", "coordinates": [ 465803.147199999541044, 4981310.412499999627471 ] } },
{ "type": "Feature", "properties": { "OBJECTID": 18393, "POINT_X": 465804.01659999974, "POINT_Y": 4990143.9203999992, "Roads": [ [ 3149, 3164, 3211 ] ], "NeighboringIntersections": "[[{1674: 8.772963001426517, 1708: 12.213443677613107, 1735: 13.225526339436867}]]" }, "geometry": { "type": "Point", "coordinates": [ 465804.01659999974072, 4990143.920399999246001 ] } },
{ "type": "Feature", "properties": { "OBJECTID": 18411, "POINT_X": 465815.1409, "POINT_Y": 4983540.9957999997, "Roads": [ [ 3150, 3151, 3192 ] ], "NeighboringIntersections": "[[{1686: 3.9401209659063534, 1716: 6.996789870203007, 1726: 11.383359920892572}]]" }, "geometry": { "type": "Point", "coordinates": [ 465815.1409, 4983540.995799999684095 ] } },
{ "type": "Feature", "properties": { "OBJECTID": 18420, "POINT_X": 465817.91029999964, "POINT_Y": 4983850.1279000007, "Roads": [ [ 3152, 3153, 3195 ] ], "NeighboringIntersections": "[[{1657: 11.81723411582621, 1713: 9.838765115816406, 1728: 8.111981268369714}]]" }, "geometry": { "type": "Point", "coordinates": [ 465817.910299999639392, 4983850.127900000661612 ] } },
{ "type": "Feature", "properties": { "OBJECTID": 18424, "POINT_X": 465820.0, "POINT_Y": 4988140.9552999996, "Roads": [ [ 3136, 3154, 3155 ] ], "NeighboringIntersections": "[[{1693: 12.892079836363244, 1668: 12.552227587430513}]]" }, "geometry": { "type": "Point", "coordinates": [ 465820.0, 4988140.955299999564886 ] } },
{ "type": "Feature", "properties": { "OBJECTID": 18426, "POINT_X": 465821.99060000014, "POINT_Y": 4987908.2464000005, "Roads": [ [ 3156, 3157, 3168, 3178 ] ], "NeighboringIntersections": "[[{1666: 10.664642375542721, 1693: 5.167414905133346, 1710: 5.318081444438363, 1718: 6.070048520713373}]]" }, "geometry": { "type": "Point", "coordinates": [ 465821.990600000135601, 4987908.246400000527501 ] } },
{ "type": "Feature", "properties": { "OBJECTID": 18431, "POINT_X": 465826.79949999973, "POINT_Y": 4982149.2254000008, "Roads": [ [ 3158, 3159, 3248 ] ], "NeighboringIntersections": "[[{1651: 14.776403416161507, 1709: 1.4611320472581701, 1753: 13.986541502996847}]]" }, "geometry": { "type": "Point", "coordinates": [ 465826.799499999731779, 4982149.225400000810623 ] } },
{ "type": "Feature", "properties": { "OBJECTID": 18437, "POINT_X": 465830.9676000001, "POINT_Y": 4986436.6506999992, "Roads": [ [ 3160, 3161, 3170 ] ], "NeighboringIntersections": "[[{1680: 6.77303356068748, 1697: 13.830494778300514, 1711: 10.578524628579068}]]" }, "geometry": { "type": "Point", "coordinates": [ 465830.967600000090897, 4986436.650699999183416 ] } },
{ "type": "Feature", "properties": { "OBJECTID": 18447, "POINT_X": 465835.73929999955, "POINT_Y": 4984020.2877999991, "Roads": [ [ 3162, 3172, 3222 ] ], "NeighboringIntersections": "[[{1692: 8.854257874846683, 1713: 2.7047666694275714, 1739: 15.627487469213582}]]" }, "geometry": { "type": "Point", "coordinates": [ 465835.739299999549985, 4984020.287799999117851 ] } },
{ "type": "Feature", "properties": { "OBJECTID": 18448, "POINT_X": 465836.63439999986, "POINT_Y": 4989966.4113999996, "Roads": [ [ 3163, 3164, 3180 ] ], "NeighboringIntersections": "[[{1674: 12.284495019684853, 1700: 12.213443677613107, 1719: 5.029792158275377}]]" }, "geometry": { "type": "Point", "coordinates": [ 465836.634399999864399, 4989966.411399999633431 ] } },
{ "type": "Feature", "properties": { "OBJECTID": 18455, "POINT_X": 465844.72470000014, "POINT_Y": 4982163.4145999998, "Roads": [ [ 3159, 3165, 3166, 3250 ] ], "NeighboringIntersections": "[[{1705: 1.4611320472581701, 1654: 14.817710074072012, 1715: 1.728614207910878, 1754: 13.119741164346808}]]" }, "geometry": { "type": "Point", "coordinates": [ 465844.724700000137091, 4982163.414599999785423 ] } },
{ "type": "Feature", "properties": { "OBJECTID": 18463, "POINT_X": 465850.96920000017, "POINT_Y": 4987830.2685000002, "Roads": [ [ 3167, 3168, 3198 ] ], "NeighboringIntersections": "[[{1694: 4.530161575443992, 1704: 5.318081444438363}]]" }, "geometry": { "type": "Point", "coordinates": [ 465850.969200000166893, 4987830.268500000238419 ] } },
{ "type": "Feature", "properties": { "OBJECTID": 18465, "POINT_X": 465851.4408, "POINT_Y": 4986273.0238000005, "Roads": [ [ 3169, 3170, 3208, 3260 ] ], "NeighboringIntersections": "[[{1706: 10.578524628579068, 1734: 9.764119567638014, 1760: 23.111470367954972}]]" }, "geometry": { "type": "Point", "coordinates": [ 465851.440799999982119, 4986273.023800000548363 ] } },
{ "type": "Feature", "properties": { "OBJECTID": 18469, "POINT_X": 465853.73010000028, "POINT_Y": 4982863.0527999997, "Roads": [ [ 3171, 3204 ] ], "NeighboringIntersections": "[[{1677: 35.80139965548417, 1732: 8.026239907059217}]]" }, "geometry": { "type": "Point", "coordinates": [ 465853.730100000277162, 4982863.052799999713898 ] } },
{ "type": "Feature", "properties": { "OBJECTID": 18475, "POINT_X": 465856.6721000001, "POINT_Y": 4983983.5157999992, "Roads": [ [ 3153, 3172, 3196 ] ], "NeighboringIntersections": "[[{1702: 9.838765115816406, 1707: 2.7047666694275714, 1728: 9.239070992752922}]]" }, "geometry": { "type": "Point", "coordinates": [ 465856.672100000083447, 4983983.515799999237061 ] } },
{ "type": "Feature", "properties": { "OBJECTID": 18481, "POINT_X": 465861.1563, "POINT_Y": 4983677.9305000007, "Roads": [ [ 3173, 3176, 3182 ] ], "NeighboringIntersections": "[[{1681: 8.63077210821237, 1716: 3.833669102133058, 1721: 3.609313885444419}]]" }, "geometry": { "type": "Point", "coordinates": [ 465861.156299999915063, 4983677.930500000715256 ] } },
{ "type": "Feature", "properties": { "OBJECTID": 18495, "POINT_X": 465865.49579999968, "POINT_Y": 4982180.7374000009, "Roads": [ [ 3166, 3174, 3175 ] ], "NeighboringIntersections": "[[{1709: 1.728614207910878, 1656: 23.286308234575706, 1720: 23.20671503198558}]]" }, "geometry": { "type": "Point", "coordinates": [ 465865.495799999684095, 4982180.737400000914931 ] } },
{ "type": "Feature", "properties": { "OBJECTID": 18501, "POINT_X": 465867.6903, "POINT_Y": 4983618.9453999996, "Roads": [ [ 3151, 3176, 3193 ] ], "NeighboringIntersections": "[[{1701: 6.996789870203007, 1714: 3.833669102133058, 1726: 11.341558605190386}]]" }, "geometry": { "type": "Point", "coordinates": [ 465867.690299999900162, 4983618.94539999961853 ] } },
{ "type": "Feature", "properties": { "OBJECTID": 18514, "POINT_X": 465876.15249999985, "POINT_Y": 4987018.8517000005, "Roads": [ [ 3131, 3177, 3203 ] ], "NeighboringIntersections": "[[{1691: 10.646230763245875, 1731: 6.726610275703611}]]" }, "geometry": { "type": "Point", "coordinates": [ 465876.152499999850988, 4987018.851700000464916 ] } },
{ "type": "Feature", "properties": { "OBJECTID": 18540, "POINT_X": 465892.69230000023, "POINT_Y": 4987969.5736999996, "Roads": [ [ 3178, 3183, 3189 ] ], "NeighboringIntersections": "[[{1704: 6.070048520713373, 1722: 5.669272712480318}]]" }, "geometry": { "type": "Point", "coordinates": [ 465892.692300000227988, 4987969.573699999600649 ] } },
{ "type": "Feature", "properties": { "OBJECTID": 18560, "POINT_X": 465908.57909999974, "POINT_Y": 4989935.4702000003, "Roads": [ [ 3180, 3209, 3238 ] ], "NeighboringIntersections": "[[{1708: 5.029792158275377, 1747: 12.049234858773152}]]" }, "geometry": { "type": "Point", "coordinates": [ 465908.57909999974072, 4989935.470200000330806 ] } },
{ "type": "Feature", "properties": { "OBJECTID": 18565, "POINT_X": 465913.97730000038, "POINT_Y": 4982411.6169000007, "Roads": [ [ 3071, 3175, 3181 ] ], "NeighboringIntersections": "[[{1656: 29.515995622858632, 1715: 23.20671503198558, 1751: 11.535351737568709}]]" }, "geometry": { "type": "Point", "coordinates": [ 465913.977300000376999, 4982411.616900000721216 ] } },
{ "type": "Feature", "properties": { "OBJECTID": 18568, "POINT_X": 465917.247, "POINT_Y": 4983672.1274999995, "Roads": [ [ 3182, 3201 ] ], "NeighboringIntersections": "[[{1714: 3.609313885444419, 1730: 11.337160823389008}]]" }, "geometry": { "type": "Point", "coordinates": [ 465917.247000000439584, 4983672.127499999478459 ] } },
{ "type": "Feature", "properties": { "OBJECTID": 18569, "POINT_X": 465917.8904, "POINT_Y": 4988053.5473999996, "Roads": [ [ 3183, 3200, 3254 ] ], "NeighboringIntersections": "[[{1718: 5.669272712480318, 1729: 7.19795960116134, 1756: 12.035563455166967}]]" }, "geometry": { "type": "Point", "coordinates": [ 465917.890399999916553, 4988053.547399999573827 ] } },
{ "type": "Feature", "properties": { "OBJECTID": 18576, "POINT_X": 465923.1978000002, "POINT_Y": 4981994.1596000008, "Roads": [ [ 3184, 3185, 3243 ] ], "NeighboringIntersections": "[[{1685: 17.524409020543814, 1750: 12.016060134710404}]]" }, "geometry": { "type": "Point", "coordinates": [ 465923.197800000198185, 4981994.159600000828505 ] } },
{ "type": "Feature", "properties": { "OBJECTID": 18586, "POINT_X": 465931.8646, "POINT_Y": 4989818.6426, "Roads": [ [ 3179, 3186, 3187, 3298 ] ], "NeighboringIntersections": "[[{1696: 8.93654868679643, 1727: 0.8777363068327922, 1781: 22.015094120266497}]]" }, "geometry": { "type": "Point", "coordinates": [ 465931.864599999971688, 4989818.6426 ] } },
{ "type": "Feature", "properties": { "OBJECTID": 18588, "POINT_X": 465934.7972, "POINT_Y": 4984170.7697000001, "Roads": [ [ 3188, 3214, 3325 ] ], "NeighboringIntersections": "[[{1689: 10.555664986642226, 1795: 24.03148551477423}]]" }, "geometry": { "type": "Point", "coordinates": [ 465934.797199999913573, 4984170.7697 ] } },
{ "type": "Feature", "properties": { "OBJECTID": 18589, "POINT_X": 465938.89869999979, "POINT_Y": 4983456.4298, "Roads": [ [ 3191, 3192, 3193, 3206 ] ], "NeighboringIntersections": "[[{1701: 11.383359920892572, 1716: 11.341558605190386, 1733: 3.4198385139979806}]]" }, "geometry": { "type": "Point", "coordinates": [ 465938.898699999786913, 4983456.4298 ] } },
{ "type": "Feature", "properties": { "OBJECTID": 18591, "POINT_X": 465939.79470000044, "POINT_Y": 4989829.8551000003, "Roads": [ [ 3187, 3194, 3223 ] ], "NeighboringIntersections": "[[{1724: 0.8777363068327922, 1698: 9.185057707325637, 1740: 7.26575762105841}]]" }, "geometry": { "type": "Point", "coordinates": [ 465939.794700000435114, 4989829.855100000277162 ] } },
{ "type": "Feature", "properties": { "OBJECTID": 18594, "POINT_X": 465941.81, "POINT_Y": 4983866.7796, "Roads": [ [ 3195, 3196, 3232, 3309 ] ], "NeighboringIntersections": "[[{1702: 8.111981268369714, 1713: 9.239070992752922, 1744: 28.827655245091275, 1787: 25.681733379214155}]]" }, "geometry": { "type": "Point", "coordinates": [ 465941.809999999590218, 4983866.7796 ] } },
{ "type": "Feature", "properties": { "OBJECTID": 18616, "POINT_X": 465959.05449999962, "POINT_Y": 4988156.0331999995, "Roads": [ [ 3199, 3200, 3215, 3219 ] ], "NeighboringIntersections": "[[{1722: 7.19795960116134, 1736: 5.000393156391891}]]" }, "geometry": { "type": "Point", "coordinates": [ 465959.05449999962002, 4988156.03319999948144 ] } },
{ "type": "Feature", "properties": { "OBJECTID": 18618, "POINT_X": 465961.08519999962, "POINT_Y": 4983643.3034000006, "Roads": [ [ 3201, 3207 ] ], "NeighboringIntersections": "[[{1721: 11.337160823389008, 1733: 12.21800514008864}]]" }, "geometry": { "type": "Point", "coordinates": [ 465961.085199999623001, 4983643.303400000557303 ] } },
{ "type": "Feature", "properties": { "OBJECTID": 18632, "POINT_X": 465974.09949999955, "POINT_Y": 4987004.208000001, "Roads": [ [ 3203, 3210, 3230 ] ], "NeighboringIntersections": "[[{1717: 6.726610275703611, 1743: 10.186749817218514}]]" }, "geometry": { "type": "Point", "coordinates": [ 465974.099499999545515, 4987004.208000000566244 ] } },
{ "type": "Feature", "properties": { "OBJECTID": 18636, "POINT_X": 465977.83339999989, "POINT_Y": 4982875.3923000004, "Roads": [ [ 3204, 3205, 3226 ] ], "NeighboringIntersections": "[[{1712: 8.026239907059217, 1742: 5.569496652179116}]]" }, "geometry": { "type": "Point", "coordinates": [ 465977.833399999886751, 4982875.392300000414252 ] } },
{ "type": "Feature", "properties": { "OBJECTID": 18655, "POINT_X": 465992.3816, "POINT_Y": 4983454.7858000007, "Roads": [ [ 3206, 3207, 3233 ] ], "NeighboringIntersections": "[[{1726: 3.4198385139979806, 1730: 12.21800514008864, 1744: 4.436810575882879}]]" }, "geometry": { "type": "Point", "coordinates": [ 465992.381599999964237, 4983454.785800000652671 ] } },
{ "type": "Feature", "properties": { "OBJECTID": 18659, "POINT_X": 465995.48110000044, "POINT_Y": 4986322.9408, "Roads": [ [ 3208, 3213, 3239 ] ], "NeighboringIntersections": "[[{1711: 9.764119567638014, 1748: 5.500121362136941}]]" }, "geometry": { "type": "Point", "coordinates": [ 465995.481100000441074, 4986322.9408 ] } },
{ "type": "Feature", "properties": { "OBJECTID": 18681, "POINT_X": 466007.9963999996, "POINT_Y": 4990167.2708000001, "Roads": [ [ 3197, 3211, 3212, 3236 ] ], "NeighboringIntersections": "[[{1700: 13.225526339436867, 1746: 3.829953693374293}]]" }, "geometry": { "type": "Point", "coordinates": [ 466007.996399999596179, 4990167.2708 ] } },
{ "type": "Feature", "properties": { "OBJECTID": 18705, "POINT_X": 466022.99660000019, "POINT_Y": 4988199.6752000004, "Roads": [ [ 3215, 3216, 3256 ] ], "NeighboringIntersections": "[[{1729: 5.000393156391891, 1757: 5.44288082697106}]]" }, "geometry": { "type": "Point", "coordinates": [ 466022.996600000187755, 4988199.675200000405312 ] } },
{ "type": "Feature", "properties": { "OBJECTID": 18708, "POINT_X": 466023.79339999985, "POINT_Y": 4980690.4112999998, "Roads": [ [ 3217, 3218, 3271 ] ], "NeighboringIntersections": "[[{1673: 21.813791007474762, 1766: 8.535911351754468}]]" }, "geometry": { "type": "Point", "coordinates": [ 466023.793399999849498, 4980690.411299999803305 ] } },
{ "type": "Feature", "properties": { "OBJECTID": 18718, "POINT_X": 466030.02390000038, "POINT_Y": 4987178.8156000003, "Roads": [ [ 3220, 3221, 3253 ] ], "NeighboringIntersections": "[[{1662: 25.479337207312707, 1767: 24.938300641235802, 1755: 4.742212292894155}]]" }, "geometry": { "type": "Point", "coordinates": [ 466030.023900000378489, 4987178.815600000321865 ] } },
{ "type": "Feature", "properties": { "OBJECTID": 18731, "POINT_X": 466041.89240000024, "POINT_Y": 4983986.4200999998, "Roads": [ [ 3222, 3228, 3310 ] ], "NeighboringIntersections": "[[{1707: 15.627487469213582, 1787: 17.874117773705592}]]" }, "geometry": { "type": "Point", "coordinates": [ 466041.892400000244379, 4983986.420099999755621 ] } },
{ "type": "Feature", "properties": { "OBJECTID": 18733, "POINT_X": 466043.02020000014, "POINT_Y": 4989750.962, "Roads": [ [ 3223, 3234, 3241 ] ], "NeighboringIntersections": "[[{1727: 7.26575762105841, 1745: 1.7362406897856226, 1749: 1.98598481290324}]]" }, "geometry": { "type": "Point", "coordinates": [ 466043.020200000144541, 4989750.96199999935925 ] } },
{ "type": "Feature", "properties": { "OBJECTID": 18741, "POINT_X": 466050.1054999996, "POINT_Y": 4986488.569, "Roads": [ [ 3224, 3225, 3240 ] ], "NeighboringIntersections": "[[{1768: 12.346856591950255, 1748: 8.898061088493096}]]" }, "geometry": { "type": "Point", "coordinates": [ 466050.105499999597669, 4986488.56900000013411 ] } },
{ "type": "Feature", "properties": { "OBJECTID": 18752, "POINT_X": 466056.22510000039, "POINT_Y": 4982913.3136, "Roads": [ [ 3226, 3227, 3259, 3268 ] ], "NeighboringIntersections": "[[{1732: 5.569496652179116, 1759: 5.151946384319087}]]" }, "geometry": { "type": "Point", "coordinates": [ 466056.22510000038892, 4982913.3136 ] } },
{ "type": "Feature", "properties": { "OBJECTID": 18765, "POINT_X": 466059.79690000042, "POINT_Y": 4986908.2238999996, "Roads": [ [ 3229, 3230, 3287 ] ], "NeighboringIntersections": "[[{1731: 10.186749817218514, 1775: 13.507213396621076}]]" }, "geometry": { "type": "Point", "coordinates": [ 466059.796900000423193, 4986908.223899999633431 ] } },
{ "type": "Feature", "properties": { "OBJECTID": 18773, "POINT_X": 466061.6793, "POINT_Y": 4983450.8940999992, "Roads": [ [ 3232, 3233, 3265 ] ], "NeighboringIntersections": "[[{1728: 28.827655245091275, 1733: 4.436810575882879, 1763: 35.142569350007406}]]" }, "geometry": { "type": "Point", "coordinates": [ 466061.679299999959767, 4983450.894099999219179 ] } },
{ "type": "Feature", "properties": { "OBJECTID": 18783, "POINT_X": 466064.86259999964, "POINT_Y": 4989765.7083000001, "Roads": [ [ 3234, 3235, 3242 ] ], "NeighboringIntersections": "[[{1740: 1.7362406897856226, 1747: 4.53002347870275, 1749: 2.609574983486403}]]" }, "geometry": { "type": "Point", "coordinates": [ 466064.862599999643862, 4989765.7083 ] } },
{ "type": "Feature", "properties": { "OBJECTID": 18789, "POINT_X": 466067.628, "POINT_Y": 4990162.7908999994, "Roads": [ [ 3231, 3236, 3237, 3286 ] ], "NeighboringIntersections": "[[{1735: 3.829953693374293, 1774: 7.901680026201498}]]" }, "geometry": { "type": "Point", "coordinates": [ 466067.627999999560416, 4990162.790899999439716 ] } },
{ "type": "Feature", "properties": { "OBJECTID": 18795, "POINT_X": 466069.52159999963, "POINT_Y": 4989846.4452999998, "Roads": [ [ 3235, 3238, 3270 ] ], "NeighboringIntersections": "[[{1745: 4.53002347870275, 1719: 12.049234858773152, 1765: 5.039204748961311}]]" }, "geometry": { "type": "Point", "coordinates": [ 466069.521599999628961, 4989846.445299999788404 ] } },
{ "type": "Feature", "properties": { "OBJECTID": 18802, "POINT_X": 466073.8163000001, "POINT_Y": 4986358.4295000006, "Roads": [ [ 3239, 3240, 3281 ] ], "NeighboringIntersections": "[[{1734: 5.500121362136941, 1741: 8.898061088493096, 1771: 8.370909950654813}]]" }, "geometry": { "type": "Point", "coordinates": [ 466073.816300000064075, 4986358.429500000551343 ] } },
{ "type": "Feature", "properties": { "OBJECTID": 18809, "POINT_X": 466074.73770000041, "POINT_Y": 4989726.6692999993, "Roads": [ [ 3241, 3242, 3303 ] ], "NeighboringIntersections": "[[{1740: 1.98598481290324, 1745: 2.609574983486403, 1784: 11.145400962580776}]]" }, "geometry": { "type": "Point", "coordinates": [ 466074.737700000405312, 4989726.669299999251962 ] } },
{ "type": "Feature", "properties": { "OBJECTID": 18825, "POINT_X": 466083.33040000033, "POINT_Y": 4981896.5352999996, "Roads": [ [ 3243, 3244, 3280 ] ], "NeighboringIntersections": "[[{1723: 12.016060134710404, 1753: 3.0570521832021202, 1770: 6.178741226876115}]]" }, "geometry": { "type": "Point", "coordinates": [ 466083.330400000326335, 4981896.535299999639392 ] } },
{ "type": "Feature", "properties": { "OBJECTID": 18832, "POINT_X": 466091.11149999965, "POINT_Y": 4982383.7726000007, "Roads": [ [ 3181, 3245, 3246 ] ], "NeighboringIntersections": "[[{1720: 11.535351737568709}]]" }, "geometry": { "type": "Point", "coordinates": [ 466091.111499999649823, 4982383.772600000724196 ] } },
{ "type": "Feature", "properties": { "OBJECTID": 18833, "POINT_X": 466091.30860000011, "POINT_Y": 4982059.6098999996, "Roads": [ [ 3247, 3251 ] ], "NeighboringIntersections": "[[{1776: 32.23380382370893, 1754: 5.912920635047002}]]" }, "geometry": { "type": "Point", "coordinates": [ 466091.308600000105798, 4982059.609899999573827 ] } },
{ "type": "Feature", "properties": { "OBJECTID": 18837, "POINT_X": 466096.28749999963, "POINT_Y": 4981942.373, "Roads": [ [ 3244, 3248, 3249, 3337 ] ], "NeighboringIntersections": "[[{1750: 3.0570521832021202, 1705: 13.986541502996847, 1754: 1.5907915410244982, 1803: 10.15870072726732}]]" }, "geometry": { "type": "Point", "coordinates": [ 466096.287499999627471, 4981942.372999999672174 ] } },
{ "type": "Feature", "properties": { "OBJECTID": 18838, "POINT_X": 466096.34250000026, "POINT_Y": 4981967.2631000001, "Roads": [ [ 3249, 3250, 3251, 3340 ] ], "NeighboringIntersections": "[[{1753: 1.5907915410244982, 1709: 13.119741164346808, 1752: 5.912920635047002, 1805: 10.505896382760373}]]" }, "geometry": { "type": "Point", "coordinates": [ 466096.34250000026077, 4981967.2631 ] } },
{ "type": "Feature", "properties": { "OBJECTID": 18841, "POINT_X": 466097.8772, "POINT_Y": 4987152.5562999994, "Roads": [ [ 3252, 3253, 3278 ] ], "NeighboringIntersections": "[[{1738: 4.742212292894155, 1769: 5.275029888150176}]]" }, "geometry": { "type": "Point", "coordinates": [ 466097.877199999988079, 4987152.55629999935627 ] } },
{ "type": "Feature", "properties": { "OBJECTID": 18844, "POINT_X": 466103.90979999956, "POINT_Y": 4988032.5129000004, "Roads": [ [ 3254, 3255, 3307 ] ], "NeighboringIntersections": "[[{1722: 12.035563455166967, 1786: 10.385282753704024}]]" }, "geometry": { "type": "Point", "coordinates": [ 466103.909799999557436, 4988032.512900000438094 ] } },
{ "type": "Feature", "properties": { "OBJECTID": 18847, "POINT_X": 466107.11039999966, "POINT_Y": 4988208.3331000004, "Roads": [ [ 3256, 3257, 3319 ] ], "NeighboringIntersections": "[[{1736: 5.44288082697106, 1758: 4.464530716972261, 1792: 12.45656624405138}]]" }, "geometry": { "type": "Point", "coordinates": [ 466107.110399999655783, 4988208.333100000396371 ] } },
{ "type": "Feature", "properties": { "OBJECTID": 18848, "POINT_X": 466107.58810000028, "POINT_Y": 4988278.1853, "Roads": [ [ 3257, 3258, 3315 ] ], "NeighboringIntersections": "[[{1757: 4.464530716972261, 1790: 12.071901205398778}]]" }, "geometry": { "type": "Point", "coordinates": [ 466107.588100000284612, 4988278.1853 ] } },
{ "type": "Feature", "properties": { "OBJECTID": 18849, "POINT_X": 466108.56240000017, "POINT_Y": 4982972.2153999992, "Roads": [ [ 3259, 3266, 3342 ] ], "NeighboringIntersections": "[[{1742: 5.151946384319087, 1763: 2.4859192275493833, 1806: 39.32229215582068}]]" }, "geometry": { "type": "Point", "coordinates": [ 466108.562400000169873, 4982972.215399999171495 ] } },
{ "type": "Feature", "properties": { "OBJECTID": 18852, "POINT_X": 466111.07340000011, "POINT_Y": 4986091.8932000007, "Roads": [ [ 3260, 3261, 3267, 3348 ] ], "NeighboringIntersections": "[[{1711: 23.111470367954972, 1764: 3.296868585165391, 1809: 20.56728813165986}]]" }, "geometry": { "type": "Point", "coordinates": [ 466111.073400000110269, 4986091.893200000748038 ] } },
{ "type": "Feature", "properties": { "OBJECTID": 18856, "POINT_X": 466116.73110000044, "POINT_Y": 4988675.8747000005, "Roads": [ [ 3262, 3264, 3336 ] ], "NeighboringIntersections": "[[{1762: 8.800197582037116, 1802: 14.222630716075006}]]" }, "geometry": { "type": "Point", "coordinates": [ 466116.731100000441074, 4988675.87470000050962 ] } },
{ "type": "Feature", "properties": { "OBJECTID": 18864, "POINT_X": 466119.44170000032, "POINT_Y": 4988538.5298999995, "Roads": [ [ 3263, 3264, 3356 ] ], "NeighboringIntersections": "[[{1676: 31.466988360470896, 1761: 8.800197582037116, 1813: 18.39039869662595}]]" }, "geometry": { "type": "Point", "coordinates": [ 466119.441700000315905, 4988538.529899999499321 ] } },
{ "type": "Feature", "properties": { "OBJECTID": 18875, "POINT_X": 466124.5274, "POINT_Y": 4983007.6835999992, "Roads": [ [ 3265, 3266, 3343 ] ], "NeighboringIntersections": "[[{1744: 35.142569350007406, 1759: 2.4859192275493833, 1806: 40.80772475311845}]]" }, "geometry": { "type": "Point", "coordinates": [ 466124.527400000020862, 4983007.683599999174476 ] } },
{ "type": "Feature", "properties": { "OBJECTID": 18877, "POINT_X": 466126.84109999985, "POINT_Y": 4986042.8151999991, "Roads": [ [ 3267, 3283, 3295 ] ], "NeighboringIntersections": "[[{1760: 3.296868585165391, 1779: 13.374357713528356}]]" }, "geometry": { "type": "Point", "coordinates": [ 466126.841099999845028, 4986042.815199999138713 ] } },
{ "type": "Feature", "properties": { "OBJECTID": 18901, "POINT_X": 466148.35049999971, "POINT_Y": 4989844.8317000009, "Roads": [ [ 3269, 3270, 3284 ] ], "NeighboringIntersections": "[[{1747: 5.039204748961311, 1773: 2.664531733374448}]]" }, "geometry": { "type": "Point", "coordinates": [ 466148.350499999709427, 4989844.831700000911951 ] } },
{ "type": "Feature", "properties": { "OBJECTID": 18911, "POINT_X": 466157.3180999998, "POINT_Y": 4980687.5775000006, "Roads": [ [ 3271, 3272, 3372 ] ], "NeighboringIntersections": "[[{1737: 8.535911351754468, 1772: 28.200616164581678, 1820: 17.13279463229242}]]" }, "geometry": { "type": "Point", "coordinates": [ 466157.318099999800324, 4980687.577500000596046 ] } },
{ "type": "Feature", "properties": { "OBJECTID": 18917, "POINT_X": 466163.74590000045, "POINT_Y": 4987499.322000001, "Roads": [ [ 3221, 3274, 3312 ] ], "NeighboringIntersections": "[[{1738: 24.938300641235802, 1788: 6.904665341068472}]]" }, "geometry": { "type": "Point", "coordinates": [ 466163.745900000445545, 4987499.322000000625849 ] } },
{ "type": "Feature", "properties": { "OBJECTID": 18929, "POINT_X": 466172.1985, "POINT_Y": 4986607.247, "Roads": [ [ 3225, 3276, 3277 ] ], "NeighboringIntersections": "[[{1741: 12.346856591950255}]]" }, "geometry": { "type": "Point", "coordinates": [ 466172.198499999940395, 4986607.246999999508262 ] } },
{ "type": "Feature", "properties": { "OBJECTID": 18930, "POINT_X": 466172.20320000034, "POINT_Y": 4987185.26, "Roads": [ [ 3278, 3279, 3289, 3359 ] ], "NeighboringIntersections": "[[{1755: 5.275029888150176, 1808: 21.996416569911535, 1814: 14.852844823051162}]]" }, "geometry": { "type": "Point", "coordinates": [ 466172.203200000338256, 4987185.259999999776483 ] } },
{ "type": "Feature", "properties": { "OBJECTID": 18936, "POINT_X": 466178.58729999978, "POINT_Y": 4981882.5585999992, "Roads": [ [ 3273, 3280, 3384 ] ], "NeighboringIntersections": "[[{1750: 6.178741226876115, 1825: 19.68471755467157}]]" }, "geometry": { "type": "Point", "coordinates": [ 466178.587299999780953, 4981882.558599999174476 ] } },
{ "type": "Feature", "properties": { "OBJECTID": 18941, "POINT_X": 466182.4413000001, "POINT_Y": 4986431.5819000006, "Roads": [ [ 3281, 3288, 3332 ] ], "NeighboringIntersections": "[[{1748: 8.370909950654813, 1799: 9.888828188730889}]]" }, "geometry": { "type": "Point", "coordinates": [ 466182.441300000064075, 4986431.581900000572205 ] } },
{ "type": "Feature", "properties": { "OBJECTID": 18942, "POINT_X": 466183.77819999959, "POINT_Y": 4981082.3254000004, "Roads": [ [ 3272, 3282, 3369 ] ], "NeighboringIntersections": "[[{1766: 28.200616164581678, 1789: 15.723852516597915, 1818: 16.852899538454857}]]" }, "geometry": { "type": "Point", "coordinates": [ 466183.778199999593198, 4981082.325400000438094 ] } },
{ "type": "Feature", "properties": { "OBJECTID": 18950, "POINT_X": 466190.03210000042, "POINT_Y": 4989843.9785999991, "Roads": [ [ 3284, 3285, 3294 ] ], "NeighboringIntersections": "[[{1765: 2.664531733374448, 1774: 27.23719681547765}]]" }, "geometry": { "type": "Point", "coordinates": [ 466190.032100000418723, 4989843.97859999909997 ] } },
{ "type": "Feature", "properties": { "OBJECTID": 18951, "POINT_X": 466191.23510000017, "POINT_Y": 4990160.2678999994, "Roads": [ [ 3285, 3286, 3300 ] ], "NeighboringIntersections": "[[{1773: 27.23719681547765, 1746: 7.901680026201498, 1782: 3.6900304471382657}]]" }, "geometry": { "type": "Point", "coordinates": [ 466191.235100000165403, 4990160.267899999395013 ] } },
{ "type": "Feature", "properties": { "OBJECTID": 18954, "POINT_X": 466194.32980000041, "POINT_Y": 4987017.1780999992, "Roads": [ [ 3275, 3287, 3317 ] ], "NeighboringIntersections": "[[{1743: 13.507213396621076, 1791: 6.523515062216423}]]" }, "geometry": { "type": "Point", "coordinates": [ 466194.329800000414252, 4987017.178099999204278 ] } },
{ "type": "Feature", "properties": { "OBJECTID": 18957, "POINT_X": 466196.3163000001, "POINT_Y": 4982062.8783, "Roads": [ [ 3247, 3341 ] ], "NeighboringIntersections": "[[{1752: 32.23380382370893, 1805: 20.208897587027646}]]" }, "geometry": { "type": "Point", "coordinates": [ 466196.316300000064075, 4982062.8783 ] } },
{ "type": "Feature", "properties": { "OBJECTID": 18965, "POINT_X": 466206.29320000019, "POINT_Y": 4985475.8984999992, "Roads": [ [ 3290, 3291, 3396 ] ], "NeighboringIntersections": "[[{1832: 18.626796689877924}]]" }, "geometry": { "type": "Point", "coordinates": [ 466206.293200000189245, 4985475.898499999195337 ] } },
{ "type": "Feature", "properties": { "OBJECTID": 18969, "POINT_X": 466211.07650000043, "POINT_Y": 4985753.8797999993, "Roads": [ [ 3292, 3293, 3323 ] ], "NeighboringIntersections": "[[{1794: 6.234368555573166}]]" }, "geometry": { "type": "Point", "coordinates": [ 466211.076500000432134, 4985753.879799999296665 ] } },
{ "type": "Feature", "properties": { "OBJECTID": 18988, "POINT_X": 466223.9216, "POINT_Y": 4985949.0207000002, "Roads": [ [ 3295, 3329, 3330 ] ], "NeighboringIntersections": "[[{1764: 13.374357713528356, 1797: 6.913357702000843, 1798: 10.469328115146775}]]" }, "geometry": { "type": "Point", "coordinates": [ 466223.9216, 4985949.020700000226498 ] } },
{ "type": "Feature", "properties": { "OBJECTID": 19000, "POINT_X": 466235.51159999985, "POINT_Y": 4989567.2844999991, "Roads": [ [ 3296, 3297, 3314 ] ], "NeighboringIntersections": "[[{1781: 0.9930107464078145}]]" }, "geometry": { "type": "Point", "coordinates": [ 466235.511599999852479, 4989567.284499999135733 ] } },
{ "type": "Feature", "properties": { "OBJECTID": 19010, "POINT_X": 466244.76130000036, "POINT_Y": 4989579.7682000007, "Roads": [ [ 3297, 3298, 3299, 3387 ] ], "NeighboringIntersections": "[[{1780: 0.9930107464078145, 1724: 22.015094120266497, 1784: 0.8530190617848232, 1827: 12.631621028602273}]]" }, "geometry": { "type": "Point", "coordinates": [ 466244.761300000362098, 4989579.768200000748038 ] } },
{ "type": "Feature", "properties": { "OBJECTID": 19018, "POINT_X": 466248.95870000031, "POINT_Y": 4990159.0863000005, "Roads": [ [ 3300, 3301 ] ], "NeighboringIntersections": "[[{1774: 3.6900304471382657, 1823: 39.92349553778679}]]" }, "geometry": { "type": "Point", "coordinates": [ 466248.958700000308454, 4990159.086300000548363 ] } },
{ "type": "Feature", "properties": { "OBJECTID": 19025, "POINT_X": 466252.4238, "POINT_Y": 4987936.229, "Roads": [ [ 3302, 3306, 3366 ] ], "NeighboringIntersections": "[[{1786: 6.385806185215185, 1785: 10.496383035001976}]]" }, "geometry": { "type": "Point", "coordinates": [ 466252.423799999989569, 4987936.229000000283122 ] } },
{ "type": "Feature", "properties": { "OBJECTID": 19027, "POINT_X": 466252.80059999973, "POINT_Y": 4989590.422, "Roads": [ [ 3299, 3303, 3304, 3389 ] ], "NeighboringIntersections": "[[{1781: 0.8530190617848232, 1749: 11.145400962580776, 1800: 9.48418296296418, 1828: 12.240438147029153}]]" }, "geometry": { "type": "Point", "coordinates": [ 466252.800599999725819, 4989590.42200000025332 ] } },
{ "type": "Feature", "properties": { "OBJECTID": 19045, "POINT_X": 466264.29739999957, "POINT_Y": 4987774.04, "Roads": [ [ 3305, 3306, 3350 ] ], "NeighboringIntersections": "[[{1783: 10.496383035001976, 1810: 7.2033944637262595}]]" }, "geometry": { "type": "Point", "coordinates": [ 466264.297399999573827, 4987774.03999999910593 ] } },
{ "type": "Feature", "properties": { "OBJECTID": 19046, "POINT_X": 466264.81159999967, "POINT_Y": 4988034.6994000003, "Roads": [ [ 3302, 3307, 3308, 3367 ] ], "NeighboringIntersections": "[[{1783: 6.385806185215185, 1756: 10.385282753704024, 1793: 5.664342519032884, 1817: 9.362768502034339}]]" }, "geometry": { "type": "Point", "coordinates": [ 466264.811599999666214, 4988034.699400000274181 ] } },
{ "type": "Feature", "properties": { "OBJECTID": 19051, "POINT_X": 466268.5192, "POINT_Y": 4984053.5450999998, "Roads": [ [ 3309, 3310, 3311 ] ], "NeighboringIntersections": "[[{1728: 25.681733379214155, 1739: 17.874117773705592, 1795: 9.648700793950367}]]" }, "geometry": { "type": "Point", "coordinates": [ 466268.519199999980628, 4984053.545099999755621 ] } },
{ "type": "Feature", "properties": { "OBJECTID": 19056, "POINT_X": 466270.24320000038, "POINT_Y": 4987517.4737999998, "Roads": [ [ 3312, 3346, 3398 ] ], "NeighboringIntersections": "[[{1767: 6.904665341068472, 1808: 10.753913312152935, 1833: 15.287212824875693}]]" }, "geometry": { "type": "Point", "coordinates": [ 466270.243200000375509, 4987517.473799999803305 ] } },
{ "type": "Feature", "properties": { "OBJECTID": 19081, "POINT_X": 466286.9293, "POINT_Y": 4981303.0184000004, "Roads": [ [ 3282, 3313, 3344 ] ], "NeighboringIntersections": "[[{1772: 15.723852516597915, 1699: 33.77325719916829, 1807: 4.286303714477471}]]" }, "geometry": { "type": "Point", "coordinates": [ 466286.929299999959767, 4981303.018400000408292 ] } },
{ "type": "Feature", "properties": { "OBJECTID": 19109, "POINT_X": 466295.54920000024, "POINT_Y": 4988283.0269000009, "Roads": [ [ 3258, 3315, 3316, 3320 ] ], "NeighboringIntersections": "[[{1758: 12.071901205398778, 1792: 4.479333548903179}]]" }, "geometry": { "type": "Point", "coordinates": [ 466295.549200000241399, 4988283.026900000870228 ] } },
{ "type": "Feature", "properties": { "OBJECTID": 19110, "POINT_X": 466296.12540000025, "POINT_Y": 4987022.2211000007, "Roads": [ [ 3317, 3318, 3365 ] ], "NeighboringIntersections": "[[{1775: 6.523515062216423, 1815: 13.367480059200767}]]" }, "geometry": { "type": "Point", "coordinates": [ 466296.12540000025183, 4987022.221100000664592 ] } },
{ "type": "Feature", "properties": { "OBJECTID": 19120, "POINT_X": 466301.80989999976, "POINT_Y": 4988213.2217999995, "Roads": [ [ 3319, 3320, 3322, 3424 ] ], "NeighboringIntersections": "[[{1757: 12.45656624405138, 1790: 4.479333548903179, 1793: 6.32326582666966, 1846: 18.146686895593184}]]" }, "geometry": { "type": "Point", "coordinates": [ 466301.809899999760091, 4988213.221799999475479 ] } },
{ "type": "Feature", "properties": { "OBJECTID": 19121, "POINT_X": 466302.0608000001, "POINT_Y": 4988115.059, "Roads": [ [ 3308, 3321, 3322 ] ], "NeighboringIntersections": "[[{1786: 5.664342519032884, 1792: 6.32326582666966}]]" }, "geometry": { "type": "Point", "coordinates": [ 466302.060800000093877, 4988115.059000000357628 ] } },
{ "type": "Feature", "properties": { "OBJECTID": 19130, "POINT_X": 466306.84279999975, "POINT_Y": 4985756.7125000004, "Roads": [ [ 3323, 3324, 3339 ] ], "NeighboringIntersections": "[[{1778: 6.234368555573166, 1796: 4.167824960290309, 1804: 5.616605278395311}]]" }, "geometry": { "type": "Point", "coordinates": [ 466306.842799999751151, 4985756.712500000372529 ] } },
{ "type": "Feature", "properties": { "OBJECTID": 19132, "POINT_X": 466307.409, "POINT_Y": 4984197.3965000007, "Roads": [ [ 3311, 3325, 3326, 3352 ] ], "NeighboringIntersections": "[[{1787: 9.648700793950367, 1725: 24.03148551477423}]]" }, "geometry": { "type": "Point", "coordinates": [ 466307.408999999985099, 4984197.396500000730157 ] } },
{ "type": "Feature", "properties": { "OBJECTID": 19138, "POINT_X": 466312.6299000001, "POINT_Y": 4985821.5569000002, "Roads": [ [ 3324, 3328, 3358 ] ], "NeighboringIntersections": "[[{1794: 4.167824960290309, 1797: 5.823505459115854}]]" }, "geometry": { "type": "Point", "coordinates": [ 466312.629900000058115, 4985821.556900000199676 ] } },
{ "type": "Feature", "properties": { "OBJECTID": 19151, "POINT_X": 466321.7264, "POINT_Y": 4985911.238, "Roads": [ [ 3328, 3329, 3355 ] ], "NeighboringIntersections": "[[{1796: 5.823505459115854, 1779: 6.913357702000843, 1812: 5.4070885439545995}]]" }, "geometry": { "type": "Point", "coordinates": [ 466321.726400000043213, 4985911.237999999895692 ] } },
{ "type": "Feature", "properties": { "OBJECTID": 19155, "POINT_X": 466325.81539999973, "POINT_Y": 4986075.2076999992, "Roads": [ [ 3330, 3331, 3363 ] ], "NeighboringIntersections": "[[{1779: 10.469328115146775, 1816: 5.295219212097675}]]" }, "geometry": { "type": "Point", "coordinates": [ 466325.815399999730289, 4986075.207699999213219 ] } },
{ "type": "Feature", "properties": { "OBJECTID": 19156, "POINT_X": 466326.45349999983, "POINT_Y": 4986483.4426000006, "Roads": [ [ 3332, 3333, 3377, 3413 ] ], "NeighboringIntersections": "[[{1771: 9.888828188730889, 1801: 3.054151878959639, 1822: 7.895007506414687, 1841: 27.406902110977228}]]" }, "geometry": { "type": "Point", "coordinates": [ 466326.453499999828637, 4986483.442600000649691 ] } },
{ "type": "Feature", "properties": { "OBJECTID": 19158, "POINT_X": 466327.91330000013, "POINT_Y": 4989714.4746000003, "Roads": [ [ 3304, 3334, 3390 ] ], "NeighboringIntersections": "[[{1784: 9.48418296296418, 1828: 18.124809855382082}]]" }, "geometry": { "type": "Point", "coordinates": [ 466327.91330000013113, 4989714.474600000306964 ] } },
{ "type": "Feature", "properties": { "OBJECTID": 19160, "POINT_X": 466329.35620000027, "POINT_Y": 4986530.7588999998, "Roads": [ [ 3333, 3335, 3378 ] ], "NeighboringIntersections": "[[{1799: 3.054151878959639, 1822: 30.833512376989333}]]" }, "geometry": { "type": "Point", "coordinates": [ 466329.356200000271201, 4986530.758899999782443 ] } },
{ "type": "Feature", "properties": { "OBJECTID": 19161, "POINT_X": 466330.017, "POINT_Y": 4988715.4308000002, "Roads": [ [ 3336, 3357, 3437 ] ], "NeighboringIntersections": "[[{1761: 14.222630716075006, 1813: 5.861321525492942, 1853: 31.910548039116986}]]" }, "geometry": { "type": "Point", "coordinates": [ 466330.017, 4988715.430800000205636 ] } },
{ "type": "Feature", "properties": { "OBJECTID": 19170, "POINT_X": 466334.97049999982, "POINT_Y": 4981868.9682999998, "Roads": [ [ 3337, 3338, 3416 ] ], "NeighboringIntersections": "[[{1753: 10.15870072726732, 1805: 1.4715934076838104, 1842: 10.262287545524314}]]" }, "geometry": { "type": "Point", "coordinates": [ 466334.970499999821186, 4981868.968299999833107 ] } },
{ "type": "Feature", "properties": { "OBJECTID": 19171, "POINT_X": 466335.93350000028, "POINT_Y": 4985676.9879000001, "Roads": [ [ 3327, 3339, 3395 ] ], "NeighboringIntersections": "[[{1794: 5.616605278395311, 1831: 12.924337328646661}]]" }, "geometry": { "type": "Point", "coordinates": [ 466335.933500000275671, 4985676.9879 ] } },
{ "type": "Feature", "properties": { "OBJECTID": 19180, "POINT_X": 466342.93850000016, "POINT_Y": 4981890.5708000008, "Roads": [ [ 3338, 3340, 3341, 3422 ] ], "NeighboringIntersections": "[[{1803: 1.4715934076838104, 1754: 10.505896382760373, 1776: 20.208897587027646, 1845: 10.145498437143873}]]" }, "geometry": { "type": "Point", "coordinates": [ 466342.938500000163913, 4981890.570800000801682 ] } },
{ "type": "Feature", "properties": { "OBJECTID": 19184, "POINT_X": 466344.17480000015, "POINT_Y": 4982435.7149, "Roads": [ [ 3342, 3343, 3393 ] ], "NeighboringIntersections": "[[{1759: 39.32229215582068, 1763: 40.80772475311845, 1830: 18.152458214604554}]]" }, "geometry": { "type": "Point", "coordinates": [ 466344.174800000153482, 4982435.7149 ] } },
{ "type": "Feature", "properties": { "OBJECTID": 19196, "POINT_X": 466353.939, "POINT_Y": 4981305.7467999998, "Roads": [ [ 3344, 3345, 3371 ] ], "NeighboringIntersections": "[[{1789: 4.286303714477471, 1819: 4.514527784731769}]]" }, "geometry": { "type": "Point", "coordinates": [ 466353.939000000245869, 4981305.746799999848008 ] } },
{ "type": "Feature", "properties": { "OBJECTID": 19198, "POINT_X": 466354.21949999966, "POINT_Y": 4987380.137, "Roads": [ [ 3279, 3346, 3347, 3360 ] ], "NeighboringIntersections": "[[{1769: 21.996416569911535, 1788: 10.753913312152935, 1814: 10.181071629676918}]]" }, "geometry": { "type": "Point", "coordinates": [ 466354.219499999657273, 4987380.137000000104308 ] } },
{ "type": "Feature", "properties": { "OBJECTID": 19202, "POINT_X": 466357.07610000018, "POINT_Y": 4986203.041, "Roads": [ [ 3348, 3364, 3380 ] ], "NeighboringIntersections": "[[{1760: 20.56728813165986, 1816: 6.4444157649058065}]]" }, "geometry": { "type": "Point", "coordinates": [ 466357.076100000180304, 4986203.040999999269843 ] } },
{ "type": "Feature", "properties": { "OBJECTID": 19206, "POINT_X": 466357.94419999979, "POINT_Y": 4987740.5867999997, "Roads": [ [ 3349, 3350, 3351, 3375 ] ], "NeighboringIntersections": "[[{1785: 7.2033944637262595, 1821: 5.058170418942797}]]" }, "geometry": { "type": "Point", "coordinates": [ 466357.944199999794364, 4987740.586799999698997 ] } },
{ "type": "Feature", "properties": { "OBJECTID": 19255, "POINT_X": 466383.35259999987, "POINT_Y": 4989260.842, "Roads": [ [ 3353, 3354, 3376 ] ], "NeighboringIntersections": "[[{1826: 14.112745312633411}]]" }, "geometry": { "type": "Point", "coordinates": [ 466383.35259999986738, 4989260.842000000178814 ] } },
{ "type": "Feature", "properties": { "OBJECTID": 19259, "POINT_X": 466384.8563000001, "POINT_Y": 4985967.3140999991, "Roads": [ [ 3355, 3374, 3468 ] ], "NeighboringIntersections": "[[{1797: 5.4070885439545995, 1869: 23.53006053750093}]]" }, "geometry": { "type": "Point", "coordinates": [ 466384.856300000101328, 4985967.314099999144673 ] } },
{ "type": "Feature", "properties": { "OBJECTID": 19260, "POINT_X": 466385.03380000032, "POINT_Y": 4988642.066, "Roads": [ [ 3356, 3357, 3391 ] ], "NeighboringIntersections": "[[{1762: 18.39039869662595, 1802: 5.861321525492942, 1829: 7.700777745961256}]]" }, "geometry": { "type": "Point", "coordinates": [ 466385.033800000324845, 4988642.065999999642372 ] } },
{ "type": "Feature", "properties": { "OBJECTID": 19270, "POINT_X": 466392.1288000001, "POINT_Y": 4987234.6916000005, "Roads": [ [ 3359, 3360, 3362 ] ], "NeighboringIntersections": "[[{1769: 14.852844823051162, 1808: 10.181071629676918, 1815: 5.843952881437671}]]" }, "geometry": { "type": "Point", "coordinates": [ 466392.128800000064075, 4987234.691600000485778 ] } },
{ "type": "Feature", "properties": { "OBJECTID": 19275, "POINT_X": 466395.08260000031, "POINT_Y": 4987143.364, "Roads": [ [ 3318, 3361, 3362 ] ], "NeighboringIntersections": "[[{1791: 13.367480059200767, 1814: 5.843952881437671}]]" }, "geometry": { "type": "Point", "coordinates": [ 466395.082600000314415, 4987143.364 ] } },
{ "type": "Feature", "properties": { "OBJECTID": 19281, "POINT_X": 466399.07980000041, "POINT_Y": 4986112.2817000002, "Roads": [ [ 3363, 3364, 3429 ] ], "NeighboringIntersections": "[[{1798: 5.295219212097675, 1809: 6.4444157649058065, 1849: 14.54878665621991}]]" }, "geometry": { "type": "Point", "coordinates": [ 466399.079800000414252, 4986112.281700000166893 ] } },
{ "type": "Feature", "properties": { "OBJECTID": 19286, "POINT_X": 466408.71389999986, "POINT_Y": 4988039.5483, "Roads": [ [ 3367, 3368, 3433 ] ], "NeighboringIntersections": "[[{1786: 9.362768502034339, 1851: 12.867414193984542}]]" }, "geometry": { "type": "Point", "coordinates": [ 466408.713899999856949, 4988039.5483 ] } },
{ "type": "Feature", "properties": { "OBJECTID": 19303, "POINT_X": 466423.09219999984, "POINT_Y": 4980981.2923000008, "Roads": [ [ 3369, 3370, 3373 ] ], "NeighboringIntersections": "[[{1772: 16.852899538454857, 1819: 20.96501035771756, 1820: 19.26824692379414}]]" }, "geometry": { "type": "Point", "coordinates": [ 466423.092199999839067, 4980981.292300000786781 ] } },
{ "type": "Feature", "properties": { "OBJECTID": 19306, "POINT_X": 466424.48859999981, "POINT_Y": 4981309.2415999994, "Roads": [ [ 3370, 3371, 3411 ] ], "NeighboringIntersections": "[[{1818: 20.96501035771756, 1807: 4.514527784731769, 1840: 8.987769169619778}]]" }, "geometry": { "type": "Point", "coordinates": [ 466424.488599999807775, 4981309.241599999368191 ] } },
{ "type": "Feature", "properties": { "OBJECTID": 19307, "POINT_X": 466425.27280000038, "POINT_Y": 4980679.8356999997, "Roads": [ [ 3372, 3373, 3440 ] ], "NeighboringIntersections": "[[{1766: 17.13279463229242, 1818: 19.26824692379414, 1855: 12.807699268073025}]]" }, "geometry": { "type": "Point", "coordinates": [ 466425.27280000038445, 4980679.835699999704957 ] } },
{ "type": "Feature", "properties": { "OBJECTID": 19310, "POINT_X": 466427.2098000003, "POINT_Y": 4987778.8357999995, "Roads": [ [ 3375, 3379, 3382 ] ], "NeighboringIntersections": "[[{1810: 5.058170418942797, 1824: 2.517281173116621}]]" }, "geometry": { "type": "Point", "coordinates": [ 466427.209800000302494, 4987778.835799999535084 ] } },
{ "type": "Feature", "properties": { "OBJECTID": 19344, "POINT_X": 466449.78980000038, "POINT_Y": 4986489.9045000002, "Roads": [ [ 3377, 3378, 3407 ] ], "NeighboringIntersections": "[[{1799: 7.895007506414687, 1801: 30.833512376989333, 1838: 6.243606093852952}]]" }, "geometry": { "type": "Point", "coordinates": [ 466449.789800000376999, 4986489.904500000178814 ] } },
{ "type": "Feature", "properties": { "OBJECTID": 19370, "POINT_X": 466462.75779999979, "POINT_Y": 4990257.8114999998, "Roads": [ [ 3301, 3381 ] ], "NeighboringIntersections": "[[{1782: 39.92349553778679}]]" }, "geometry": { "type": "Point", "coordinates": [ 466462.757799999788404, 4990257.811499999836087 ] } },
{ "type": "Feature", "properties": { "OBJECTID": 19372, "POINT_X": 466464.46829999983, "POINT_Y": 4987791.4235999994, "Roads": [ [ 3382, 3383, 3399 ] ], "NeighboringIntersections": "[[{1821: 2.517281173116621, 1834: 3.8207505396271255}]]" }, "geometry": { "type": "Point", "coordinates": [ 466464.468299999833107, 4987791.423599999397993 ] } },
{ "type": "Feature", "properties": { "OBJECTID": 19388, "POINT_X": 466475.36990000028, "POINT_Y": 4981803.5971000008, "Roads": [ [ 3384, 3405, 3418 ] ], "NeighboringIntersections": "[[{1770: 19.68471755467157, 1837: 7.377584861945418}]]" }, "geometry": { "type": "Point", "coordinates": [ 466475.369900000281632, 4981803.597100000828505 ] } },
{ "type": "Feature", "properties": { "OBJECTID": 19393, "POINT_X": 466480.3821, "POINT_Y": 4989453.1963, "Roads": [ [ 3354, 3385, 3386, 3521 ] ], "NeighboringIntersections": "[[{1811: 14.112745312633411, 1827: 4.625643443161168, 1899: 28.005858256836174}]]" }, "geometry": { "type": "Point", "coordinates": [ 466480.382100000046194, 4989453.1963 ] } },
{ "type": "Feature", "properties": { "OBJECTID": 19403, "POINT_X": 466487.9956, "POINT_Y": 4989525.1693999991, "Roads": [ [ 3386, 3387, 3388, 3525 ] ], "NeighboringIntersections": "[[{1826: 4.625643443161168, 1781: 12.631621028602273, 1828: 0.9099364840746439, 1901: 19.389387903219408}]]" }, "geometry": { "type": "Point", "coordinates": [ 466487.995600000023842, 4989525.169399999082088 ] } },
{ "type": "Feature", "properties": { "OBJECTID": 19406, "POINT_X": 466489.10680000018, "POINT_Y": 4989539.3631999996, "Roads": [ [ 3388, 3389, 3390, 3527 ] ], "NeighboringIntersections": "[[{1827: 0.9099364840746439, 1784: 12.240438147029153, 1800: 18.124809855382082, 1902: 19.347819298860244}]]" }, "geometry": { "type": "Point", "coordinates": [ 466489.106800000183284, 4989539.363199999555945 ] } },
{ "type": "Feature", "properties": { "OBJECTID": 19407, "POINT_X": 466490.77539999969, "POINT_Y": 4988684.4954000004, "Roads": [ [ 3391, 3392, 3402 ] ], "NeighboringIntersections": "[[{1813: 7.700777745961256, 1835: 1.9689628519175735}]]" }, "geometry": { "type": "Point", "coordinates": [ 466490.775399999693036, 4988684.495400000363588 ] } },
{ "type": "Feature", "properties": { "OBJECTID": 19410, "POINT_X": 466492.49260000046, "POINT_Y": 4982195.8236999996, "Roads": [ [ 3393, 3426, 3467 ] ], "NeighboringIntersections": "[[{1806: 18.152458214604554, 1847: 22.926282818090904}]]" }, "geometry": { "type": "Point", "coordinates": [ 466492.492600000463426, 4982195.823699999600649 ] } },
{ "type": "Feature", "properties": { "OBJECTID": 19413, "POINT_X": 466494.7357000001, "POINT_Y": 4985571.5084000006, "Roads": [ [ 3394, 3395, 3397, 3435 ] ], "NeighboringIntersections": "[[{1804: 12.924337328646661, 1832: 6.207313591934254, 1852: 8.281356166051658}]]" }, "geometry": { "type": "Point", "coordinates": [ 466494.735700000077486, 4985571.508400000631809 ] } },
{ "type": "Feature", "properties": { "OBJECTID": 19421, "POINT_X": 466497.7325, "POINT_Y": 4985474.5768, "Roads": [ [ 3396, 3397, 3452 ] ], "NeighboringIntersections": "[[{1777: 18.626796689877924, 1831: 6.207313591934254, 1862: 10.487907508002808}]]" }, "geometry": { "type": "Point", "coordinates": [ 466497.732499999925494, 4985474.5768 ] } },
{ "type": "Feature", "properties": { "OBJECTID": 19436, "POINT_X": 466508.91550000012, "POINT_Y": 4987522.2731999997, "Roads": [ [ 3398, 3404, 3461 ] ], "NeighboringIntersections": "[[{1788: 15.287212824875693, 1836: 10.407836897174564, 1865: 11.310313716444531}]]" }, "geometry": { "type": "Point", "coordinates": [ 466508.915500000119209, 4987522.273199999704957 ] } },
{ "type": "Feature", "properties": { "OBJECTID": 19448, "POINT_X": 466519.97709999979, "POINT_Y": 4987812.801000001, "Roads": [ [ 3399, 3400, 3409 ] ], "NeighboringIntersections": "[[{1824: 3.8207505396271255, 1848: 7.644640316125644}]]" }, "geometry": { "type": "Point", "coordinates": [ 466519.977099999785423, 4987812.801000000908971 ] } },
{ "type": "Feature", "properties": { "OBJECTID": 19451, "POINT_X": 466521.5817, "POINT_Y": 4988684.2624999993, "Roads": [ [ 3401, 3402, 3438 ] ], "NeighboringIntersections": "[[{1829: 1.9689628519175735, 1853: 5.800471205316017}]]" }, "geometry": { "type": "Point", "coordinates": [ 466521.581699999980628, 4988684.262499999254942 ] } },
{ "type": "Feature", "properties": { "OBJECTID": 19478, "POINT_X": 466537.30360000022, "POINT_Y": 4987370.6359000001, "Roads": [ [ 3403, 3404, 3451 ] ], "NeighboringIntersections": "[[{1833: 10.407836897174564, 1861: 8.898241131668277}]]" }, "geometry": { "type": "Point", "coordinates": [ 466537.303600000217557, 4987370.635900000110269 ] } },
{ "type": "Feature", "properties": { "OBJECTID": 19486, "POINT_X": 466546.23709999956, "POINT_Y": 4981717.6324000005, "Roads": [ [ 3405, 3406, 3535 ] ], "NeighboringIntersections": "[[{1825: 7.377584861945418, 1842: 5.478025313889367, 1907: 26.049407776808344}]]" }, "geometry": { "type": "Point", "coordinates": [ 466546.237099999561906, 4981717.632400000467896 ] } },
{ "type": "Feature", "properties": { "OBJECTID": 19487, "POINT_X": 466547.4793999996, "POINT_Y": 4986489.81, "Roads": [ [ 3407, 3408, 3446 ] ], "NeighboringIntersections": "[[{1822: 6.243606093852952, 1839: 11.940480968668668, 1858: 6.055493718866681}]]" }, "geometry": { "type": "Point", "coordinates": [ 466547.479399999603629, 4986489.810000000521541 ] } },
{ "type": "Feature", "properties": { "OBJECTID": 19504, "POINT_X": 466557.9786, "POINT_Y": 4986676.1494999994, "Roads": [ [ 3408, 3410, 3447 ] ], "NeighboringIntersections": "[[{1838: 11.940480968668668, 1858: 17.80071869996976}]]" }, "geometry": { "type": "Point", "coordinates": [ 466557.978600000031292, 4986676.14949999935925 ] } },
{ "type": "Feature", "properties": { "OBJECTID": 19507, "POINT_X": 466559.8224, "POINT_Y": 4981275.719000001, "Roads": [ [ 3411, 3412, 3439 ] ], "NeighboringIntersections": "[[{1819: 8.987769169619778, 1844: 5.89575953006996, 1854: 4.537910264813231}]]" }, "geometry": { "type": "Point", "coordinates": [ 466559.822399999946356, 4981275.719000000506639 ] } },
{ "type": "Feature", "properties": { "OBJECTID": 19510, "POINT_X": 466561.64350000024, "POINT_Y": 4986316.4088000003, "Roads": [ [ 3413, 3414, 3415 ] ], "NeighboringIntersections": "[[{1799: 27.406902110977228, 1866: 17.528407810632398}]]" }, "geometry": { "type": "Point", "coordinates": [ 466561.643500000238419, 4986316.408800000324845 ] } },
{ "type": "Feature", "properties": { "OBJECTID": 19532, "POINT_X": 466576.7692, "POINT_Y": 4981796.8688999992, "Roads": [ [ 3406, 3416, 3417, 3538 ] ], "NeighboringIntersections": "[[{1837: 5.478025313889367, 1803: 10.262287545524314, 1845: 1.4651914332032483, 1908: 13.958641334451782}]]" }, "geometry": { "type": "Point", "coordinates": [ 466576.769199999980628, 4981796.868899999186397 ] } },
{ "type": "Feature", "properties": { "OBJECTID": 19533, "POINT_X": 466578.15529999975, "POINT_Y": 4988306.9520999994, "Roads": [ [ 3419, 3425, 3442 ] ], "NeighboringIntersections": "[[{1871: 39.55728135677276, 1846: 4.169238082656926, 1856: 3.4456648334868083}]]" }, "geometry": { "type": "Point", "coordinates": [ 466578.155299999751151, 4988306.952099999412894 ] } },
{ "type": "Feature", "properties": { "OBJECTID": 19535, "POINT_X": 466580.4117000001, "POINT_Y": 4981362.0055999998, "Roads": [ [ 3412, 3420, 3421 ] ], "NeighboringIntersections": "[[{1840: 5.89575953006996}]]" }, "geometry": { "type": "Point", "coordinates": [ 466580.411700000055134, 4981362.005599999800324 ] } },
{ "type": "Feature", "properties": { "OBJECTID": 19537, "POINT_X": 466581.95859999955, "POINT_Y": 4981819.1987999994, "Roads": [ [ 3417, 3422, 3423, 3542 ] ], "NeighboringIntersections": "[[{1842: 1.4651914332032483, 1805: 10.145498437143873, 1847: 2.2305217357270264, 1909: 14.303097985051503}]]" }, "geometry": { "type": "Point", "coordinates": [ 466581.958599999547005, 4981819.198799999430776 ] } },
{ "type": "Feature", "properties": { "OBJECTID": 19541, "POINT_X": 466584.15149999969, "POINT_Y": 4988241.9946999997, "Roads": [ [ 3424, 3425, 3432, 3473 ] ], "NeighboringIntersections": "[[{1792: 18.146686895593184, 1843: 4.169238082656926, 1850: 4.249505012860721, 1872: 10.504171495572237}]]" }, "geometry": { "type": "Point", "coordinates": [ 466584.151499999687076, 4988241.994699999690056 ] } },
{ "type": "Feature", "properties": { "OBJECTID": 19543, "POINT_X": 466587.2642000001, "POINT_Y": 4981853.5043000001, "Roads": [ [ 3423, 3426, 3556 ] ], "NeighboringIntersections": "[[{1845: 2.2305217357270264, 1830: 22.926282818090904, 1918: 26.10510032823862}]]" }, "geometry": { "type": "Point", "coordinates": [ 466587.264200000092387, 4981853.504300000146031 ] } },
{ "type": "Feature", "properties": { "OBJECTID": 19547, "POINT_X": 466588.79179999977, "POINT_Y": 4987908.4225999992, "Roads": [ [ 3400, 3427, 3428, 3444 ] ], "NeighboringIntersections": "[[{1834: 7.644640316125644, 1851: 12.057576668152338, 1857: 3.728420453921543}]]" }, "geometry": { "type": "Point", "coordinates": [ 466588.791799999773502, 4987908.42259999923408 ] } },
{ "type": "Feature", "properties": { "OBJECTID": 19551, "POINT_X": 466591.01979999989, "POINT_Y": 4986195.9799000006, "Roads": [ [ 3429, 3430, 3460 ] ], "NeighboringIntersections": "[[{1816: 14.54878665621991, 1864: 6.6113505726205375}]]" }, "geometry": { "type": "Point", "coordinates": [ 466591.019799999892712, 4986195.979900000616908 ] } },
{ "type": "Feature", "properties": { "OBJECTID": 19552, "POINT_X": 466591.16789999977, "POINT_Y": 4988175.8950999994, "Roads": [ [ 3431, 3432, 3434, 3464 ] ], "NeighboringIntersections": "[[{1846: 4.249505012860721, 1851: 5.133378417314326, 1867: 8.306264469124152}]]" }, "geometry": { "type": "Point", "coordinates": [ 466591.167899999767542, 4988175.895099999383092 ] } },
{ "type": "Feature", "properties": { "OBJECTID": 19559, "POINT_X": 466594.62079999968, "POINT_Y": 4988095.6675000004, "Roads": [ [ 3428, 3433, 3434 ] ], "NeighboringIntersections": "[[{1848: 12.057576668152338, 1817: 12.867414193984542, 1850: 5.133378417314326}]]" }, "geometry": { "type": "Point", "coordinates": [ 466594.620799999684095, 4988095.667500000447035 ] } },
{ "type": "Feature", "properties": { "OBJECTID": 19568, "POINT_X": 466601.7681, "POINT_Y": 4985638.5596999992, "Roads": [ [ 3435, 3436, 3454 ] ], "NeighboringIntersections": "[[{1831: 8.281356166051658, 1863: 4.052983136813721}]]" }, "geometry": { "type": "Point", "coordinates": [ 466601.768099999986589, 4985638.559699999168515 ] } },
{ "type": "Feature", "properties": { "OBJECTID": 19578, "POINT_X": 466612.33559999987, "POINT_Y": 4988683.5765000004, "Roads": [ [ 3437, 3438, 3448 ] ], "NeighboringIntersections": "[[{1802: 31.910548039116986, 1835: 5.800471205316017, 1859: 2.279170919515538}]]" }, "geometry": { "type": "Point", "coordinates": [ 466612.33559999987483, 4988683.576500000432134 ] } },
{ "type": "Feature", "properties": { "OBJECTID": 19589, "POINT_X": 466625.0652000001, "POINT_Y": 4981248.0925999992, "Roads": [ [ 3439, 3441, 3485 ] ], "NeighboringIntersections": "[[{1840: 4.537910264813231, 1855: 36.65168018266051, 1877: 15.685173410255782}]]" }, "geometry": { "type": "Point", "coordinates": [ 466625.065200000070035, 4981248.092599999159575 ] } },
{ "type": "Feature", "properties": { "OBJECTID": 19590, "POINT_X": 466625.59939999972, "POINT_Y": 4980674.626, "Roads": [ [ 3440, 3441, 3486 ] ], "NeighboringIntersections": "[[{1820: 12.807699268073025, 1854: 36.65168018266051, 1878: 12.812780283849294}]]" }, "geometry": { "type": "Point", "coordinates": [ 466625.599399999715388, 4980674.626000000163913 ] } },
{ "type": "Feature", "properties": { "OBJECTID": 19594, "POINT_X": 466628.38970000017, "POINT_Y": 4988326.5233999994, "Roads": [ [ 3442, 3443, 3472 ] ], "NeighboringIntersections": "[[{1843: 3.4456648334868083, 1871: 6.929210038989389}]]" }, "geometry": { "type": "Point", "coordinates": [ 466628.389700000174344, 4988326.523399999365211 ] } },
{ "type": "Feature", "properties": { "OBJECTID": 19611, "POINT_X": 466641.9545, "POINT_Y": 4987885.84, "Roads": [ [ 3444, 3445, 3470 ] ], "NeighboringIntersections": "[[{1848: 3.728420453921543, 1867: 15.279967942394121}]]" }, "geometry": { "type": "Point", "coordinates": [ 466641.9545, 4987885.839999999850988 ] } },
{ "type": "Feature", "properties": { "OBJECTID": 19612, "POINT_X": 466642.2259, "POINT_Y": 4986489.6269000005, "Roads": [ [ 3446, 3447, 3463 ] ], "NeighboringIntersections": "[[{1838: 6.055493718866681, 1839: 17.80071869996976, 1866: 2.9434592473852175}]]" }, "geometry": { "type": "Point", "coordinates": [ 466642.225899999961257, 4986489.626900000497699 ] } },
{ "type": "Feature", "properties": { "OBJECTID": 19617, "POINT_X": 466647.99540000036, "POINT_Y": 4988683.3068000004, "Roads": [ [ 3448, 3449, 3482 ] ], "NeighboringIntersections": "[[{1853: 2.279170919515538, 1875: 8.400054130245763}]]" }, "geometry": { "type": "Point", "coordinates": [ 466647.995400000363588, 4988683.306800000369549 ] } },
{ "type": "Feature", "properties": { "OBJECTID": 19620, "POINT_X": 466653.64460000023, "POINT_Y": 4985530.5966999996, "Roads": [ [ 3450, 3453, 3475 ] ], "NeighboringIntersections": "[[{1862: 3.702657178151977}]]" }, "geometry": { "type": "Point", "coordinates": [ 466653.644600000232458, 4985530.596699999645352 ] } },
{ "type": "Feature", "properties": { "OBJECTID": 19634, "POINT_X": 466661.4057, "POINT_Y": 4987334.4367999993, "Roads": [ [ 3451, 3458, 3478 ] ], "NeighboringIntersections": "[[{1836: 8.898241131668277, 1873: 6.919709635282491}]]" }, "geometry": { "type": "Point", "coordinates": [ 466661.4057, 4987334.436799999326468 ] } },
{ "type": "Feature", "properties": { "OBJECTID": 19636, "POINT_X": 466661.83019999973, "POINT_Y": 4985474.2651000004, "Roads": [ [ 3452, 3453, 3500 ] ], "NeighboringIntersections": "[[{1832: 10.487907508002808, 1860: 3.702657178151977, 1887: 11.942712544957827}]]" }, "geometry": { "type": "Point", "coordinates": [ 466661.830199999734759, 4985474.265100000426173 ] } },
{ "type": "Feature", "properties": { "OBJECTID": 19640, "POINT_X": 466664.05719999969, "POINT_Y": 4985645.2128999997, "Roads": [ [ 3454, 3455, 3456 ] ], "NeighboringIntersections": "[[{1852: 4.052983136813721, 1874: 15.385945621930825}]]" }, "geometry": { "type": "Point", "coordinates": [ 466664.057199999690056, 4985645.212899999693036 ] } },
{ "type": "Feature", "properties": { "OBJECTID": 19665, "POINT_X": 466684.1146, "POINT_Y": 4986225.639, "Roads": [ [ 3459, 3460, 3484 ] ], "NeighboringIntersections": "[[{1849: 6.6113505726205375, 1876: 6.812866495787628}]]" }, "geometry": { "type": "Point", "coordinates": [ 466684.114599999971688, 4986225.639000000432134 ] } },
{ "type": "Feature", "properties": { "OBJECTID": 19667, "POINT_X": 466685.6453999998, "POINT_Y": 4987518.1722999997, "Roads": [ [ 3461, 3462, 3479 ] ], "NeighboringIntersections": "[[{1833: 11.310313716444531, 1868: 7.006251792556459, 1873: 16.265139169225822}]]" }, "geometry": { "type": "Point", "coordinates": [ 466685.645399999804795, 4987518.1722999997437 ] } },
{ "type": "Feature", "properties": { "OBJECTID": 19671, "POINT_X": 466688.24789999984, "POINT_Y": 4986490.7188000008, "Roads": [ [ 3415, 3463, 3514 ] ], "NeighboringIntersections": "[[{1841: 17.528407810632398, 1858: 2.9434592473852175, 1895: 11.249684020121803}]]" }, "geometry": { "type": "Point", "coordinates": [ 466688.247899999842048, 4986490.718800000846386 ] } },
{ "type": "Feature", "properties": { "OBJECTID": 19673, "POINT_X": 466690.08129999973, "POINT_Y": 4988104.9488999993, "Roads": [ [ 3445, 3464, 3465 ] ], "NeighboringIntersections": "[[{1857: 15.279967942394121, 1850: 8.306264469124152, 1870: 2.990936078463282}]]" }, "geometry": { "type": "Point", "coordinates": [ 466690.081299999728799, 4988104.948899999260902 ] } },
{ "type": "Feature", "properties": { "OBJECTID": 19678, "POINT_X": 466691.24579999968, "POINT_Y": 4987627.551000001, "Roads": [ [ 3462, 3466, 3490 ] ], "NeighboringIntersections": "[[{1865: 7.006251792556459, 1880: 9.044930750236025}]]" }, "geometry": { "type": "Point", "coordinates": [ 466691.245799999684095, 4987627.551000000908971 ] } },
{ "type": "Feature", "properties": { "OBJECTID": 19696, "POINT_X": 466712.56840000022, "POINT_Y": 4985873.9807999991, "Roads": [ [ 3457, 3468, 3469, 3480 ] ], "NeighboringIntersections": "[[{1812: 23.53006053750093, 1874: 6.141355339368699}]]" }, "geometry": { "type": "Point", "coordinates": [ 466712.568400000222027, 4985873.980799999088049 ] } },
{ "type": "Feature", "properties": { "OBJECTID": 19700, "POINT_X": 466718.64329999965, "POINT_Y": 4988142.0192000009, "Roads": [ [ 3465, 3471, 3476 ] ], "NeighboringIntersections": "[[{1867: 2.990936078463282}]]" }, "geometry": { "type": "Point", "coordinates": [ 466718.643299999646842, 4988142.019200000911951 ] } },
{ "type": "Feature", "properties": { "OBJECTID": 19730, "POINT_X": 466732.823, "POINT_Y": 4988354.4438000005, "Roads": [ [ 3419, 3472, 3474 ] ], "NeighboringIntersections": "[[{1843: 39.55728135677276, 1856: 6.929210038989389, 1872: 4.040025254515886}]]" }, "geometry": { "type": "Point", "coordinates": [ 466732.822999999858439, 4988354.443800000473857 ] } },
{ "type": "Feature", "properties": { "OBJECTID": 19740, "POINT_X": 466740.28980000038, "POINT_Y": 4988291.6744999997, "Roads": [ [ 3473, 3474, 3505 ] ], "NeighboringIntersections": "[[{1846: 10.504171495572237, 1871: 4.040025254515886, 1890: 7.00655661373058}]]" }, "geometry": { "type": "Point", "coordinates": [ 466740.289800000376999, 4988291.674499999731779 ] } },
{ "type": "Feature", "properties": { "OBJECTID": 19795, "POINT_X": 466769.60259999987, "POINT_Y": 4987338.3749000002, "Roads": [ [ 3477, 3478, 3479 ] ], "NeighboringIntersections": "[[{1861: 6.919709635282491, 1865: 16.265139169225822}]]" }, "geometry": { "type": "Point", "coordinates": [ 466769.60259999986738, 4987338.374900000169873 ] } },
{ "type": "Feature", "properties": { "OBJECTID": 19813, "POINT_X": 466776.54619999975, "POINT_Y": 4985814.7534999996, "Roads": [ [ 3456, 3480, 3508 ] ], "NeighboringIntersections": "[[{1863: 15.385945621930825, 1869: 6.141355339368699, 1892: 4.851834352486704}]]" }, "geometry": { "type": "Point", "coordinates": [ 466776.54619999974966, 4985814.753499999642372 ] } },
{ "type": "Feature", "properties": { "OBJECTID": 19823, "POINT_X": 466779.1541, "POINT_Y": 4988675.8324999996, "Roads": [ [ 3481, 3482, 3517 ] ], "NeighboringIntersections": "[[{1859: 8.400054130245763, 1896: 5.810154031408394}]]" }, "geometry": { "type": "Point", "coordinates": [ 466779.154099999926984, 4988675.832499999552965 ] } },
{ "type": "Feature", "properties": { "OBJECTID": 19859, "POINT_X": 466790.30520000029, "POINT_Y": 4986218.3984999992, "Roads": [ [ 3483, 3484, 3502 ] ], "NeighboringIntersections": "[[{1864: 6.812866495787628, 1888: 3.778877670020222}]]" }, "geometry": { "type": "Point", "coordinates": [ 466790.305200000293553, 4986218.398499999195337 ] } },
{ "type": "Feature", "properties": { "OBJECTID": 19960, "POINT_X": 466824.23060000036, "POINT_Y": 4981380.3662, "Roads": [ [ 3485, 3489, 3576 ] ], "NeighboringIntersections": "[[{1854: 15.685173410255782, 1879: 33.76487540622498, 1927: 17.676035166280094}]]" }, "geometry": { "type": "Point", "coordinates": [ 466824.230600000359118, 4981380.3662 ] } },
{ "type": "Feature", "properties": { "OBJECTID": 19967, "POINT_X": 466825.99969999958, "POINT_Y": 4980669.196, "Roads": [ [ 3486, 3487, 3488 ] ], "NeighboringIntersections": "[[{1855: 12.812780283849294, 1879: 11.688037096045152}]]" }, "geometry": { "type": "Point", "coordinates": [ 466825.999699999578297, 4980669.196000000461936 ] } },
{ "type": "Feature", "properties": { "OBJECTID": 19971, "POINT_X": 466826.27259999979, "POINT_Y": 4980852.0714999996, "Roads": [ [ 3487, 3489, 3540 ] ], "NeighboringIntersections": "[[{1878: 11.688037096045152, 1877: 33.76487540622498}]]" }, "geometry": { "type": "Point", "coordinates": [ 466826.272599999792874, 4980852.07149999961257 ] } },
{ "type": "Feature", "properties": { "OBJECTID": 19987, "POINT_X": 466832.55549999978, "POINT_Y": 4987620.5047999993, "Roads": [ [ 3490, 3491, 3499 ] ], "NeighboringIntersections": "[[{1868: 9.044930750236025, 1881: 7.0755889255340545, 1886: 22.294199436907057}]]" }, "geometry": { "type": "Point", "coordinates": [ 466832.555499999783933, 4987620.504799999296665 ] } },
{ "type": "Feature", "properties": { "OBJECTID": 19999, "POINT_X": 466836.69859999977, "POINT_Y": 4987731.1271000002, "Roads": [ [ 3491, 3492, 3562 ] ], "NeighboringIntersections": "[[{1880: 7.0755889255340545, 1885: 9.431502183963323, 1921: 8.340115946733683}]]" }, "geometry": { "type": "Point", "coordinates": [ 466836.698599999770522, 4987731.127100000157952 ] } },
{ "type": "Feature", "properties": { "OBJECTID": 20030, "POINT_X": 466845.93560000043, "POINT_Y": 4986723.743000001, "Roads": [ [ 3493, 3494, 3497, 3510 ] ], "NeighboringIntersections": "[[{1695: 53.174210290926794, 1886: 35.057547689834564, 1884: 0.8584265986308713, 1893: 0.5329693454936445}]]" }, "geometry": { "type": "Point", "coordinates": [ 466845.935600000433624, 4986723.743000000715256 ] } },
{ "type": "Feature", "properties": { "OBJECTID": 20031, "POINT_X": 466846.31170000043, "POINT_Y": 4985644.0387999993, "Roads": [ [ 3495, 3501, 3554 ] ], "NeighboringIntersections": "[[{1892: 10.891555836465287, 1887: 10.95022041339988, 1917: 7.614312750772718}]]" }, "geometry": { "type": "Point", "coordinates": [ 466846.311700000427663, 4985644.038799999281764 ] } },
{ "type": "Feature", "properties": { "OBJECTID": 20033, "POINT_X": 466846.50289999973, "POINT_Y": 4986710.3236999996, "Roads": [ [ 3496, 3497, 3512, 3515 ] ], "NeighboringIntersections": "[[{1697: 53.02220187165935, 1882: 0.8584265986308713, 1894: 0.5332575242338692, 1895: 11.47952018098103}]]" }, "geometry": { "type": "Point", "coordinates": [ 466846.502899999730289, 4986710.323699999600649 ] } },
{ "type": "Feature", "properties": { "OBJECTID": 20034, "POINT_X": 466847.6316, "POINT_Y": 4987878.2906, "Roads": [ [ 3492, 3498, 3558 ] ], "NeighboringIntersections": "[[{1881: 9.431502183963323, 1889: 7.910965772632964, 1919: 7.5303478965682205}]]" }, "geometry": { "type": "Point", "coordinates": [ 466847.631599999964237, 4987878.2906 ] } },
{ "type": "Feature", "properties": { "OBJECTID": 20035, "POINT_X": 466848.08779999986, "POINT_Y": 4987272.1951000001, "Roads": [ [ 3494, 3499, 3511, 3545 ] ], "NeighboringIntersections": "[[{1882: 35.057547689834564, 1880: 22.294199436907057, 1893: 35.14111362502354, 1912: 5.970645299550075}]]" }, "geometry": { "type": "Point", "coordinates": [ 466848.087799999862909, 4987272.19510000012815 ] } },
{ "type": "Feature", "properties": { "OBJECTID": 20037, "POINT_X": 466848.68429999985, "POINT_Y": 4985472.7237, "Roads": [ [ 3500, 3501, 3544, 3572 ] ], "NeighboringIntersections": "[[{1862: 11.942712544957827, 1883: 10.95022041339988, 1911: 37.92320935664185, 1925: 9.762391135946645}]]" }, "geometry": { "type": "Point", "coordinates": [ 466848.684299999848008, 4985472.7237 ] } },
{ "type": "Feature", "properties": { "OBJECTID": 20041, "POINT_X": 466849.20579999965, "POINT_Y": 4986214.1447000001, "Roads": [ [ 3502, 3503, 3507 ] ], "NeighboringIntersections": "[[{1876: 3.778877670020222, 1895: 20.302389118604168, 1891: 18.55218665721781}]]" }, "geometry": { "type": "Point", "coordinates": [ 466849.205799999646842, 4986214.1447 ] } },
{ "type": "Feature", "properties": { "OBJECTID": 20042, "POINT_X": 466849.32870000042, "POINT_Y": 4988002.0571, "Roads": [ [ 3498, 3504, 3559 ] ], "NeighboringIntersections": "[[{1885: 7.910965772632964, 1890: 18.5632776064968, 1919: 14.47924821830395}]]" }, "geometry": { "type": "Point", "coordinates": [ 466849.328700000420213, 4988002.057099999859929 ] } },
{ "type": "Feature", "properties": { "OBJECTID": 20043, "POINT_X": 466849.84939999972, "POINT_Y": 4988292.5051000006, "Roads": [ [ 3504, 3505, 3506, 3568 ] ], "NeighboringIntersections": "[[{1889: 18.5632776064968, 1872: 7.00655661373058, 1896: 24.442275893509752, 1924: 9.269216516718608}]]" }, "geometry": { "type": "Point", "coordinates": [ 466849.849399999715388, 4988292.505100000649691 ] } },
{ "type": "Feature", "properties": { "OBJECTID": 20045, "POINT_X": 466850.83530000038, "POINT_Y": 4985924.2763, "Roads": [ [ 3507, 3509, 3560 ] ], "NeighboringIntersections": "[[{1888: 18.55218665721781, 1892: 7.034649753313211, 1920: 8.905245707350206}]]" }, "geometry": { "type": "Point", "coordinates": [ 466850.83530000038445, 4985924.2763 ] } },
{ "type": "Feature", "properties": { "OBJECTID": 20048, "POINT_X": 466852.45839999989, "POINT_Y": 4985814.2698, "Roads": [ [ 3495, 3508, 3509 ] ], "NeighboringIntersections": "[[{1883: 10.891555836465287, 1874: 4.851834352486704, 1891: 7.034649753313211}]]" }, "geometry": { "type": "Point", "coordinates": [ 466852.458399999886751, 4985814.269799999892712 ] } },
{ "type": "Feature", "properties": { "OBJECTID": 20055, "POINT_X": 466856.596, "POINT_Y": 4986722.6006000005, "Roads": [ [ 3510, 3511, 3513, 3834 ] ], "NeighboringIntersections": "[[{1882: 0.5329693454936445, 1886: 35.14111362502354, 1894: 0.8582840641879487, 2072: 47.529433184547855}]]" }, "geometry": { "type": "Point", "coordinates": [ 466856.595999999903142, 4986722.600600000470877 ] } },
{ "type": "Feature", "properties": { "OBJECTID": 20058, "POINT_X": 466857.16959999967, "POINT_Y": 4986709.1838000007, "Roads": [ [ 3512, 3513, 3516, 3826 ] ], "NeighboringIntersections": "[[{1884: 0.5332575242338692, 1893: 0.8582840641879487, 1895: 11.375220790907596, 2067: 44.65613366243702}]]" }, "geometry": { "type": "Point", "coordinates": [ 466857.169599999673665, 4986709.183800000697374 ] } },
{ "type": "Feature", "properties": { "OBJECTID": 20064, "POINT_X": 466858.90070000011, "POINT_Y": 4986531.4321, "Roads": [ [ 3503, 3514, 3515, 3516, 3565 ] ], "NeighboringIntersections": "[[{1888: 20.302389118604168, 1866: 11.249684020121803, 1884: 11.47952018098103, 1894: 11.375220790907596, 1922: 8.8476490306545}]]" }, "geometry": { "type": "Point", "coordinates": [ 466858.900700000114739, 4986531.432099999859929 ] } },
{ "type": "Feature", "properties": { "OBJECTID": 20083, "POINT_X": 466870.03, "POINT_Y": 4988674.1601999998, "Roads": [ [ 3506, 3517, 3518, 3550 ] ], "NeighboringIntersections": "[[{1890: 24.442275893509752, 1875: 5.810154031408394, 1898: 15.452457546650132, 1915: 5.150208585836949}]]" }, "geometry": { "type": "Point", "coordinates": [ 466870.03000000026077, 4988674.160199999809265 ] } },
{ "type": "Feature", "properties": { "OBJECTID": 20090, "POINT_X": 466873.26159999985, "POINT_Y": 4989246.6733, "Roads": [ [ 3519, 3523, 3528 ] ], "NeighboringIntersections": "[[{1899: 7.148494213032537, 1900: 7.347226820255361, 1903: 0.6700535476904974}]]" }, "geometry": { "type": "Point", "coordinates": [ 466873.261599999852479, 4989246.6733 ] } },
{ "type": "Feature", "properties": { "OBJECTID": 20092, "POINT_X": 466874.58239999972, "POINT_Y": 4988915.7226, "Roads": [ [ 3518, 3520, 3580 ] ], "NeighboringIntersections": "[[{1896: 15.452457546650132, 1900: 11.168954956672628, 1929: 9.493169587353245}]]" }, "geometry": { "type": "Point", "coordinates": [ 466874.582399999722838, 4988915.7226 ] } },
{ "type": "Feature", "properties": { "OBJECTID": 20094, "POINT_X": 466875.17750000022, "POINT_Y": 4989374.4589000009, "Roads": [ [ 3519, 3521, 3522, 3533 ] ], "NeighboringIntersections": "[[{1897: 7.148494213032537, 1826: 28.005858256836174, 1901: 8.44173128928198, 1906: 0.6219804301480713}]]" }, "geometry": { "type": "Point", "coordinates": [ 466875.177500000223517, 4989374.45890000090003 ] } },
{ "type": "Feature", "properties": { "OBJECTID": 20095, "POINT_X": 466876.0504000001, "POINT_Y": 4989115.4264000002, "Roads": [ [ 3520, 3523, 3524 ] ], "NeighboringIntersections": "[[{1898: 11.168954956672628, 1897: 7.347226820255361, 1903: 7.3523696751169725}]]" }, "geometry": { "type": "Point", "coordinates": [ 466876.050400000065565, 4989115.426400000229478 ] } },
{ "type": "Feature", "properties": { "OBJECTID": 20098, "POINT_X": 466877.92420000024, "POINT_Y": 4989525.385, "Roads": [ [ 3522, 3525, 3526, 3531 ] ], "NeighboringIntersections": "[[{1899: 8.44173128928198, 1827: 19.389387903219408, 1902: 0.7891201499625111, 1905: 0.2864779118058432}]]" }, "geometry": { "type": "Point", "coordinates": [ 466877.924200000241399, 4989525.384999999776483 ] } },
{ "type": "Feature", "properties": { "OBJECTID": 20099, "POINT_X": 466878.2018, "POINT_Y": 4989539.493000001, "Roads": [ [ 3526, 3527, 3530 ] ], "NeighboringIntersections": "[[{1901: 0.7891201499625111, 1828: 19.347819298860244, 1904: 0.2698842544555785}]]" }, "geometry": { "type": "Point", "coordinates": [ 466878.201799999922514, 4989539.493000000715256 ] } },
{ "type": "Feature", "properties": { "OBJECTID": 20119, "POINT_X": 466883.74270000029, "POINT_Y": 4989246.4299, "Roads": [ [ 3524, 3528, 3529, 3552 ] ], "NeighboringIntersections": "[[{1900: 7.3523696751169725, 1897: 0.6700535476904974, 1906: 7.158981647992413}]]" }, "geometry": { "type": "Point", "coordinates": [ 466883.742700000293553, 4989246.42989999987185 ] } },
{ "type": "Feature", "properties": { "OBJECTID": 20120, "POINT_X": 466884.23060000036, "POINT_Y": 4989539.7029, "Roads": [ [ 3530, 3532, 3709 ] ], "NeighboringIntersections": "[[{1902: 0.2698842544555785, 1905: 0.7889623880529786, 2001: 24.06530441996753}]]" }, "geometry": { "type": "Point", "coordinates": [ 466884.230600000359118, 4989539.7029 ] } },
{ "type": "Feature", "properties": { "OBJECTID": 20121, "POINT_X": 466884.32409999985, "POINT_Y": 4989525.5953000002, "Roads": [ [ 3531, 3532, 3534, 3707 ] ], "NeighboringIntersections": "[[{1901: 0.2864779118058432, 1904: 0.7889623880529786, 1906: 8.45414963342093, 2000: 24.043290852552236}]]" }, "geometry": { "type": "Point", "coordinates": [ 466884.324099999852479, 4989525.595300000160933 ] } },
{ "type": "Feature", "properties": { "OBJECTID": 20122, "POINT_X": 466884.90919999965, "POINT_Y": 4989374.4263000004, "Roads": [ [ 3529, 3533, 3534, 3570 ] ], "NeighboringIntersections": "[[{1903: 7.158981647992413, 1899: 0.6219804301480713, 1905: 8.45414963342093}]]" }, "geometry": { "type": "Point", "coordinates": [ 466884.909199999645352, 4989374.426300000399351 ] } },
{ "type": "Feature", "properties": { "OBJECTID": 20141, "POINT_X": 466898.90440000035, "POINT_Y": 4981639.5090999994, "Roads": [ [ 3535, 3536, 3537, 3577 ] ], "NeighboringIntersections": "[[{1837: 26.049407776808344, 1908: 4.188478932057224, 1916: 5.763500043673329, 1927: 11.262748600007217}]]" }, "geometry": { "type": "Point", "coordinates": [ 466898.904400000348687, 4981639.509099999442697 ] } },
{ "type": "Feature", "properties": { "OBJECTID": 20151, "POINT_X": 466904.06209999975, "POINT_Y": 4981694.02, "Roads": [ [ 3536, 3538, 3539, 3553 ] ], "NeighboringIntersections": "[[{1907: 4.188478932057224, 1842: 13.958641334451782, 1909: 1.7847836080734734, 1916: 2.274424798111873}]]" }, "geometry": { "type": "Point", "coordinates": [ 466904.06209999974817, 4981694.019999999552965 ] } },
{ "type": "Feature", "properties": { "OBJECTID": 20163, "POINT_X": 466917.38289999962, "POINT_Y": 4981713.8758000005, "Roads": [ [ 3539, 3542, 3557, 3651 ] ], "NeighboringIntersections": "[[{1908: 1.7847836080734734, 1845: 14.303097985051503, 1918: 4.950478082993751, 1967: 14.176468014284866}]]" }, "geometry": { "type": "Point", "coordinates": [ 466917.38289999961853, 4981713.875800000503659 ] } },
{ "type": "Feature", "properties": { "OBJECTID": 20180, "POINT_X": 466927.5471000001, "POINT_Y": 4987432.7663000003, "Roads": [ [ 3541, 3543, 3583 ] ], "NeighboringIntersections": "[[{1939: 19.340195302068928, 1931: 6.126952273673514}]]" }, "geometry": { "type": "Point", "coordinates": [ 466927.547100000083447, 4987432.76630000025034 ] } },
{ "type": "Feature", "properties": { "OBJECTID": 20193, "POINT_X": 466935.0998999998, "POINT_Y": 4984904.1146000009, "Roads": [ [ 3544, 3567, 3618 ] ], "NeighboringIntersections": "[[{1887: 37.92320935664185, 1923: 5.635017044034364, 1951: 15.099848989963862}]]" }, "geometry": { "type": "Point", "coordinates": [ 466935.099899999797344, 4984904.11460000090301 ] } },
{ "type": "Feature", "properties": { "OBJECTID": 20200, "POINT_X": 466941.42389999982, "POINT_Y": 4987276.1323000006, "Roads": [ [ 3545, 3547, 3642 ] ], "NeighboringIntersections": "[[{1886: 5.970645299550075, 1913: 9.64942483204949, 1963: 17.022579586747682}]]" }, "geometry": { "type": "Point", "coordinates": [ 466941.423899999819696, 4987276.13230000063777 ] } },
{ "type": "Feature", "properties": { "OBJECTID": 20202, "POINT_X": 466942.98089999985, "POINT_Y": 4987136.1006000005, "Roads": [ [ 3546, 3547, 3600 ] ], "NeighboringIntersections": "[[{1912: 9.64942483204949, 1942: 9.127192088577385}]]" }, "geometry": { "type": "Point", "coordinates": [ 466942.980899999849498, 4987136.100600000470877 ] } },
{ "type": "Feature", "properties": { "OBJECTID": 20207, "POINT_X": 466947.2522, "POINT_Y": 4988397.2954999991, "Roads": [ [ 3548, 3549, 3569 ] ], "NeighboringIntersections": "[[{1924: 7.501882016799397}]]" }, "geometry": { "type": "Point", "coordinates": [ 466947.252199999988079, 4988397.295499999076128 ] } },
{ "type": "Feature", "properties": { "OBJECTID": 20213, "POINT_X": 466950.55289999954, "POINT_Y": 4988677.1859000009, "Roads": [ [ 3550, 3551, 3595 ] ], "NeighboringIntersections": "[[{1896: 5.150208585836949, 1937: 6.733702517640269}]]" }, "geometry": { "type": "Point", "coordinates": [ 466950.552899999544024, 4988677.185900000855327 ] } },
{ "type": "Feature", "properties": { "OBJECTID": 20217, "POINT_X": 466954.6651999997, "POINT_Y": 4981670.2347, "Roads": [ [ 3537, 3553, 3770 ] ], "NeighboringIntersections": "[[{1907: 5.763500043673329, 1908: 2.274424798111873, 2035: 29.80685507367074}]]" }, "geometry": { "type": "Point", "coordinates": [ 466954.665199999697506, 4981670.2347 ] } },
{ "type": "Feature", "properties": { "OBJECTID": 20218, "POINT_X": 466956.30570000038, "POINT_Y": 4985676.3527000006, "Roads": [ [ 3554, 3555, 3571, 3575 ] ], "NeighboringIntersections": "[[{1883: 7.614312750772718, 1962: 26.59940630526325, 1926: 9.67233367866088}]]" }, "geometry": { "type": "Point", "coordinates": [ 466956.305700000375509, 4985676.352700000628829 ] } },
{ "type": "Feature", "properties": { "OBJECTID": 20222, "POINT_X": 466961.63350000046, "POINT_Y": 4981777.4258999992, "Roads": [ [ 3556, 3557, 3587, 3652 ] ], "NeighboringIntersections": "[[{1847: 26.10510032823862, 1909: 4.950478082993751, 1933: 7.55319571602515, 1967: 23.249979700103996}]]" }, "geometry": { "type": "Point", "coordinates": [ 466961.633500000461936, 4981777.425899999216199 ] } },
{ "type": "Feature", "properties": { "OBJECTID": 20232, "POINT_X": 466965.43659999967, "POINT_Y": 4987880.3406000007, "Roads": [ [ 3558, 3559, 3563, 3621 ] ], "NeighboringIntersections": "[[{1885: 7.5303478965682205, 1889: 14.47924821830395, 1921: 9.37080686667737, 1953: 14.416298222493232}]]" }, "geometry": { "type": "Point", "coordinates": [ 466965.436599999666214, 4987880.340600000694394 ] } },
{ "type": "Feature", "properties": { "OBJECTID": 20236, "POINT_X": 466967.0362999998, "POINT_Y": 4985978.618000001, "Roads": [ [ 3560, 3561, 3591, 3596 ] ], "NeighboringIntersections": "[[{1891: 8.905245707350206, 1938: 8.335178256437803}]]" }, "geometry": { "type": "Point", "coordinates": [ 466967.036299999803305, 4985978.618000000715256 ] } },
{ "type": "Feature", "properties": { "OBJECTID": 20237, "POINT_X": 466967.16540000029, "POINT_Y": 4987733.7314, "Roads": [ [ 3562, 3563, 3622 ] ], "NeighboringIntersections": "[[{1881: 8.340115946733683, 1919: 9.37080686667737, 1953: 9.989434788323175}]]" }, "geometry": { "type": "Point", "coordinates": [ 466967.165400000289083, 4987733.7314 ] } },
{ "type": "Feature", "properties": { "OBJECTID": 20264, "POINT_X": 466986.7922, "POINT_Y": 4986584.4157999996, "Roads": [ [ 3565, 3566, 3579, 3726 ] ], "NeighboringIntersections": "[[{1895: 8.8476490306545, 1928: 3.483532303174, 2011: 33.207229891706504}]]" }, "geometry": { "type": "Point", "coordinates": [ 466986.792200000025332, 4986584.41579999960959 ] } },
{ "type": "Feature", "properties": { "OBJECTID": 20270, "POINT_X": 466990.56570000015, "POINT_Y": 4984835.6607000008, "Roads": [ [ 3567, 3619, 3696 ] ], "NeighboringIntersections": "[[{1911: 5.635017044034364, 1952: 12.461019094017566, 1993: 25.468375664465697}]]" }, "geometry": { "type": "Point", "coordinates": [ 466990.565700000151992, 4984835.660700000822544 ] } },
{ "type": "Feature", "properties": { "OBJECTID": 20278, "POINT_X": 466994.84240000043, "POINT_Y": 4988295.6693999991, "Roads": [ [ 3568, 3569, 3624 ] ], "NeighboringIntersections": "[[{1890: 9.269216516718608, 1914: 7.501882016799397, 1955: 10.584363828571389}]]" }, "geometry": { "type": "Point", "coordinates": [ 466994.842400000430644, 4988295.669399999082088 ] } },
{ "type": "Feature", "properties": { "OBJECTID": 20288, "POINT_X": 467001.43010000046, "POINT_Y": 4985473.1053, "Roads": [ [ 3572, 3573, 3609 ] ], "NeighboringIntersections": "[[{1887: 9.762391135946645, 1926: 4.18655232286472, 1947: 6.033409961658659}]]" }, "geometry": { "type": "Point", "coordinates": [ 467001.430100000463426, 4985473.1053 ] } },
{ "type": "Feature", "properties": { "OBJECTID": 20289, "POINT_X": 467001.5274, "POINT_Y": 4985538.6097, "Roads": [ [ 3573, 3574, 3575 ] ], "NeighboringIntersections": "[[{1925: 4.18655232286472, 1917: 9.67233367866088}]]" }, "geometry": { "type": "Point", "coordinates": [ 467001.527400000020862, 4985538.6097 ] } },
{ "type": "Feature", "properties": { "OBJECTID": 20292, "POINT_X": 467005.139, "POINT_Y": 4981533.4430999998, "Roads": [ [ 3576, 3577, 3684 ] ], "NeighboringIntersections": "[[{1877: 17.676035166280094, 1907: 11.262748600007217, 1987: 23.68853137497314}]]" }, "geometry": { "type": "Point", "coordinates": [ 467005.139000000432134, 4981533.443099999800324 ] } },
{ "type": "Feature", "properties": { "OBJECTID": 20294, "POINT_X": 467010.069, "POINT_Y": 4986535.2096999995, "Roads": [ [ 3578, 3579, 3588 ] ], "NeighboringIntersections": "[[{1922: 3.483532303174, 1934: 4.227557074189372}]]" }, "geometry": { "type": "Point", "coordinates": [ 467010.06900000013411, 4986535.209699999541044 ] } },
{ "type": "Feature", "properties": { "OBJECTID": 20295, "POINT_X": 467012.66079999972, "POINT_Y": 4988958.6663000006, "Roads": [ [ 3580, 3581, 3603 ] ], "NeighboringIntersections": "[[{1898: 9.493169587353245, 1943: 4.558044765989507}]]" }, "geometry": { "type": "Point", "coordinates": [ 467012.660799999721348, 4988958.666300000622869 ] } },
{ "type": "Feature", "properties": { "OBJECTID": 20299, "POINT_X": 467014.7742999997, "POINT_Y": 4986157.4178, "Roads": [ [ 3564, 3582, 3597 ] ], "NeighboringIntersections": "[[{1938: 6.33563804864373}]]" }, "geometry": { "type": "Point", "coordinates": [ 467014.774299999698997, 4986157.4178 ] } },
{ "type": "Feature", "properties": { "OBJECTID": 20306, "POINT_X": 467023.37310000043, "POINT_Y": 4987435.4915999994, "Roads": [ [ 3583, 3584, 3656 ] ], "NeighboringIntersections": "[[{1910: 6.126952273673514, 1970: 17.060132040091055}]]" }, "geometry": { "type": "Point", "coordinates": [ 467023.373100000433624, 4987435.491599999368191 ] } },
{ "type": "Feature", "properties": { "OBJECTID": 20329, "POINT_X": 467045.39219999965, "POINT_Y": 4988215.1921999995, "Roads": [ [ 3586, 3599, 3625 ] ], "NeighboringIntersections": "[[{1941: 11.411158718055274, 1955: 6.69713252875682}]]" }, "geometry": { "type": "Point", "coordinates": [ 467045.392199999652803, 4988215.192199999466538 ] } },
{ "type": "Feature", "properties": { "OBJECTID": 20334, "POINT_X": 467048.06780000031, "POINT_Y": 4981855.8658000007, "Roads": [ [ 3587, 3592, 3598, 3629 ] ], "NeighboringIntersections": "[[{1918: 7.55319571602515, 1936: 7.753210270474725, 1940: 2.961590841805151, 1957: 7.15472350353726}]]" }, "geometry": { "type": "Point", "coordinates": [ 467048.067800000309944, 4981855.865800000727177 ] } },
{ "type": "Feature", "properties": { "OBJECTID": 20335, "POINT_X": 467049.7116, "POINT_Y": 4986484.6108, "Roads": [ [ 3588, 3590, 3631 ] ], "NeighboringIntersections": "[[{1928: 4.227557074189372, 1935: 9.991577889310676}]]" }, "geometry": { "type": "Point", "coordinates": [ 467049.711600000038743, 4986484.6108 ] } },
{ "type": "Feature", "properties": { "OBJECTID": 20336, "POINT_X": 467050.0899, "POINT_Y": 4986328.2865999993, "Roads": [ [ 3589, 3590, 3697 ] ], "NeighboringIntersections": "[[{1934: 9.991577889310676, 1994: 29.677634806007624}]]" }, "geometry": { "type": "Point", "coordinates": [ 467050.089900000020862, 4986328.286599999293685 ] } },
{ "type": "Feature", "properties": { "OBJECTID": 20338, "POINT_X": 467052.25590000022, "POINT_Y": 4981972.2686000001, "Roads": [ [ 3592, 3593, 3641 ] ], "NeighboringIntersections": "[[{1933: 7.753210270474725}]]" }, "geometry": { "type": "Point", "coordinates": [ 467052.255900000222027, 4981972.2686 ] } },
{ "type": "Feature", "properties": { "OBJECTID": 20345, "POINT_X": 467055.14130000025, "POINT_Y": 4988687.4088000003, "Roads": [ [ 3594, 3595, 3607 ] ], "NeighboringIntersections": "[[{1915: 6.733702517640269, 1946: 2.511302735943374}]]" }, "geometry": { "type": "Point", "coordinates": [ 467055.14130000025034, 4988687.408800000324845 ] } },
{ "type": "Feature", "properties": { "OBJECTID": 20346, "POINT_X": 467056.67349999957, "POINT_Y": 4986068.1369000003, "Roads": [ [ 3596, 3597, 3664 ] ], "NeighboringIntersections": "[[{1920: 8.335178256437803, 1930: 6.33563804864373, 1975: 14.883915251987878}]]" }, "geometry": { "type": "Point", "coordinates": [ 467056.673499999567866, 4986068.136900000274181 ] } },
{ "type": "Feature", "properties": { "OBJECTID": 20352, "POINT_X": 467062.01630000025, "POINT_Y": 4987612.1435000002, "Roads": [ [ 3543, 3585, 3653 ] ], "NeighboringIntersections": "[[{1910: 19.340195302068928, 1968: 10.691435516279986}]]" }, "geometry": { "type": "Point", "coordinates": [ 467062.01630000025034, 4987612.143500000238419 ] } },
{ "type": "Feature", "properties": { "OBJECTID": 20357, "POINT_X": 467065.46079999954, "POINT_Y": 4981813.0162000004, "Roads": [ [ 3598, 3604, 3606 ] ], "NeighboringIntersections": "[[{1933: 2.961590841805151, 1944: 1.4228297143213968, 1945: 10.442987377387771}]]" }, "geometry": { "type": "Point", "coordinates": [ 467065.460799999535084, 4981813.016200000420213 ] } },
{ "type": "Feature", "properties": { "OBJECTID": 20364, "POINT_X": 467072.65479999967, "POINT_Y": 4988049.5643000007, "Roads": [ [ 3599, 3623, 3628 ] ], "NeighboringIntersections": "[[{1932: 11.411158718055274, 1954: 5.39745872909101}]]" }, "geometry": { "type": "Point", "coordinates": [ 467072.654799999669194, 4988049.564300000667572 ] } },
{ "type": "Feature", "properties": { "OBJECTID": 20366, "POINT_X": 467073.24870000035, "POINT_Y": 4987135.9418000001, "Roads": [ [ 3600, 3601, 3626 ] ], "NeighboringIntersections": "[[{1913: 9.127192088577385, 1956: 5.123014962457541}]]" }, "geometry": { "type": "Point", "coordinates": [ 467073.248700000345707, 4987135.941800000146031 ] } },
{ "type": "Feature", "properties": { "OBJECTID": 20377, "POINT_X": 467080.3404000001, "POINT_Y": 4988977.9001000002, "Roads": [ [ 3602, 3603, 3636 ] ], "NeighboringIntersections": "[[{1929: 4.558044765989507, 1961: 7.3719644958820485}]]" }, "geometry": { "type": "Point", "coordinates": [ 467080.340400000102818, 4988977.900100000202656 ] } },
{ "type": "Feature", "properties": { "OBJECTID": 20385, "POINT_X": 467087.5044, "POINT_Y": 4981810.2814000007, "Roads": [ [ 3604, 3605, 3647 ] ], "NeighboringIntersections": "[[{1940: 1.4228297143213968, 1945: 2.7325001687432864, 1966: 7.7253523439156675}]]" }, "geometry": { "type": "Point", "coordinates": [ 467087.504399999976158, 4981810.281400000676513 ] } },
{ "type": "Feature", "properties": { "OBJECTID": 20390, "POINT_X": 467088.86809999961, "POINT_Y": 4981767.9263000004, "Roads": [ [ 3605, 3606, 3648 ] ], "NeighboringIntersections": "[[{1944: 2.7325001687432864, 1940: 10.442987377387771, 1966: 9.658402164170308}]]" }, "geometry": { "type": "Point", "coordinates": [ 467088.86809999961406, 4981767.926300000399351 ] } },
{ "type": "Feature", "properties": { "OBJECTID": 20397, "POINT_X": 467094.3196, "POINT_Y": 4988690.1845999993, "Roads": [ [ 3607, 3608, 3677 ] ], "NeighboringIntersections": "[[{1937: 2.511302735943374, 1950: 4.807244154353129, 1984: 16.03303617560312}]]" }, "geometry": { "type": "Point", "coordinates": [ 467094.319600000046194, 4988690.184599999338388 ] } },
{ "type": "Feature", "properties": { "OBJECTID": 20398, "POINT_X": 467095.83050000016, "POINT_Y": 4985473.4804999996, "Roads": [ [ 3609, 3610, 3613, 3694 ] ], "NeighboringIntersections": "[[{1925: 6.033409961658659, 1948: 4.186522855350555, 1949: 4.94391862048803, 1992: 18.562201683802115}]]" }, "geometry": { "type": "Point", "coordinates": [ 467095.830500000156462, 4985473.480499999597669 ] } },
{ "type": "Feature", "properties": { "OBJECTID": 20399, "POINT_X": 467095.9512, "POINT_Y": 4985538.9844000004, "Roads": [ [ 3610, 3611, 3638 ] ], "NeighboringIntersections": "[[{1947: 4.186522855350555, 1958: 11.04721268939814}]]" }, "geometry": { "type": "Point", "coordinates": [ 467095.951200000010431, 4985538.984400000423193 ] } },
{ "type": "Feature", "properties": { "OBJECTID": 20403, "POINT_X": 467100.1672, "POINT_Y": 4985396.6657999996, "Roads": [ [ 3612, 3613, 3635 ] ], "NeighboringIntersections": "[[{1947: 4.94391862048803}]]" }, "geometry": { "type": "Point", "coordinates": [ 467100.167200000025332, 4985396.66579999960959 ] } },
{ "type": "Feature", "properties": { "OBJECTID": 20413, "POINT_X": 467105.23869999964, "POINT_Y": 4988762.7612999994, "Roads": [ [ 3608, 3615, 3616 ] ], "NeighboringIntersections": "[[{1946: 4.807244154353129, 1960: 5.983733179029949}]]" }, "geometry": { "type": "Point", "coordinates": [ 467105.238699999637902, 4988762.761299999430776 ] } },
{ "type": "Feature", "properties": { "OBJECTID": 20431, "POINT_X": 467120.84949999955, "POINT_Y": 4985027.3424999993, "Roads": [ [ 3617, 3618, 3739 ] ], "NeighboringIntersections": "[[{1911: 15.099848989963862, 2019: 31.58212842891602}]]" }, "geometry": { "type": "Point", "coordinates": [ 467120.849499999545515, 4985027.342499999329448 ] } },
{ "type": "Feature", "properties": { "OBJECTID": 20433, "POINT_X": 467121.57039999962, "POINT_Y": 4984691.3917999994, "Roads": [ [ 3619, 3620, 3660 ] ], "NeighboringIntersections": "[[{1923: 12.461019094017566, 1993: 25.58114124131143, 1972: 12.74046288622046}]]" }, "geometry": { "type": "Point", "coordinates": [ 467121.57039999961853, 4984691.391799999400973 ] } },
{ "type": "Feature", "properties": { "OBJECTID": 20436, "POINT_X": 467123.41619999986, "POINT_Y": 4987737.5910999998, "Roads": [ [ 3621, 3622, 3658 ] ], "NeighboringIntersections": "[[{1919: 14.416298222493232, 1921: 9.989434788323175, 1971: 6.417516122498793}]]" }, "geometry": { "type": "Point", "coordinates": [ 467123.416199999861419, 4987737.591099999845028 ] } },
{ "type": "Feature", "properties": { "OBJECTID": 20439, "POINT_X": 467129.4655, "POINT_Y": 4987988.7888999991, "Roads": [ [ 3614, 3623, 3644 ] ], "NeighboringIntersections": "[[{1941: 5.39745872909101, 1964: 5.273808592836716}]]" }, "geometry": { "type": "Point", "coordinates": [ 467129.465499999932945, 4987988.788899999111891 ] } },
{ "type": "Feature", "properties": { "OBJECTID": 20451, "POINT_X": 467142.3586, "POINT_Y": 4988230.7195999995, "Roads": [ [ 3624, 3625, 3662, 3734 ] ], "NeighboringIntersections": "[[{1924: 10.584363828571389, 1932: 6.69713252875682, 1974: 15.740238409130747, 2015: 39.79948414759711}]]" }, "geometry": { "type": "Point", "coordinates": [ 467142.358599999919534, 4988230.7195999994874 ] } },
{ "type": "Feature", "properties": { "OBJECTID": 20468, "POINT_X": 467151.9020999996, "POINT_Y": 4987135.9601000007, "Roads": [ [ 3626, 3627, 3665 ] ], "NeighboringIntersections": "[[{1942: 5.123014962457541, 1976: 9.275082188427067}]]" }, "geometry": { "type": "Point", "coordinates": [ 467151.902099999599159, 4987135.960100000724196 ] } },
{ "type": "Feature", "properties": { "OBJECTID": 20477, "POINT_X": 467157.12069999985, "POINT_Y": 4981874.2223000005, "Roads": [ [ 3629, 3630, 3671 ] ], "NeighboringIntersections": "[[{1933: 7.15472350353726, 1966: 7.307479695475723, 1980: 10.015146556285815}]]" }, "geometry": { "type": "Point", "coordinates": [ 467157.120699999853969, 4981874.222300000488758 ] } },
{ "type": "Feature", "properties": { "OBJECTID": 20490, "POINT_X": 467163.6305, "POINT_Y": 4985681.4582000002, "Roads": [ [ 3611, 3632, 3640 ] ], "NeighboringIntersections": "[[{1948: 11.04721268939814, 1962: 9.671432471763266}]]" }, "geometry": { "type": "Point", "coordinates": [ 467163.630499999970198, 4985681.458200000226498 ] } },
{ "type": "Feature", "properties": { "OBJECTID": 20496, "POINT_X": 467167.90359999985, "POINT_Y": 4989042.3776999991, "Roads": [ [ 3633, 3637, 3650 ] ], "NeighboringIntersections": "[[{1961: 5.80271992065481}]]" }, "geometry": { "type": "Point", "coordinates": [ 467167.903599999845028, 4989042.377699999138713 ] } },
{ "type": "Feature", "properties": { "OBJECTID": 20498, "POINT_X": 467169.93240000028, "POINT_Y": 4988830.1741000004, "Roads": [ [ 3616, 3634, 3649 ] ], "NeighboringIntersections": "[[{1950: 5.983733179029949, 1961: 8.335358863220039}]]" }, "geometry": { "type": "Point", "coordinates": [ 467169.932400000281632, 4988830.174100000411272 ] } },
{ "type": "Feature", "properties": { "OBJECTID": 20526, "POINT_X": 467190.30850000028, "POINT_Y": 4988954.3938999996, "Roads": [ [ 3634, 3636, 3637, 3669 ] ], "NeighboringIntersections": "[[{1960: 8.335358863220039, 1943: 7.3719644958820485, 1959: 5.80271992065481, 1979: 7.8177653098246225}]]" }, "geometry": { "type": "Point", "coordinates": [ 467190.308500000275671, 4988954.393899999558926 ] } },
{ "type": "Feature", "properties": { "OBJECTID": 20530, "POINT_X": 467195.09069999959, "POINT_Y": 4985825.4032000005, "Roads": [ [ 3555, 3632, 3674 ] ], "NeighboringIntersections": "[[{1917: 26.59940630526325, 1958: 9.671432471763266, 1982: 7.750702604438233}]]" }, "geometry": { "type": "Point", "coordinates": [ 467195.090699999593198, 4985825.403200000524521 ] } },
{ "type": "Feature", "properties": { "OBJECTID": 20544, "POINT_X": 467205.8196, "POINT_Y": 4987273.572000001, "Roads": [ [ 3642, 3643, 3661 ] ], "NeighboringIntersections": "[[{1912: 17.022579586747682, 1970: 3.83831432303904, 1973: 4.667470629040399}]]" }, "geometry": { "type": "Point", "coordinates": [ 467205.819600000046194, 4987273.572000000625849 ] } },
{ "type": "Feature", "properties": { "OBJECTID": 20545, "POINT_X": 467206.09549999982, "POINT_Y": 4987958.2787999995, "Roads": [ [ 3644, 3646, 3663 ] ], "NeighboringIntersections": "[[{1954: 5.273808592836716, 1965: 5.0416674117235365, 1974: 6.583463629075483}]]" }, "geometry": { "type": "Point", "coordinates": [ 467206.095499999821186, 4987958.278799999505281 ] } },
{ "type": "Feature", "properties": { "OBJECTID": 20547, "POINT_X": 467208.01009999961, "POINT_Y": 4987881.5867999997, "Roads": [ [ 3645, 3646, 3659 ] ], "NeighboringIntersections": "[[{1964: 5.0416674117235365, 1971: 9.105807335591843}]]" }, "geometry": { "type": "Point", "coordinates": [ 467208.010099999606609, 4987881.586799999698997 ] } },
{ "type": "Feature", "properties": { "OBJECTID": 20548, "POINT_X": 467208.13609999977, "POINT_Y": 4981804.3387000002, "Roads": [ [ 3630, 3647, 3648 ] ], "NeighboringIntersections": "[[{1957: 7.307479695475723, 1944: 7.7253523439156675, 1945: 9.658402164170308}]]" }, "geometry": { "type": "Point", "coordinates": [ 467208.136099999770522, 4981804.338700000196695 ] } },
{ "type": "Feature", "properties": { "OBJECTID": 20570, "POINT_X": 467217.8953999998, "POINT_Y": 4981537.9655000009, "Roads": [ [ 3651, 3652, 3736 ] ], "NeighboringIntersections": "[[{1909: 14.176468014284866, 1918: 23.249979700103996, 2017: 14.392527790218058}]]" }, "geometry": { "type": "Point", "coordinates": [ 467217.895399999804795, 4981537.965500000864267 ] } },
{ "type": "Feature", "properties": { "OBJECTID": 20574, "POINT_X": 467220.70629999973, "POINT_Y": 4987567.4072999991, "Roads": [ [ 3653, 3654, 3655, 3703 ] ], "NeighboringIntersections": "[[{1939: 10.691435516279986, 1971: 11.0606647682337, 1969: 8.286669103198596, 1998: 13.247671626288113}]]" }, "geometry": { "type": "Point", "coordinates": [ 467220.706299999728799, 4987567.407299999147654 ] } },
{ "type": "Feature", "properties": { "OBJECTID": 20577, "POINT_X": 467221.70430000033, "POINT_Y": 4987437.8254000004, "Roads": [ [ 3655, 3657, 3683 ] ], "NeighboringIntersections": "[[{1968: 8.286669103198596, 1970: 6.871140104773636}]]" }, "geometry": { "type": "Point", "coordinates": [ 467221.704300000332296, 4987437.825400000438094 ] } },
{ "type": "Feature", "properties": { "OBJECTID": 20579, "POINT_X": 467223.75389999989, "POINT_Y": 4987330.3568999991, "Roads": [ [ 3643, 3656, 3657 ] ], "NeighboringIntersections": "[[{1963: 3.83831432303904, 1931: 17.060132040091055, 1969: 6.871140104773636}]]" }, "geometry": { "type": "Point", "coordinates": [ 467223.753899999894202, 4987330.356899999082088 ] } },
{ "type": "Feature", "properties": { "OBJECTID": 20580, "POINT_X": 467223.78859999962, "POINT_Y": 4987740.3759000003, "Roads": [ [ 3654, 3658, 3659 ] ], "NeighboringIntersections": "[[{1968: 11.0606647682337, 1953: 6.417516122498793, 1965: 9.105807335591843}]]" }, "geometry": { "type": "Point", "coordinates": [ 467223.788599999621511, 4987740.375900000333786 ] } },
{ "type": "Feature", "properties": { "OBJECTID": 20596, "POINT_X": 467234.9194, "POINT_Y": 4984527.4945, "Roads": [ [ 3660, 3676, 3689 ] ], "NeighboringIntersections": "[[{1952: 12.74046288622046, 1983: 8.197367453132566}]]" }, "geometry": { "type": "Point", "coordinates": [ 467234.919400000013411, 4984527.4945 ] } },
{ "type": "Feature", "properties": { "OBJECTID": 20619, "POINT_X": 467256.75889999978, "POINT_Y": 4987223.4335999992, "Roads": [ [ 3661, 3666, 3681 ] ], "NeighboringIntersections": "[[{1963: 4.667470629040399, 1976: 4.217322135198587, 1986: 22.24997151115688}]]" }, "geometry": { "type": "Point", "coordinates": [ 467256.758899999782443, 4987223.433599999174476 ] } },
{ "type": "Feature", "properties": { "OBJECTID": 20651, "POINT_X": 467280.32689999975, "POINT_Y": 4988026.8921000008, "Roads": [ [ 3662, 3663, 3672 ] ], "NeighboringIntersections": "[[{1955: 15.740238409130747, 1964: 6.583463629075483, 1981: 3.7184991286953735}]]" }, "geometry": { "type": "Point", "coordinates": [ 467280.326899999752641, 4988026.892100000753999 ] } },
{ "type": "Feature", "properties": { "OBJECTID": 20657, "POINT_X": 467287.79920000024, "POINT_Y": 4986055.0874000005, "Roads": [ [ 3664, 3680, 3693 ] ], "NeighboringIntersections": "[[{1938: 14.883915251987878, 1985: 8.36333865345209, 1991: 6.585061217103299}]]" }, "geometry": { "type": "Point", "coordinates": [ 467287.799200000241399, 4986055.087400000542402 ] } },
{ "type": "Feature", "properties": { "OBJECTID": 20659, "POINT_X": 467288.72690000013, "POINT_Y": 4987165.7084999997, "Roads": [ [ 3665, 3666, 3682 ] ], "NeighboringIntersections": "[[{1956: 9.275082188427067, 1973: 4.217322135198587, 1986: 4.197087337712348}]]" }, "geometry": { "type": "Point", "coordinates": [ 467288.72690000012517, 4987165.708499999716878 ] } },
{ "type": "Feature", "properties": { "OBJECTID": 20686, "POINT_X": 467299.89759999979, "POINT_Y": 4981153.2230999991, "Roads": [ [ 3667, 3748, 3750 ] ], "NeighboringIntersections": "[[{1987: 13.357064828875437, 2025: 24.580969570008385, 2026: 41.939196915404274}]]" }, "geometry": { "type": "Point", "coordinates": [ 467299.897599999792874, 4981153.223099999129772 ] } },
{ "type": "Feature", "properties": { "OBJECTID": 20692, "POINT_X": 467301.81479999982, "POINT_Y": 4985772.665, "Roads": [ [ 3668, 3686, 3690 ] ], "NeighboringIntersections": "[[{1982: 3.5198248058708126, 1989: 9.510991408140374}]]" }, "geometry": { "type": "Point", "coordinates": [ 467301.814799999818206, 4985772.66499999910593 ] } },
{ "type": "Feature", "properties": { "OBJECTID": 20696, "POINT_X": 467303.53249999974, "POINT_Y": 4988996.3791000005, "Roads": [ [ 3669, 3670, 3699 ] ], "NeighboringIntersections": "[[{1961: 7.8177653098246225, 2002: 46.39967395270425, 1995: 8.821982256031038}]]" }, "geometry": { "type": "Point", "coordinates": [ 467303.53249999973923, 4988996.379100000485778 ] } },
{ "type": "Feature", "properties": { "OBJECTID": 20711, "POINT_X": 467313.568, "POINT_Y": 4981865.3288000003, "Roads": [ [ 3671, 3701 ] ], "NeighboringIntersections": "[[{1957: 10.015146556285815, 1996: 33.053670904719766}]]" }, "geometry": { "type": "Point", "coordinates": [ 467313.567999999970198, 4981865.32880000025034 ] } },
{ "type": "Feature", "properties": { "OBJECTID": 20714, "POINT_X": 467315.59179999959, "POINT_Y": 4987980.7083000001, "Roads": [ [ 3672, 3673, 3776 ] ], "NeighboringIntersections": "[[{1974: 3.7184991286953735, 1990: 4.61663656934513, 2038: 19.36345596236455}]]" }, "geometry": { "type": "Point", "coordinates": [ 467315.591799999587238, 4987980.7083 ] } },
{ "type": "Feature", "properties": { "OBJECTID": 20716, "POINT_X": 467316.352, "POINT_Y": 4985824.406, "Roads": [ [ 3668, 3674, 3675 ] ], "NeighboringIntersections": "[[{1978: 3.5198248058708126, 1962: 7.750702604438233, 1988: 3.4374689411578343}]]" }, "geometry": { "type": "Point", "coordinates": [ 467316.351999999955297, 4985824.405999999493361 ] } },
{ "type": "Feature", "properties": { "OBJECTID": 20721, "POINT_X": 467320.1848, "POINT_Y": 4984433.6182000004, "Roads": [ [ 3676, 3706, 3752 ] ], "NeighboringIntersections": "[[{1972: 8.197367453132566, 1999: 7.602727844659167, 2027: 34.47954078654584}]]" }, "geometry": { "type": "Point", "coordinates": [ 467320.184799999929965, 4984433.618200000375509 ] } },
{ "type": "Feature", "properties": { "OBJECTID": 20730, "POINT_X": 467326.88350000046, "POINT_Y": 4988646.7745999992, "Roads": [ [ 3677, 3678, 3688 ] ], "NeighboringIntersections": "[[{1946: 16.03303617560312, 1995: 21.38960848435589}]]" }, "geometry": { "type": "Point", "coordinates": [ 467326.883500000461936, 4988646.774599999189377 ] } },
{ "type": "Feature", "properties": { "OBJECTID": 20732, "POINT_X": 467328.31109999958, "POINT_Y": 4985935.4882999994, "Roads": [ [ 3679, 3680, 3685 ] ], "NeighboringIntersections": "[[{1975: 8.36333865345209, 1988: 3.9210943610380187}]]" }, "geometry": { "type": "Point", "coordinates": [ 467328.311099999584258, 4985935.488299999386072 ] } },
{ "type": "Feature", "properties": { "OBJECTID": 20734, "POINT_X": 467329.0861, "POINT_Y": 4987114.5046999995, "Roads": [ [ 3681, 3682, 3714, 3796 ] ], "NeighboringIntersections": "[[{1973: 22.24997151115688, 1976: 4.197087337712348, 2003: 25.182081893645286, 2048: 19.622570268250772}]]" }, "geometry": { "type": "Point", "coordinates": [ 467329.086099999956787, 4987114.504699999466538 ] } },
{ "type": "Feature", "properties": { "OBJECTID": 20740, "POINT_X": 467330.5828999998, "POINT_Y": 4981357.7788999993, "Roads": [ [ 3667, 3684, 3746 ] ], "NeighboringIntersections": "[[{1977: 13.357064828875437, 1927: 23.68853137497314, 2023: 15.495616117487252}]]" }, "geometry": { "type": "Point", "coordinates": [ 467330.582899999804795, 4981357.778899999335408 ] } },
{ "type": "Feature", "properties": { "OBJECTID": 20743, "POINT_X": 467331.89960000012, "POINT_Y": 4985874.5157999992, "Roads": [ [ 3675, 3685, 3721 ] ], "NeighboringIntersections": "[[{1982: 3.4374689411578343, 1985: 3.9210943610380187, 2008: 9.258292622133679}]]" }, "geometry": { "type": "Point", "coordinates": [ 467331.899600000120699, 4985874.515799999237061 ] } },
{ "type": "Feature", "properties": { "OBJECTID": 20755, "POINT_X": 467336.6381000001, "POINT_Y": 4985634.6651000008, "Roads": [ [ 3686, 3687, 3695 ] ], "NeighboringIntersections": "[[{1978: 9.510991408140374, 1992: 11.184110974109805}]]" }, "geometry": { "type": "Point", "coordinates": [ 467336.638100000098348, 4985634.665100000798702 ] } },
{ "type": "Feature", "properties": { "OBJECTID": 20790, "POINT_X": 467369.80709999986, "POINT_Y": 4988028.4381000008, "Roads": [ [ 3673, 3691, 3692 ] ], "NeighboringIntersections": "[[{1981: 4.61663656934513, 2015: 27.01289281973377}]]" }, "geometry": { "type": "Point", "coordinates": [ 467369.807099999859929, 4988028.438100000843406 ] } },
{ "type": "Feature", "properties": { "OBJECTID": 20807, "POINT_X": 467381.62789999973, "POINT_Y": 4986090.3743999992, "Roads": [ [ 3693, 3712, 3760 ] ], "NeighboringIntersections": "[[{1975: 6.585061217103299, 2030: 13.86669114650001}]]" }, "geometry": { "type": "Point", "coordinates": [ 467381.627899999730289, 4986090.374399999156594 ] } },
{ "type": "Feature", "properties": { "OBJECTID": 20814, "POINT_X": 467386.25949999969, "POINT_Y": 4985474.6348000001, "Roads": [ [ 3694, 3695, 3723 ] ], "NeighboringIntersections": "[[{1947: 18.562201683802115, 1989: 11.184110974109805, 2009: 6.426065681470069}]]" }, "geometry": { "type": "Point", "coordinates": [ 467386.259499999694526, 4985474.634800000116229 ] } },
{ "type": "Feature", "properties": { "OBJECTID": 20815, "POINT_X": 467387.954, "POINT_Y": 4984840.5549, "Roads": [ [ 3620, 3696, 3737 ] ], "NeighboringIntersections": "[[{1952: 25.58114124131143, 1923: 25.468375664465697, 2018: 8.91050765009701}]]" }, "geometry": { "type": "Point", "coordinates": [ 467387.953999999910593, 4984840.55489999987185 ] } },
{ "type": "Feature", "properties": { "OBJECTID": 20819, "POINT_X": 467391.60979999974, "POINT_Y": 4986275.2953999992, "Roads": [ [ 3697, 3698, 3741 ] ], "NeighboringIntersections": "[[{1935: 29.677634806007624, 2006: 11.13030842395335, 2020: 8.781759758107182}]]" }, "geometry": { "type": "Point", "coordinates": [ 467391.6097999997437, 4986275.295399999246001 ] } },
{ "type": "Feature", "properties": { "OBJECTID": 20822, "POINT_X": 467394.71079999954, "POINT_Y": 4988893.3603000008, "Roads": [ [ 3678, 3699, 3700 ] ], "NeighboringIntersections": "[[{1984: 21.38960848435589, 1979: 8.821982256031038}]]" }, "geometry": { "type": "Point", "coordinates": [ 467394.710799999535084, 4988893.360300000756979 ] } },
{ "type": "Feature", "properties": { "OBJECTID": 20826, "POINT_X": 467396.09069999959, "POINT_Y": 4981862.3043000009, "Roads": [ [ 3701, 3743 ] ], "NeighboringIntersections": "[[{1980: 33.053670904719766, 2021: 8.975479865331817}]]" }, "geometry": { "type": "Point", "coordinates": [ 467396.090699999593198, 4981862.304300000891089 ] } },
{ "type": "Feature", "properties": { "OBJECTID": 20849, "POINT_X": 467416.10479999986, "POINT_Y": 4989419.9037999995, "Roads": [ [ 3702, 3711 ] ], "NeighboringIntersections": "[[{2000: 6.820510393631408, 2002: 32.42777117469346}]]" }, "geometry": { "type": "Point", "coordinates": [ 467416.104799999855459, 4989419.903799999505281 ] } },
{ "type": "Feature", "properties": { "OBJECTID": 20850, "POINT_X": 467417.59140000027, "POINT_Y": 4987578.5941000003, "Roads": [ [ 3703, 3704, 3729 ] ], "NeighboringIntersections": "[[{1968: 13.247671626288113, 2013: 5.341281452112118}]]" }, "geometry": { "type": "Point", "coordinates": [ 467417.591400000266731, 4987578.594100000336766 ] } },
{ "type": "Feature", "properties": { "OBJECTID": 20855, "POINT_X": 467420.11050000042, "POINT_Y": 4984370.2393999994, "Roads": [ [ 3706, 3719, 3744 ] ], "NeighboringIntersections": "[[{1983: 7.602727844659167, 2007: 3.9274785253228677, 2022: 12.29543307185528}]]" }, "geometry": { "type": "Point", "coordinates": [ 467420.110500000417233, 4984370.239399999380112 ] } },
{ "type": "Feature", "properties": { "OBJECTID": 20856, "POINT_X": 467421.587, "POINT_Y": 4989525.8695, "Roads": [ [ 3702, 3707, 3708, 3863 ] ], "NeighboringIntersections": "[[{1997: 6.820510393631408, 1905: 24.043290852552236, 2001: 0.8981397628422856, 2088: 19.462901155440196}]]" }, "geometry": { "type": "Point", "coordinates": [ 467421.587000000290573, 4989525.8695 ] } },
{ "type": "Feature", "properties": { "OBJECTID": 20857, "POINT_X": 467421.98909999989, "POINT_Y": 4989539.9164000005, "Roads": [ [ 3708, 3709, 3710, 3865 ] ], "NeighboringIntersections": "[[{2000: 0.8981397628422856, 1904: 24.06530441996753, 2046: 33.88001337567276, 2089: 19.450952013492586}]]" }, "geometry": { "type": "Point", "coordinates": [ 467421.989099999889731, 4989539.916400000452995 ] } },
{ "type": "Feature", "properties": { "OBJECTID": 20882, "POINT_X": 467436.59779999964, "POINT_Y": 4989303.5897000004, "Roads": [ [ 3670, 3711 ] ], "NeighboringIntersections": "[[{1979: 46.39967395270425, 1997: 32.42777117469346}]]" }, "geometry": { "type": "Point", "coordinates": [ 467436.597799999639392, 4989303.589700000360608 ] } },
{ "type": "Feature", "properties": { "OBJECTID": 20893, "POINT_X": 467450.63719999976, "POINT_Y": 4986808.4353999998, "Roads": [ [ 3713, 3714, 3715 ] ], "NeighboringIntersections": "[[{1986: 25.182081893645286, 2048: 31.42149855068031}]]" }, "geometry": { "type": "Point", "coordinates": [ 467450.637199999764562, 4986808.435399999842048 ] } },
{ "type": "Feature", "properties": { "OBJECTID": 20902, "POINT_X": 467456.18819999974, "POINT_Y": 4984576.9518999998, "Roads": [ [ 3716, 3720, 3812 ] ], "NeighboringIntersections": "[[{2007: 11.402798690165946, 2058: 18.643929970262878}]]" }, "geometry": { "type": "Point", "coordinates": [ 467456.18819999974221, 4984576.951899999752641 ] } },
{ "type": "Feature", "properties": { "OBJECTID": 20915, "POINT_X": 467462.69379999954, "POINT_Y": 4981606.2392999995, "Roads": [ [ 3717, 3733, 3793 ] ], "NeighboringIntersections": "[[{2014: 4.57528129038446, 2047: 16.093713680911296}]]" }, "geometry": { "type": "Point", "coordinates": [ 467462.693799999542534, 4981606.239299999549985 ] } },
{ "type": "Feature", "properties": { "OBJECTID": 20920, "POINT_X": 467465.066, "POINT_Y": 4986430.1056999993, "Roads": [ [ 3698, 3718, 3798 ] ], "NeighboringIntersections": "[[{1994: 11.13030842395335, 2050: 11.59153656254112}]]" }, "geometry": { "type": "Point", "coordinates": [ 467465.065999999642372, 4986430.105699999257922 ] } },
{ "type": "Feature", "properties": { "OBJECTID": 20925, "POINT_X": 467469.036, "POINT_Y": 4984407.4214999992, "Roads": [ [ 3719, 3720, 3735 ] ], "NeighboringIntersections": "[[{1999: 3.9274785253228677, 2004: 11.402798690165946, 2016: 3.685145056094333}]]" }, "geometry": { "type": "Point", "coordinates": [ 467469.036000000312924, 4984407.421499999240041 ] } },
{ "type": "Feature", "properties": { "OBJECTID": 20935, "POINT_X": 467476.75409999955, "POINT_Y": 4985875.6512000002, "Roads": [ [ 3721, 3722, 3761 ] ], "NeighboringIntersections": "[[{1988: 9.258292622133679, 2031: 6.62044193164715}]]" }, "geometry": { "type": "Point", "coordinates": [ 467476.754099999554455, 4985875.651200000196695 ] } },
{ "type": "Feature", "properties": { "OBJECTID": 20944, "POINT_X": 467486.80350000039, "POINT_Y": 4985475.0343999993, "Roads": [ [ 3723, 3724, 3772 ] ], "NeighboringIntersections": "[[{1992: 6.426065681470069, 2036: 6.552268245755946}]]" }, "geometry": { "type": "Point", "coordinates": [ 467486.80350000038743, 4985475.034399999305606 ] } },
{ "type": "Feature", "properties": { "OBJECTID": 20945, "POINT_X": 467487.15490000043, "POINT_Y": 4986629.6741000004, "Roads": [ [ 3705, 3725, 3731 ] ], "NeighboringIntersections": "[[{2011: 3.740804515492218}]]" }, "geometry": { "type": "Point", "coordinates": [ 467487.154900000430644, 4986629.674100000411272 ] } },
{ "type": "Feature", "properties": { "OBJECTID": 20946, "POINT_X": 467487.45880000014, "POINT_Y": 4986687.9129000008, "Roads": [ [ 3725, 3726, 3799 ] ], "NeighboringIntersections": "[[{2010: 3.740804515492218, 1922: 33.207229891706504, 2050: 26.320371529790105}]]" }, "geometry": { "type": "Point", "coordinates": [ 467487.458800000138581, 4986687.912900000810623 ] } },
{ "type": "Feature", "properties": { "OBJECTID": 20951, "POINT_X": 467490.26620000042, "POINT_Y": 4987811.4805999994, "Roads": [ [ 3727, 3728, 3777 ] ], "NeighboringIntersections": "[[{2039: 6.636167825563937}]]" }, "geometry": { "type": "Point", "coordinates": [ 467490.266200000420213, 4987811.480599999427795 ] } },
{ "type": "Feature", "properties": { "OBJECTID": 20957, "POINT_X": 467497.76790000033, "POINT_Y": 4987598.9970999993, "Roads": [ [ 3729, 3730, 3786 ] ], "NeighboringIntersections": "[[{1998: 5.341281452112118, 2043: 6.62128971982269}]]" }, "geometry": { "type": "Point", "coordinates": [ 467497.767900000326335, 4987598.997099999338388 ] } },
{ "type": "Feature", "properties": { "OBJECTID": 20961, "POINT_X": 467501.29530000035, "POINT_Y": 4981666.259, "Roads": [ [ 3732, 3733, 3768 ] ], "NeighboringIntersections": "[[{2005: 4.57528129038446, 2034: 6.093115245437777}]]" }, "geometry": { "type": "Point", "coordinates": [ 467501.295300000347197, 4981666.25899999961257 ] } },
{ "type": "Feature", "properties": { "OBJECTID": 20977, "POINT_X": 467514.81450000033, "POINT_Y": 4988396.5438000001, "Roads": [ [ 3692, 3734, 3755 ] ], "NeighboringIntersections": "[[{1990: 27.01289281973377, 1955: 39.79948414759711, 2028: 3.82209669209918}]]" }, "geometry": { "type": "Point", "coordinates": [ 467514.814500000327826, 4988396.543800000101328 ] } },
{ "type": "Feature", "properties": { "OBJECTID": 20980, "POINT_X": 467515.25289999973, "POINT_Y": 4984441.8973999992, "Roads": [ [ 3735, 3754, 3762 ] ], "NeighboringIntersections": "[[{2007: 3.685145056094333}]]" }, "geometry": { "type": "Point", "coordinates": [ 467515.252899999730289, 4984441.897399999201298 ] } },
{ "type": "Feature", "properties": { "OBJECTID": 20991, "POINT_X": 467521.18659999967, "POINT_Y": 4981355.9447000008, "Roads": [ [ 3736, 3774, 3782 ] ], "NeighboringIntersections": "[[{1967: 14.392527790218058, 2037: 3.1173385850534974, 2041: 6.133544519486967}]]" }, "geometry": { "type": "Point", "coordinates": [ 467521.186599999666214, 4981355.944700000807643 ] } },
{ "type": "Feature", "properties": { "OBJECTID": 20996, "POINT_X": 467527.12729999982, "POINT_Y": 4984843.8905999996, "Roads": [ [ 3737, 3738, 3902 ] ], "NeighboringIntersections": "[[{1993: 8.91050765009701, 2019: 8.022590426304186, 2111: 27.56298707466638}]]" }, "geometry": { "type": "Point", "coordinates": [ 467527.127299999818206, 4984843.890599999576807 ] } },
{ "type": "Feature", "properties": { "OBJECTID": 20997, "POINT_X": 467528.0318, "POINT_Y": 4984969.412, "Roads": [ [ 3738, 3739, 3740 ] ], "NeighboringIntersections": "[[{2018: 8.022590426304186, 1951: 31.58212842891602}]]" }, "geometry": { "type": "Point", "coordinates": [ 467528.0318, 4984969.412000000476837 ] } },
{ "type": "Feature", "properties": { "OBJECTID": 20998, "POINT_X": 467529.00679999962, "POINT_Y": 4986276.5714999996, "Roads": [ [ 3741, 3742, 3802 ] ], "NeighboringIntersections": "[[{1994: 8.781759758107182, 2052: 7.587261599803241}]]" }, "geometry": { "type": "Point", "coordinates": [ 467529.006799999624491, 4986276.57149999961257 ] } },
{ "type": "Feature", "properties": { "OBJECTID": 21008, "POINT_X": 467536.51410000026, "POINT_Y": 4981860.5831000004, "Roads": [ [ 3743, 3769, 3932 ] ], "NeighboringIntersections": "[[{1996: 8.975479865331817, 2034: 10.356247245328984, 2125: 31.501417464141063}]]" }, "geometry": { "type": "Point", "coordinates": [ 467536.51410000026226, 4981860.583100000396371 ] } },
{ "type": "Feature", "properties": { "OBJECTID": 21013, "POINT_X": 467539.25260000024, "POINT_Y": 4984219.3936000001, "Roads": [ [ 3744, 3745, 3784, 3814 ] ], "NeighboringIntersections": "[[{1999: 12.29543307185528, 2042: 7.640497489193405, 2060: 13.224789110843012}]]" }, "geometry": { "type": "Point", "coordinates": [ 467539.252600000239909, 4984219.3936 ] } },
{ "type": "Feature", "properties": { "OBJECTID": 21022, "POINT_X": 467547.45110000018, "POINT_Y": 4981274.4713000003, "Roads": [ [ 3746, 3747, 3766 ] ], "NeighboringIntersections": "[[{1987: 15.495616117487252, 2024: 0.8651043279262377, 2033: 2.903741880109697}]]" }, "geometry": { "type": "Point", "coordinates": [ 467547.451100000180304, 4981274.471300000324845 ] } },
{ "type": "Feature", "properties": { "OBJECTID": 21027, "POINT_X": 467552.7511, "POINT_Y": 4981262.0163000003, "Roads": [ [ 3747, 3749, 3758 ] ], "NeighboringIntersections": "[[{2023: 0.8651043279262377, 2025: 23.621160065220447, 2029: 2.1792795357362005}]]" }, "geometry": { "type": "Point", "coordinates": [ 467552.7511, 4981262.01630000025034 ] } },
{ "type": "Feature", "properties": { "OBJECTID": 21036, "POINT_X": 467555.3668, "POINT_Y": 4980907.057, "Roads": [ [ 3748, 3749, 3751 ] ], "NeighboringIntersections": "[[{1977: 24.580969570008385, 2024: 23.621160065220447, 2026: 9.362164415089165}]]" }, "geometry": { "type": "Point", "coordinates": [ 467555.366799999959767, 4980907.057 ] } },
{ "type": "Feature", "properties": { "OBJECTID": 21054, "POINT_X": 467564.93180000037, "POINT_Y": 4980762.0578000005, "Roads": [ [ 3750, 3751, 3765 ] ], "NeighboringIntersections": "[[{1977: 41.939196915404274, 2025: 9.362164415089165, 2032: 6.694925199280651}]]" }, "geometry": { "type": "Point", "coordinates": [ 467564.931800000369549, 4980762.057800000533462 ] } },
{ "type": "Feature", "properties": { "OBJECTID": 21055, "POINT_X": 467566.104, "POINT_Y": 4983978.5443999991, "Roads": [ [ 3752, 3753, 3806 ] ], "NeighboringIntersections": "[[{1983: 34.47954078654584, 2049: 7.034582652981921, 2054: 11.20323792937311}]]" }, "geometry": { "type": "Point", "coordinates": [ 467566.104000000283122, 4983978.544399999082088 ] } },
{ "type": "Feature", "properties": { "OBJECTID": 21069, "POINT_X": 467574.1815, "POINT_Y": 4988389.7183999997, "Roads": [ [ 3755, 3756, 3773 ] ], "NeighboringIntersections": "[[{2015: 3.82209669209918}]]" }, "geometry": { "type": "Point", "coordinates": [ 467574.181499999947846, 4988389.718399999663234 ] } },
{ "type": "Feature", "properties": { "OBJECTID": 21079, "POINT_X": 467578.34109999985, "POINT_Y": 4981240.5688000005, "Roads": [ [ 3758, 3759, 3780 ] ], "NeighboringIntersections": "[[{2024: 2.1792795357362005, 2033: 2.8637698547963697, 2040: 1.0617226651516154}]]" }, "geometry": { "type": "Point", "coordinates": [ 467578.341099999845028, 4981240.568800000473857 ] } },
{ "type": "Feature", "properties": { "OBJECTID": 21083, "POINT_X": 467579.48809999973, "POINT_Y": 4986152.9315000009, "Roads": [ [ 3757, 3760, 3800 ] ], "NeighboringIntersections": "[[{1991: 13.86669114650001, 2051: 4.2995191543129}]]" }, "geometry": { "type": "Point", "coordinates": [ 467579.488099999725819, 4986152.931500000879169 ] } },
{ "type": "Feature", "properties": { "OBJECTID": 21088, "POINT_X": 467580.337, "POINT_Y": 4985876.4631999992, "Roads": [ [ 3761, 3763, 3810 ] ], "NeighboringIntersections": "[[{2008: 6.62044193164715, 2057: 7.9852270612449265}]]" }, "geometry": { "type": "Point", "coordinates": [ 467580.337000000290573, 4985876.463199999183416 ] } },
{ "type": "Feature", "properties": { "OBJECTID": 21095, "POINT_X": 467584.20629999973, "POINT_Y": 4980660.0974000003, "Roads": [ [ 3764, 3765 ] ], "NeighboringIntersections": "[[{2026: 6.694925199280651}]]" }, "geometry": { "type": "Point", "coordinates": [ 467584.206299999728799, 4980660.097400000318885 ] } },
{ "type": "Feature", "properties": { "OBJECTID": 21096, "POINT_X": 467584.433, "POINT_Y": 4981284.9574999996, "Roads": [ [ 3759, 3766, 3767 ] ], "NeighboringIntersections": "[[{2029: 2.8637698547963697, 2023: 2.903741880109697, 2035: 1.0683503726550827}]]" }, "geometry": { "type": "Point", "coordinates": [ 467584.433000000193715, 4981284.957499999552965 ] } },
{ "type": "Feature", "properties": { "OBJECTID": 21100, "POINT_X": 467586.46210000012, "POINT_Y": 4981708.2554000001, "Roads": [ [ 3768, 3769, 3794 ] ], "NeighboringIntersections": "[[{2014: 6.093115245437777, 2021: 10.356247245328984, 2047: 17.149677927856697}]]" }, "geometry": { "type": "Point", "coordinates": [ 467586.462100000120699, 4981708.255400000140071 ] } },
{ "type": "Feature", "properties": { "OBJECTID": 21101, "POINT_X": 467586.986, "POINT_Y": 4981301.4770999998, "Roads": [ [ 3767, 3770, 3771, 3788 ] ], "NeighboringIntersections": "[[{2033: 1.0683503726550827, 1916: 29.80685507367074, 2037: 1.4954529784725072, 2044: 0.6724472615567011}]]" }, "geometry": { "type": "Point", "coordinates": [ 467586.985999999567866, 4981301.477099999785423 ] } },
{ "type": "Feature", "properties": { "OBJECTID": 21110, "POINT_X": 467589.32210000046, "POINT_Y": 4985475.4419, "Roads": [ [ 3724, 3772, 3818 ] ], "NeighboringIntersections": "[[{2009: 6.552268245755946, 2063: 9.728914924843165}]]" }, "geometry": { "type": "Point", "coordinates": [ 467589.322100000455976, 4985475.4419 ] } },
{ "type": "Feature", "properties": { "OBJECTID": 21115, "POINT_X": 467591.07330000028, "POINT_Y": 4981324.5157999992, "Roads": [ [ 3771, 3774, 3775, 3790 ] ], "NeighboringIntersections": "[[{2035: 1.4954529784725072, 2017: 3.1173385850534974, 2041: 3.5490880519011316, 2045: 0.6891531946615824}]]" }, "geometry": { "type": "Point", "coordinates": [ 467591.073300000280142, 4981324.515799999237061 ] } },
{ "type": "Feature", "properties": { "OBJECTID": 21120, "POINT_X": 467593.55719999969, "POINT_Y": 4987890.7622999996, "Roads": [ [ 3776, 3778, 3940 ] ], "NeighboringIntersections": "[[{1981: 19.36345596236455, 2039: 4.904431313906953, 2129: 29.260125041265756}]]" }, "geometry": { "type": "Point", "coordinates": [ 467593.557199999690056, 4987890.762299999594688 ] } },
{ "type": "Feature", "properties": { "OBJECTID": 21123, "POINT_X": 467594.06709999964, "POINT_Y": 4987814.0273000002, "Roads": [ [ 3777, 3778, 3779 ] ], "NeighboringIntersections": "[[{2012: 6.636167825563937, 2038: 4.904431313906953}]]" }, "geometry": { "type": "Point", "coordinates": [ 467594.067099999636412, 4987814.027300000190735 ] } },
{ "type": "Feature", "properties": { "OBJECTID": 21125, "POINT_X": 467594.748, "POINT_Y": 4981238.7394999992, "Roads": [ [ 3780, 3781, 3805 ] ], "NeighboringIntersections": "[[{2029: 1.0617226651516154, 2044: 3.681452018092415, 2053: 5.542314261429411}]]" }, "geometry": { "type": "Point", "coordinates": [ 467594.747999999672174, 4981238.739499999210238 ] } },
{ "type": "Feature", "properties": { "OBJECTID": 21140, "POINT_X": 467599.16839999985, "POINT_Y": 4981379.4456999991, "Roads": [ [ 3775, 3782, 3783 ] ], "NeighboringIntersections": "[[{2037: 3.5490880519011316, 2017: 6.133544519486967, 2047: 4.5618103060936}]]" }, "geometry": { "type": "Point", "coordinates": [ 467599.168399999849498, 4981379.445699999108911 ] } },
{ "type": "Feature", "properties": { "OBJECTID": 21142, "POINT_X": 467599.312, "POINT_Y": 4984116.6883000005, "Roads": [ [ 3784, 3785, 3797 ] ], "NeighboringIntersections": "[[{2022: 7.640497489193405, 2049: 4.99832994379184}]]" }, "geometry": { "type": "Point", "coordinates": [ 467599.311999999918044, 4984116.688300000503659 ] } },
{ "type": "Feature", "properties": { "OBJECTID": 21145, "POINT_X": 467601.06919999979, "POINT_Y": 4987596.8597, "Roads": [ [ 3786, 3787, 3808 ] ], "NeighboringIntersections": "[[{2013: 6.62128971982269, 2056: 6.459239395911731}]]" }, "geometry": { "type": "Point", "coordinates": [ 467601.069199999794364, 4987596.8597 ] } },
{ "type": "Feature", "properties": { "OBJECTID": 21151, "POINT_X": 467602.51929999981, "POINT_Y": 4981295.8135000002, "Roads": [ [ 3781, 3788, 3789, 3931 ] ], "NeighboringIntersections": "[[{2040: 3.681452018092415, 2035: 0.6724472615567011, 2045: 1.4579085923851005, 2124: 17.816780981279404}]]" }, "geometry": { "type": "Point", "coordinates": [ 467602.519299999810755, 4981295.813500000163913 ] } },
{ "type": "Feature", "properties": { "OBJECTID": 21155, "POINT_X": 467606.804, "POINT_Y": 4981318.2184999995, "Roads": [ [ 3789, 3790, 3791, 3914 ] ], "NeighboringIntersections": "[[{2044: 1.4579085923851005, 2037: 0.6891531946615824, 2047: 8.498793829841203, 2117: 16.237689726150386}]]" }, "geometry": { "type": "Point", "coordinates": [ 467606.803999999538064, 4981318.218499999493361 ] } },
{ "type": "Feature", "properties": { "OBJECTID": 21156, "POINT_X": 467607.1213999996, "POINT_Y": 4989985.4036999997, "Roads": [ [ 3710, 3792, 3862 ] ], "NeighboringIntersections": "[[{2001: 33.88001337567276, 2087: 28.869665694674023}]]" }, "geometry": { "type": "Point", "coordinates": [ 467607.121399999596179, 4989985.403699999675155 ] } },
{ "type": "Feature", "properties": { "OBJECTID": 21166, "POINT_X": 467615.38790000044, "POINT_Y": 4981447.0358000007, "Roads": [ [ 3783, 3791, 3793, 3794, 3795 ] ], "NeighboringIntersections": "[[{2041: 4.5618103060936, 2045: 8.498793829841203, 2005: 16.093713680911296, 2034: 17.149677927856697, 2183: 72.35285397589912}]]" }, "geometry": { "type": "Point", "coordinates": [ 467615.387900000438094, 4981447.035800000652671 ] } },
{ "type": "Feature", "properties": { "OBJECTID": 21200, "POINT_X": 467632.29690000042, "POINT_Y": 4987106.7279000003, "Roads": [ [ 3715, 3796, 3875 ] ], "NeighboringIntersections": "[[{2003: 31.42149855068031, 1986: 19.622570268250772, 2094: 15.472169467794876}]]" }, "geometry": { "type": "Point", "coordinates": [ 467632.296900000423193, 4987106.727900000289083 ] } },
{ "type": "Feature", "properties": { "OBJECTID": 21214, "POINT_X": 467645.99689999968, "POINT_Y": 4984054.2519000005, "Roads": [ [ 3753, 3797, 3827 ] ], "NeighboringIntersections": "[[{2027: 7.034582652981921, 2042: 4.99832994379184, 2068: 17.406503268634662}]]" }, "geometry": { "type": "Point", "coordinates": [ 467645.996899999678135, 4984054.251900000497699 ] } },
{ "type": "Feature", "properties": { "OBJECTID": 21216, "POINT_X": 467646.38410000037, "POINT_Y": 4986434.2657999992, "Roads": [ [ 3798, 3799, 3803 ] ], "NeighboringIntersections": "[[{2006: 11.59153656254112, 2011: 26.320371529790105, 2052: 9.952761733794576}]]" }, "geometry": { "type": "Point", "coordinates": [ 467646.384100000374019, 4986434.265799999237061 ] } },
{ "type": "Feature", "properties": { "OBJECTID": 21217, "POINT_X": 467646.7592000002, "POINT_Y": 4986153.2787999995, "Roads": [ [ 3800, 3801, 3840 ] ], "NeighboringIntersections": "[[{2030: 4.2995191543129, 2052: 8.006395122491226, 2075: 10.58816542595063}]]" }, "geometry": { "type": "Point", "coordinates": [ 467646.759200000204146, 4986153.278799999505281 ] } },
{ "type": "Feature", "properties": { "OBJECTID": 21218, "POINT_X": 467647.70370000042, "POINT_Y": 4986278.5464999992, "Roads": [ [ 3801, 3802, 3803, 3821 ] ], "NeighboringIntersections": "[[{2051: 8.006395122491226, 2020: 7.587261599803241, 2050: 9.952761733794576, 2064: 6.721662420181833}]]" }, "geometry": { "type": "Point", "coordinates": [ 467647.703700000420213, 4986278.546499999240041 ] } },
{ "type": "Feature", "properties": { "OBJECTID": 21268, "POINT_X": 467680.00760000013, "POINT_Y": 4981245.298, "Roads": [ [ 3804, 3805, 3842 ] ], "NeighboringIntersections": "[[{2040: 5.542314261429411}]]" }, "geometry": { "type": "Point", "coordinates": [ 467680.00760000012815, 4981245.298000000417233 ] } },
{ "type": "Feature", "properties": { "OBJECTID": 21290, "POINT_X": 467696.395, "POINT_Y": 4983861.5508999992, "Roads": [ [ 3806, 3828, 3916 ] ], "NeighboringIntersections": "[[{2027: 11.20323792937311, 2068: 7.338012317482815, 2118: 24.46365748465225}]]" }, "geometry": { "type": "Point", "coordinates": [ 467696.394999999552965, 4983861.550899999216199 ] } },
{ "type": "Feature", "properties": { "OBJECTID": 21297, "POINT_X": 467701.43989999965, "POINT_Y": 4987711.2892000005, "Roads": [ [ 3807, 3809, 3819 ] ], "NeighboringIntersections": "[[{2059: 5.366428589037308, 2056: 6.907908913280423}]]" }, "geometry": { "type": "Point", "coordinates": [ 467701.439899999648333, 4987711.289200000464916 ] } },
{ "type": "Feature", "properties": { "OBJECTID": 21299, "POINT_X": 467701.69710000046, "POINT_Y": 4987603.2056000009, "Roads": [ [ 3808, 3809, 3853, 3869 ] ], "NeighboringIntersections": "[[{2043: 6.459239395911731, 2055: 6.907908913280423, 2082: 19.852148939074315, 2091: 11.685397301225295}]]" }, "geometry": { "type": "Point", "coordinates": [ 467701.697100000455976, 4987603.205600000917912 ] } },
{ "type": "Feature", "properties": { "OBJECTID": 21306, "POINT_X": 467705.27460000012, "POINT_Y": 4985875.6797000002, "Roads": [ [ 3810, 3811, 3855 ] ], "NeighboringIntersections": "[[{2031: 7.9852270612449265, 2083: 8.425111215964218}]]" }, "geometry": { "type": "Point", "coordinates": [ 467705.274600000120699, 4985875.679700000211596 ] } },
{ "type": "Feature", "properties": { "OBJECTID": 21342, "POINT_X": 467729.05879999977, "POINT_Y": 4984614.4352000002, "Roads": [ [ 3812, 3817, 3899 ] ], "NeighboringIntersections": "[[{2004: 18.643929970262878, 2062: 5.76059162142576, 2110: 18.76426465329551}]]" }, "geometry": { "type": "Point", "coordinates": [ 467729.058799999766052, 4984614.435200000181794 ] } },
{ "type": "Feature", "properties": { "OBJECTID": 21347, "POINT_X": 467734.198, "POINT_Y": 4987784.7486000005, "Roads": [ [ 3807, 3813, 3894 ] ], "NeighboringIntersections": "[[{2055: 5.366428589037308, 2106: 14.114783135890775}]]" }, "geometry": { "type": "Point", "coordinates": [ 467734.197999999858439, 4987784.74860000051558 ] } },
{ "type": "Feature", "properties": { "OBJECTID": 21348, "POINT_X": 467735.35120000038, "POINT_Y": 4984260.6698000003, "Roads": [ [ 3814, 3815, 3825 ] ], "NeighboringIntersections": "[[{2022: 13.224789110843012, 2061: 8.865217668758003, 2066: 1.2353854636928332}]]" }, "geometry": { "type": "Point", "coordinates": [ 467735.35120000038296, 4984260.669800000265241 ] } },
{ "type": "Feature", "properties": { "OBJECTID": 21350, "POINT_X": 467736.6875, "POINT_Y": 4984399.1645, "Roads": [ [ 3815, 3816, 3891 ] ], "NeighboringIntersections": "[[{2060: 8.865217668758003, 2062: 8.191373951508293, 2105: 12.62071875626359}]]" }, "geometry": { "type": "Point", "coordinates": [ 467736.6875, 4984399.1645 ] } },
{ "type": "Feature", "properties": { "OBJECTID": 21356, "POINT_X": 467740.89389999956, "POINT_Y": 4984527.1225000005, "Roads": [ [ 3816, 3817, 3911 ] ], "NeighboringIntersections": "[[{2061: 8.191373951508293, 2058: 5.76059162142576, 2115: 16.013585482979234}]]" }, "geometry": { "type": "Point", "coordinates": [ 467740.893899999558926, 4984527.122500000521541 ] } },
{ "type": "Feature", "properties": { "OBJECTID": 21358, "POINT_X": 467741.54449999984, "POINT_Y": 4985475.6115000006, "Roads": [ [ 3818, 3857, 3910 ] ], "NeighboringIntersections": "[[{2036: 9.728914924843165, 2084: 6.0206376263241825, 2114: 35.24286553427053}]]" }, "geometry": { "type": "Point", "coordinates": [ 467741.544499999843538, 4985475.611500000581145 ] } },
{ "type": "Feature", "properties": { "OBJECTID": 21371, "POINT_X": 467752.566, "POINT_Y": 4986273.973, "Roads": [ [ 3821, 3822, 3859 ] ], "NeighboringIntersections": "[[{2052: 6.721662420181833, 2107: 39.450153296817874, 2085: 5.876444934250579}]]" }, "geometry": { "type": "Point", "coordinates": [ 467752.565999999642372, 4986273.972999999299645 ] } },
{ "type": "Feature", "properties": { "OBJECTID": 21372, "POINT_X": 467752.7257000003, "POINT_Y": 4984150.8468999993, "Roads": [ [ 3820, 3823, 3824 ] ], "NeighboringIntersections": "[[{2066: 7.1876548424529}]]" }, "geometry": { "type": "Point", "coordinates": [ 467752.725700000301003, 4984150.846899999305606 ] } },
{ "type": "Feature", "properties": { "OBJECTID": 21374, "POINT_X": 467754.5016000001, "POINT_Y": 4984263.2938000001, "Roads": [ [ 3824, 3825, 3882 ] ], "NeighboringIntersections": "[[{2065: 7.1876548424529, 2060: 1.2353854636928332, 2099: 8.831705266945342}]]" }, "geometry": { "type": "Point", "coordinates": [ 467754.501600000075996, 4984263.293800000101328 ] } },
{ "type": "Feature", "properties": { "OBJECTID": 21375, "POINT_X": 467754.58710000012, "POINT_Y": 4986719.2664000001, "Roads": [ [ 3826, 3831, 3836 ] ], "NeighboringIntersections": "[[{1894: 44.65613366243702, 2070: 2.823447409757326, 2073: 4.946521578705739}]]" }, "geometry": { "type": "Point", "coordinates": [ 467754.587100000120699, 4986719.2664 ] } },
{ "type": "Feature", "properties": { "OBJECTID": 21453, "POINT_X": 467810.6272, "POINT_Y": 4983867.519, "Roads": [ [ 3827, 3828, 3880, 3926 ] ], "NeighboringIntersections": "[[{2049: 17.406503268634662, 2054: 7.338012317482815, 2098: 4.9106232386228745, 2122: 17.288208169763948}]]" }, "geometry": { "type": "Point", "coordinates": [ 467810.627199999988079, 4983867.518999999389052 ] } },
{ "type": "Feature", "properties": { "OBJECTID": 21454, "POINT_X": 467811.2198000001, "POINT_Y": 4986040.8812000006, "Roads": [ [ 3829, 3830, 3843 ] ], "NeighboringIntersections": "[[{2071: 2.817548822677622, 2076: 5.910583790008562}]]" }, "geometry": { "type": "Point", "coordinates": [ 467811.219800000078976, 4986040.88120000064373 ] } },
{ "type": "Feature", "properties": { "OBJECTID": 21455, "POINT_X": 467811.3564, "POINT_Y": 4986721.0944999997, "Roads": [ [ 3831, 3832, 3837, 3847 ] ], "NeighboringIntersections": "[[{2067: 2.823447409757326, 2072: 0.8626318380097453, 2073: 2.899116741907627, 2079: 0.6944737956989658}]]" }, "geometry": { "type": "Point", "coordinates": [ 467811.356399999931455, 4986721.094499999657273 ] } },
{ "type": "Feature", "properties": { "OBJECTID": 21457, "POINT_X": 467811.68890000042, "POINT_Y": 4986084.9631999992, "Roads": [ [ 3830, 3833, 3844 ] ], "NeighboringIntersections": "[[{2069: 2.817548822677622, 2075: 4.005880963364844, 2076: 17.434366647469094}]]" }, "geometry": { "type": "Point", "coordinates": [ 467811.688900000415742, 4986084.963199999183416 ] } },
{ "type": "Feature", "properties": { "OBJECTID": 21458, "POINT_X": 467811.79360000044, "POINT_Y": 4986734.5845, "Roads": [ [ 3832, 3834, 3835, 3849 ] ], "NeighboringIntersections": "[[{2070: 0.8626318380097453, 1893: 47.529433184547855, 2074: 5.180556032231743, 2080: 0.6891498831086446}]]" }, "geometry": { "type": "Point", "coordinates": [ 467811.793600000441074, 4986734.584499999880791 ] } },
{ "type": "Feature", "properties": { "OBJECTID": 21459, "POINT_X": 467811.85209999979, "POINT_Y": 4986675.7557999995, "Roads": [ [ 3836, 3837, 3948 ] ], "NeighboringIntersections": "[[{2067: 4.946521578705739, 2070: 2.899116741907627, 2133: 29.362421942670633}]]" }, "geometry": { "type": "Point", "coordinates": [ 467811.852099999785423, 4986675.755799999460578 ] } },
{ "type": "Feature", "properties": { "OBJECTID": 21460, "POINT_X": 467812.09240000043, "POINT_Y": 4986815.6208999995, "Roads": [ [ 3835, 3838, 3839 ] ], "NeighboringIntersections": "[[{2072: 5.180556032231743, 2078: 12.35564575318746, 2081: 0.8897044997399295}]]" }, "geometry": { "type": "Point", "coordinates": [ 467812.092400000430644, 4986815.620899999514222 ] } },
{ "type": "Feature", "properties": { "OBJECTID": 21461, "POINT_X": 467812.2276999997, "POINT_Y": 4986147.6384999994, "Roads": [ [ 3833, 3840, 3841 ] ], "NeighboringIntersections": "[[{2071: 4.005880963364844, 2051: 10.58816542595063, 2085: 6.1783906278132}]]" }, "geometry": { "type": "Point", "coordinates": [ 467812.227699999697506, 4986147.638499999418855 ] } },
{ "type": "Feature", "properties": { "OBJECTID": 21468, "POINT_X": 467816.01989999972, "POINT_Y": 4985948.7662000004, "Roads": [ [ 3843, 3844, 3856 ] ], "NeighboringIntersections": "[[{2069: 5.910583790008562, 2071: 17.434366647469094, 2083: 2.9232246453891837}]]" }, "geometry": { "type": "Point", "coordinates": [ 467816.019899999722838, 4985948.766200000420213 ] } },
{ "type": "Feature", "properties": { "OBJECTID": 21474, "POINT_X": 467817.51690000016, "POINT_Y": 4982444.3111000005, "Roads": [ [ 3845, 3938, 3947 ] ], "NeighboringIntersections": "[[{2132: 22.909183440686537}]]" }, "geometry": { "type": "Point", "coordinates": [ 467817.516900000162423, 4982444.31110000051558 ] } },
{ "type": "Feature", "properties": { "OBJECTID": 21481, "POINT_X": 467824.61519999988, "POINT_Y": 4987002.1641000006, "Roads": [ [ 3838, 3846, 3851 ] ], "NeighboringIntersections": "[[{2074: 12.35564575318746, 2094: 7.314761295791428, 2081: 12.00107501399749}]]" }, "geometry": { "type": "Point", "coordinates": [ 467824.615199999883771, 4987002.164100000634789 ] } },
{ "type": "Feature", "properties": { "OBJECTID": 21484, "POINT_X": 467825.31429999974, "POINT_Y": 4986721.669, "Roads": [ [ 3847, 3848, 3952, 3954 ] ], "NeighboringIntersections": "[[{2070: 0.6944737956989658, 2080: 0.8492686444665996, 2136: 31.535967787977928, 2138: 16.42030270772417}]]" }, "geometry": { "type": "Point", "coordinates": [ 467825.314299999736249, 4986721.668999999761581 ] } },
{ "type": "Feature", "properties": { "OBJECTID": 21485, "POINT_X": 467825.65220000036, "POINT_Y": 4986734.9527000003, "Roads": [ [ 3848, 3849, 3850, 3953 ] ], "NeighboringIntersections": "[[{2079: 0.8492686444665996, 2072: 0.6891498831086446, 2081: 5.177273097246921, 2137: 15.858878084653453}]]" }, "geometry": { "type": "Point", "coordinates": [ 467825.652200000360608, 4986734.9527000002563 ] } },
{ "type": "Feature", "properties": { "OBJECTID": 21487, "POINT_X": 467826.009, "POINT_Y": 4986815.9575999994, "Roads": [ [ 3839, 3850, 3851, 3852 ] ], "NeighboringIntersections": "[[{2074: 0.8897044997399295, 2080: 5.177273097246921, 2078: 12.00107501399749, 2094: 82.54372881653448}]]" }, "geometry": { "type": "Point", "coordinates": [ 467826.00899999961257, 4986815.957599999383092 ] } },
{ "type": "Feature", "properties": { "OBJECTID": 21496, "POINT_X": 467831.22950000037, "POINT_Y": 4987457.498, "Roads": [ [ 3853, 3854, 3887 ] ], "NeighboringIntersections": "[[{2056: 19.852148939074315, 2103: 5.943418382277695}]]" }, "geometry": { "type": "Point", "coordinates": [ 467831.229500000365078, 4987457.497999999672174 ] } },
{ "type": "Feature", "properties": { "OBJECTID": 21497, "POINT_X": 467831.9539000001, "POINT_Y": 4985905.9613000005, "Roads": [ [ 3855, 3856, 3886 ] ], "NeighboringIntersections": "[[{2057: 8.425111215964218, 2076: 2.9232246453891837, 2102: 10.907517427886747}]]" }, "geometry": { "type": "Point", "coordinates": [ 467831.953900000080466, 4985905.961300000548363 ] } },
{ "type": "Feature", "properties": { "OBJECTID": 21500, "POINT_X": 467835.74579999968, "POINT_Y": 4985475.5822000001, "Roads": [ [ 3857, 3858, 3965 ] ], "NeighboringIntersections": "[[{2063: 6.0206376263241825, 2086: 4.45445079551874, 2147: 27.205219613753037}]]" }, "geometry": { "type": "Point", "coordinates": [ 467835.745799999684095, 4985475.5822 ] } },
{ "type": "Feature", "properties": { "OBJECTID": 21501, "POINT_X": 467837.1475, "POINT_Y": 4986239.6245000008, "Roads": [ [ 3841, 3859, 3860 ] ], "NeighboringIntersections": "[[{2075: 6.1783906278132, 2064: 5.876444934250579, 2101: 6.28954797464004}]]" }, "geometry": { "type": "Point", "coordinates": [ 467837.147499999962747, 4986239.624500000849366 ] } },
{ "type": "Feature", "properties": { "OBJECTID": 21504, "POINT_X": 467838.824, "POINT_Y": 4985545.0464999992, "Roads": [ [ 3858, 3861, 3923 ] ], "NeighboringIntersections": "[[{2084: 4.45445079551874, 2100: 37.24763777507946}]]" }, "geometry": { "type": "Point", "coordinates": [ 467838.824000000022352, 4985545.046499999240041 ] } },
{ "type": "Feature", "properties": { "OBJECTID": 21523, "POINT_X": 467855.0938, "POINT_Y": 4989728.1912999991, "Roads": [ [ 3862, 3866, 3873, 3945 ] ], "NeighboringIntersections": "[[{2046: 28.869665694674023, 2089: 12.666763022588837, 2093: 12.964933452155433}]]" }, "geometry": { "type": "Point", "coordinates": [ 467855.093799999915063, 4989728.191299999132752 ] } },
{ "type": "Feature", "properties": { "OBJECTID": 21525, "POINT_X": 467856.52460000012, "POINT_Y": 4989516.7342000008, "Roads": [ [ 3863, 3864, 3867, 3871 ] ], "NeighboringIntersections": "[[{2000: 19.462901155440196, 2089: 0.8758296551988112, 2090: 4.5395538728137055, 2092: 0.45011653470033974}]]" }, "geometry": { "type": "Point", "coordinates": [ 467856.524600000120699, 4989516.734200000762939 ] } },
{ "type": "Feature", "properties": { "OBJECTID": 21527, "POINT_X": 467856.6508, "POINT_Y": 4989530.4372000005, "Roads": [ [ 3864, 3865, 3866, 3874 ] ], "NeighboringIntersections": "[[{2088: 0.8758296551988112, 2001: 19.450952013492586, 2087: 12.666763022588837, 2093: 0.48206210153488643}]]" }, "geometry": { "type": "Point", "coordinates": [ 467856.650799999944866, 4989530.43720000050962 ] } },
{ "type": "Feature", "properties": { "OBJECTID": 21540, "POINT_X": 467865.81730000023, "POINT_Y": 4989447.1851000004, "Roads": [ [ 3867, 3868, 3878 ] ], "NeighboringIntersections": "[[{2088: 4.5395538728137055, 2092: 4.433452822685881, 2096: 6.524978137327756}]]" }, "geometry": { "type": "Point", "coordinates": [ 467865.817300000227988, 4989447.185100000351667 ] } },
{ "type": "Feature", "properties": { "OBJECTID": 21542, "POINT_X": 467866.4183, "POINT_Y": 4987664.1301000006, "Roads": [ [ 3869, 3870, 3906 ] ], "NeighboringIntersections": "[[{2056: 11.685397301225295, 2113: 5.803489671280091}]]" }, "geometry": { "type": "Point", "coordinates": [ 467866.418300000019372, 4987664.130100000649691 ] } },
{ "type": "Feature", "properties": { "OBJECTID": 21543, "POINT_X": 467866.582, "POINT_Y": 4989516.4649, "Roads": [ [ 3868, 3871, 3872, 3950 ] ], "NeighboringIntersections": "[[{2090: 4.433452822685881, 2088: 0.45011653470033974, 2093: 0.8755342831333981, 2134: 12.15274857270584}]]" }, "geometry": { "type": "Point", "coordinates": [ 467866.582000000402331, 4989516.4649 ] } },
{ "type": "Feature", "properties": { "OBJECTID": 21544, "POINT_X": 467867.42169999983, "POINT_Y": 4989530.1381000001, "Roads": [ [ 3872, 3873, 3874, 3951 ] ], "NeighboringIntersections": "[[{2092: 0.8755342831333981, 2087: 12.964933452155433, 2089: 0.48206210153488643, 2135: 12.239664263569326}]]" }, "geometry": { "type": "Point", "coordinates": [ 467867.421699999831617, 4989530.1381 ] } },
{ "type": "Feature", "properties": { "OBJECTID": 21550, "POINT_X": 467874.34090000018, "POINT_Y": 4987105.247, "Roads": [ [ 3846, 3852, 3875, 3876 ] ], "NeighboringIntersections": "[[{2078: 7.314761295791428, 2081: 82.54372881653448, 2048: 15.472169467794876, 2121: 41.55182440656169}]]" }, "geometry": { "type": "Point", "coordinates": [ 467874.340900000184774, 4987105.246999999508262 ] } },
{ "type": "Feature", "properties": { "OBJECTID": 21551, "POINT_X": 467874.94319999963, "POINT_Y": 4989255.1951000001, "Roads": [ [ 3877, 3879 ] ], "NeighboringIntersections": "[[{2096: 43.59573691313378, 2097: 3.463506562061675}]]" }, "geometry": { "type": "Point", "coordinates": [ 467874.943199999630451, 4989255.19510000012815 ] } },
{ "type": "Feature", "properties": { "OBJECTID": 21552, "POINT_X": 467875.3662, "POINT_Y": 4989346.5273000002, "Roads": [ [ 3877, 3878 ] ], "NeighboringIntersections": "[[{2095: 43.59573691313378, 2090: 6.524978137327756}]]" }, "geometry": { "type": "Point", "coordinates": [ 467875.366200000047684, 4989346.527300000190735 ] } },
{ "type": "Feature", "properties": { "OBJECTID": 21563, "POINT_X": 467884.92619999964, "POINT_Y": 4989202.0681999996, "Roads": [ [ 3879, 3934, 4037 ] ], "NeighboringIntersections": "[[{2095: 3.463506562061675, 2126: 17.95139386148379, 2186: 64.67663509204024}]]" }, "geometry": { "type": "Point", "coordinates": [ 467884.926199999637902, 4989202.068199999630451 ] } },
{ "type": "Feature", "properties": { "OBJECTID": 21566, "POINT_X": 467887.44280000031, "POINT_Y": 4983865.8571000006, "Roads": [ [ 3880, 3881, 3928 ] ], "NeighboringIntersections": "[[{2068: 4.9106232386228745, 2099: 25.65826141414026, 2123: 8.999078981786427}]]" }, "geometry": { "type": "Point", "coordinates": [ 467887.442800000309944, 4983865.857100000604987 ] } },
{ "type": "Feature", "properties": { "OBJECTID": 21574, "POINT_X": 467892.49739999976, "POINT_Y": 4984267.2847000007, "Roads": [ [ 3881, 3882, 3889 ] ], "NeighboringIntersections": "[[{2098: 25.65826141414026, 2066: 8.831705266945342, 2104: 2.5403468181833393}]]" }, "geometry": { "type": "Point", "coordinates": [ 467892.497399999760091, 4984267.284700000658631 ] } },
{ "type": "Feature", "properties": { "OBJECTID": 21584, "POINT_X": 467899.815, "POINT_Y": 4985663.274, "Roads": [ [ 3861, 3883, 3920 ] ], "NeighboringIntersections": "[[{2086: 37.24763777507946, 2102: 6.031364486344266}]]" }, "geometry": { "type": "Point", "coordinates": [ 467899.815000000409782, 4985663.274000000208616 ] } },
{ "type": "Feature", "properties": { "OBJECTID": 21592, "POINT_X": 467908.71860000025, "POINT_Y": 4986305.5757, "Roads": [ [ 3860, 3884, 3885 ] ], "NeighboringIntersections": "[[{2085: 6.28954797464004, 2109: 2.6694093170352655}]]" }, "geometry": { "type": "Point", "coordinates": [ 467908.71860000025481, 4986305.5757 ] } },
{ "type": "Feature", "properties": { "OBJECTID": 21593, "POINT_X": 467909.83249999955, "POINT_Y": 4985755.9747000001, "Roads": [ [ 3883, 3886, 3921 ] ], "NeighboringIntersections": "[[{2100: 6.031364486344266, 2083: 10.907517427886747, 2120: 6.826732917773526}]]" }, "geometry": { "type": "Point", "coordinates": [ 467909.832499999552965, 4985755.974700000137091 ] } },
{ "type": "Feature", "properties": { "OBJECTID": 21610, "POINT_X": 467921.12050000019, "POINT_Y": 4987475.7643999998, "Roads": [ [ 3887, 3888, 3909 ] ], "NeighboringIntersections": "[[{2082: 5.943418382277695, 2112: 6.627675319178744}]]" }, "geometry": { "type": "Point", "coordinates": [ 467921.120500000193715, 4987475.764399999752641 ] } },
{ "type": "Feature", "properties": { "OBJECTID": 21623, "POINT_X": 467932.24390000012, "POINT_Y": 4984267.0352999996, "Roads": [ [ 3889, 3890, 3936 ] ], "NeighboringIntersections": "[[{2099: 2.5403468181833393, 2105: 8.391495938128193, 2127: 7.281255114051205}]]" }, "geometry": { "type": "Point", "coordinates": [ 467932.243900000117719, 4984267.035299999639392 ] } },
{ "type": "Feature", "properties": { "OBJECTID": 21625, "POINT_X": 467934.15450000018, "POINT_Y": 4984398.3180999998, "Roads": [ [ 3890, 3891, 3892, 3893 ] ], "NeighboringIntersections": "[[{2104: 8.391495938128193, 2061: 12.62071875626359, 2115: 16.286198712007252, 2160: 27.909453349286593}]]" }, "geometry": { "type": "Point", "coordinates": [ 467934.154500000178814, 4984398.318099999800324 ] } },
{ "type": "Feature", "properties": { "OBJECTID": 21626, "POINT_X": 467934.98319999967, "POINT_Y": 4987804.441, "Roads": [ [ 3894, 3895, 3907 ] ], "NeighboringIntersections": "[[{2059: 14.114783135890775, 2113: 9.742752532227511}]]" }, "geometry": { "type": "Point", "coordinates": [ 467934.983199999667704, 4987804.440999999642372 ] } },
{ "type": "Feature", "properties": { "OBJECTID": 21632, "POINT_X": 467937.92960000038, "POINT_Y": 4986520.8704000004, "Roads": [ [ 3822, 3896, 3918 ] ], "NeighboringIntersections": "[[{2064: 39.450153296817874, 2119: 11.40932150878668}]]" }, "geometry": { "type": "Point", "coordinates": [ 467937.92960000038147, 4986520.870400000363588 ] } },
{ "type": "Feature", "properties": { "OBJECTID": 21636, "POINT_X": 467939.69689999986, "POINT_Y": 4988936.0267999992, "Roads": [ [ 3897, 3913, 3935 ] ], "NeighboringIntersections": "[[{2116: 10.945725462995975, 2126: 6.496438010261377}]]" }, "geometry": { "type": "Point", "coordinates": [ 467939.696899999864399, 4988936.026799999177456 ] } },
{ "type": "Feature", "properties": { "OBJECTID": 21645, "POINT_X": 467945.47219999973, "POINT_Y": 4986325.4156999998, "Roads": [ [ 3885, 3898, 3944 ] ], "NeighboringIntersections": "[[{2101: 2.6694093170352655, 2119: 4.585158046565781}]]" }, "geometry": { "type": "Point", "coordinates": [ 467945.472199999727309, 4986325.415699999779463 ] } },
{ "type": "Feature", "properties": { "OBJECTID": 21651, "POINT_X": 467954.8651000001, "POINT_Y": 4984735.0153000001, "Roads": [ [ 3899, 3900, 3901, 3912 ] ], "NeighboringIntersections": "[[{2058: 18.76426465329551, 2111: 6.774228755596366, 2115: 6.661407125662789}]]" }, "geometry": { "type": "Point", "coordinates": [ 467954.865100000053644, 4984735.0153 ] } },
{ "type": "Feature", "properties": { "OBJECTID": 21652, "POINT_X": 467955.38860000018, "POINT_Y": 4984841.0063000005, "Roads": [ [ 3900, 3902, 3903 ] ], "NeighboringIntersections": "[[{2110: 6.774228755596366, 2018: 27.56298707466638, 2114: 15.373706086159945}]]" }, "geometry": { "type": "Point", "coordinates": [ 467955.388600000180304, 4984841.006300000473857 ] } },
{ "type": "Feature", "properties": { "OBJECTID": 21653, "POINT_X": 467955.46860000025, "POINT_Y": 4987566.6952999998, "Roads": [ [ 3888, 3904, 3905 ] ], "NeighboringIntersections": "[[{2103: 6.627675319178744, 2113: 5.81373997287728}]]" }, "geometry": { "type": "Point", "coordinates": [ 467955.46860000025481, 4987566.695299999788404 ] } },
{ "type": "Feature", "properties": { "OBJECTID": 21654, "POINT_X": 467956.36340000015, "POINT_Y": 4987657.655, "Roads": [ [ 3905, 3906, 3907, 3924 ] ], "NeighboringIntersections": "[[{2112: 5.81373997287728, 2091: 5.803489671280091, 2106: 9.742752532227511, 2121: 4.496566922179584}]]" }, "geometry": { "type": "Point", "coordinates": [ 467956.363400000147521, 4987657.654999999329448 ] } },
{ "type": "Feature", "properties": { "OBJECTID": 21666, "POINT_X": 467962.35680000018, "POINT_Y": 4985081.2921999991, "Roads": [ [ 3903, 3910, 3974 ] ], "NeighboringIntersections": "[[{2111: 15.373706086159945, 2063: 35.24286553427053, 2152: 21.24294748187756}]]" }, "geometry": { "type": "Point", "coordinates": [ 467962.356800000183284, 4985081.292199999094009 ] } },
{ "type": "Feature", "properties": { "OBJECTID": 21667, "POINT_X": 467962.63669999968, "POINT_Y": 4984632.2462000009, "Roads": [ [ 3892, 3911, 3912 ] ], "NeighboringIntersections": "[[{2105: 16.286198712007252, 2062: 16.013585482979234, 2110: 6.661407125662789}]]" }, "geometry": { "type": "Point", "coordinates": [ 467962.636699999682605, 4984632.246200000867248 ] } },
{ "type": "Feature", "properties": { "OBJECTID": 21674, "POINT_X": 467968.42879999988, "POINT_Y": 4988832.2761000004, "Roads": [ [ 3908, 3913, 3942 ] ], "NeighboringIntersections": "[[{2108: 10.945725462995975, 2130: 5.352089785715471}]]" }, "geometry": { "type": "Point", "coordinates": [ 467968.42879999987781, 4988832.276100000366569 ] } },
{ "type": "Feature", "properties": { "OBJECTID": 21722, "POINT_X": 467994.87679999974, "POINT_Y": 4981228.4715, "Roads": [ [ 3914, 3915, 4010 ] ], "NeighboringIntersections": "[[{2045: 16.237689726150386, 2191: 52.96084449069788, 2172: 15.40408857782113}]]" }, "geometry": { "type": "Point", "coordinates": [ 467994.876799999736249, 4981228.4715 ] } },
{ "type": "Feature", "properties": { "OBJECTID": 21734, "POINT_X": 468000.65689999983, "POINT_Y": 4983630.0907000005, "Roads": [ [ 3916, 3917, 3958 ] ], "NeighboringIntersections": "[[{2054: 24.46365748465225, 2122: 5.900824877965047, 2141: 16.663797827992017}]]" }, "geometry": { "type": "Point", "coordinates": [ 468000.656899999827147, 4983630.090700000524521 ] } },
{ "type": "Feature", "properties": { "OBJECTID": 21749, "POINT_X": 468009.245, "POINT_Y": 4986358.2764999997, "Roads": [ [ 3898, 3918, 3919 ] ], "NeighboringIntersections": "[[{2109: 4.585158046565781, 2107: 11.40932150878668, 2133: 9.195765240403315}]]" }, "geometry": { "type": "Point", "coordinates": [ 468009.245000000111759, 4986358.276499999687076 ] } },
{ "type": "Feature", "properties": { "OBJECTID": 21775, "POINT_X": 468015.90340000018, "POINT_Y": 4985768.5505, "Roads": [ [ 3921, 3922, 3988 ] ], "NeighboringIntersections": "[[{2102: 6.826732917773526, 2161: 20.725494147056793}]]" }, "geometry": { "type": "Point", "coordinates": [ 468015.903400000184774, 4985768.550499999895692 ] } },
{ "type": "Feature", "properties": { "OBJECTID": 21794, "POINT_X": 468026.35649999976, "POINT_Y": 4987662.5878, "Roads": [ [ 3876, 3924, 3925 ] ], "NeighboringIntersections": "[[{2094: 41.55182440656169, 2113: 4.496566922179584, 2129: 15.267993780894901}]]" }, "geometry": { "type": "Point", "coordinates": [ 468026.356499999761581, 4987662.587799999862909 ] } },
{ "type": "Feature", "properties": { "OBJECTID": 21797, "POINT_X": 468027.69049999956, "POINT_Y": 4983715.3692000005, "Roads": [ [ 3917, 3926, 3927 ] ], "NeighboringIntersections": "[[{2118: 5.900824877965047, 2068: 17.288208169763948, 2123: 9.483777855703332}]]" }, "geometry": { "type": "Point", "coordinates": [ 468027.690499999560416, 4983715.369200000539422 ] } },
{ "type": "Feature", "properties": { "OBJECTID": 21798, "POINT_X": 468028.2303, "POINT_Y": 4983863.7552000005, "Roads": [ [ 3927, 3928, 3929, 3962 ] ], "NeighboringIntersections": "[[{2122: 9.483777855703332, 2098: 8.999078981786427, 2127: 24.7375249108015, 2144: 12.867348845351165}]]" }, "geometry": { "type": "Point", "coordinates": [ 468028.230299999937415, 4983863.755200000479817 ] } },
{ "type": "Feature", "properties": { "OBJECTID": 21799, "POINT_X": 468028.69070000015, "POINT_Y": 4981198.9439000003, "Roads": [ [ 3931, 4027, 4062 ] ], "NeighboringIntersections": "[[{2044: 17.816780981279404, 2181: 14.400953465539937, 2201: 50.56954941255846}]]" }, "geometry": { "type": "Point", "coordinates": [ 468028.690700000151992, 4981198.943900000303984 ] } },
{ "type": "Feature", "properties": { "OBJECTID": 21802, "POINT_X": 468029.35190000013, "POINT_Y": 4981853.8588999994, "Roads": [ [ 3930, 3932, 3933, 4029 ] ], "NeighboringIntersections": "[[{2021: 31.501417464141063, 2132: 30.036589833044637, 2182: 22.42116648880289}]]" }, "geometry": { "type": "Point", "coordinates": [ 468029.35190000012517, 4981853.858899999409914 ] } },
{ "type": "Feature", "properties": { "OBJECTID": 21814, "POINT_X": 468036.36780000012, "POINT_Y": 4988967.4373000003, "Roads": [ [ 3934, 3935, 3943 ] ], "NeighboringIntersections": "[[{2097: 17.95139386148379, 2108: 6.496438010261377, 2130: 9.42264606963448}]]" }, "geometry": { "type": "Point", "coordinates": [ 468036.36780000012368, 4988967.437300000339746 ] } },
{ "type": "Feature", "properties": { "OBJECTID": 21820, "POINT_X": 468040.79729999974, "POINT_Y": 4984248.5373999998, "Roads": [ [ 3929, 3936, 3955 ] ], "NeighboringIntersections": "[[{2123: 24.7375249108015, 2104: 7.281255114051205, 2139: 8.526666833662725}]]" }, "geometry": { "type": "Point", "coordinates": [ 468040.7972999997437, 4984248.537399999797344 ] } },
{ "type": "Feature", "properties": { "OBJECTID": 21832, "POINT_X": 468051.20760000031, "POINT_Y": 4988304.5106000006, "Roads": [ [ 3939, 3941, 4047 ] ], "NeighboringIntersections": "[[{2129: 25.975503245488436, 2192: 22.580587686816628}]]" }, "geometry": { "type": "Point", "coordinates": [ 468051.207600000314415, 4988304.510600000619888 ] } },
{ "type": "Feature", "properties": { "OBJECTID": 21833, "POINT_X": 468051.3142, "POINT_Y": 4987898.0875000004, "Roads": [ [ 3925, 3940, 3941, 3968 ] ], "NeighboringIntersections": "[[{2121: 15.267993780894901, 2038: 29.260125041265756, 2128: 25.975503245488436, 2149: 14.714760375187238}]]" }, "geometry": { "type": "Point", "coordinates": [ 468051.314199999906123, 4987898.087500000372529 ] } },
{ "type": "Feature", "properties": { "OBJECTID": 21834, "POINT_X": 468051.5258, "POINT_Y": 4988821.9111000001, "Roads": [ [ 3942, 3943, 3946 ] ], "NeighboringIntersections": "[[{2116: 5.352089785715471, 2126: 9.42264606963448, 2131: 6.914162908387076}]]" }, "geometry": { "type": "Point", "coordinates": [ 468051.525799999944866, 4988821.911100000143051 ] } },
{ "type": "Feature", "properties": { "OBJECTID": 21865, "POINT_X": 468070.5767000001, "POINT_Y": 4988719.6100999992, "Roads": [ [ 3937, 3946, 4038 ] ], "NeighboringIntersections": "[[{2130: 6.914162908387076, 2186: 20.689157585761027}]]" }, "geometry": { "type": "Point", "coordinates": [ 468070.576700000092387, 4988719.61009999923408 ] } },
{ "type": "Feature", "properties": { "OBJECTID": 21932, "POINT_X": 468129.848, "POINT_Y": 4982284.7338999994, "Roads": [ [ 3933, 3947, 4001 ] ], "NeighboringIntersections": "[[{2125: 30.036589833044637, 2077: 22.909183440686537, 2168: 14.350195272597137}]]" }, "geometry": { "type": "Point", "coordinates": [ 468129.848000000230968, 4982284.733899999409914 ] } },
{ "type": "Feature", "properties": { "OBJECTID": 21938, "POINT_X": 468132.3991, "POINT_Y": 4986432.1163, "Roads": [ [ 3919, 3948, 3949, 3956 ] ], "NeighboringIntersections": "[[{2119: 9.195765240403315, 2073: 29.362421942670633, 2136: 0.8646646642244805, 2140: 3.7070457474294116}]]" }, "geometry": { "type": "Point", "coordinates": [ 468132.399100000038743, 4986432.11629999987781 ] } },
{ "type": "Feature", "properties": { "OBJECTID": 21941, "POINT_X": 468137.8805999998, "POINT_Y": 4989505.133, "Roads": [ [ 3950, 4054, 4108 ] ], "NeighboringIntersections": "[[{2092: 12.15274857270584, 2196: 12.17709045677448, 2227: 50.03246473854606}]]" }, "geometry": { "type": "Point", "coordinates": [ 468137.880599999800324, 4989505.132999999448657 ] } },
{ "type": "Feature", "properties": { "OBJECTID": 21950, "POINT_X": 468140.4912, "POINT_Y": 4989515.9816999994, "Roads": [ [ 3951, 4033, 4122 ] ], "NeighboringIntersections": "[[{2093: 12.239664263569326, 2184: 11.015494900024766, 2235: 50.49633256186623}]]" }, "geometry": { "type": "Point", "coordinates": [ 468140.491200000047684, 4989515.981699999421835 ] } },
{ "type": "Feature", "properties": { "OBJECTID": 21954, "POINT_X": 468143.06259999983, "POINT_Y": 4986440.4421999995, "Roads": [ [ 3949, 3952, 3957 ] ], "NeighboringIntersections": "[[{2133: 0.8646646642244805, 2079: 31.535967787977928, 2140: 3.514489296918812}]]" }, "geometry": { "type": "Point", "coordinates": [ 468143.062599999830127, 4986440.442199999466538 ] } },
{ "type": "Feature", "properties": { "OBJECTID": 21957, "POINT_X": 468144.6557, "POINT_Y": 4986732.8677999992, "Roads": [ [ 3953, 4035, 4101 ] ], "NeighboringIntersections": "[[{2080: 15.858878084653453, 2185: 12.002138958849446, 2223: 52.211852018047296}]]" }, "geometry": { "type": "Point", "coordinates": [ 468144.6557, 4986732.867799999192357 ] } },
{ "type": "Feature", "properties": { "OBJECTID": 21971, "POINT_X": 468155.63549999986, "POINT_Y": 4986722.7796, "Roads": [ [ 3954, 4039, 4088 ] ], "NeighboringIntersections": "[[{2079: 16.42030270772417, 2187: 12.148664537907177, 2216: 50.04791737353216}]]" }, "geometry": { "type": "Point", "coordinates": [ 468155.635499999858439, 4986722.7796 ] } },
{ "type": "Feature", "properties": { "OBJECTID": 22004, "POINT_X": 468172.89780000038, "POINT_Y": 4984232.1245000008, "Roads": [ [ 3955, 3970, 3972 ] ], "NeighboringIntersections": "[[{2127: 8.526666833662725, 2150: 7.050804394147684, 2151: 19.56144157353615}]]" }, "geometry": { "type": "Point", "coordinates": [ 468172.89780000038445, 4984232.124500000849366 ] } },
{ "type": "Feature", "properties": { "OBJECTID": 22017, "POINT_X": 468180.15089999977, "POINT_Y": 4986399.9036999997, "Roads": [ [ 3956, 3957, 3989 ] ], "NeighboringIntersections": "[[{2133: 3.7070457474294116, 2136: 3.514489296918812, 2161: 43.77713420840739}]]" }, "geometry": { "type": "Point", "coordinates": [ 468180.150899999774992, 4986399.903699999675155 ] } },
{ "type": "Feature", "properties": { "OBJECTID": 22060, "POINT_X": 468213.49859999958, "POINT_Y": 4983479.502, "Roads": [ [ 3958, 3959, 3964 ] ], "NeighboringIntersections": "[[{2118: 16.663797827992017, 2143: 1.6435115124514172, 2146: 4.297901146280537}]]" }, "geometry": { "type": "Point", "coordinates": [ 468213.498599999584258, 4983479.502000000327826 ] } },
{ "type": "Feature", "properties": { "OBJECTID": 22075, "POINT_X": 468224.76559999958, "POINT_Y": 4983658.9756000005, "Roads": [ [ 3960, 3961, 4025 ] ], "NeighboringIntersections": "[[{2144: 12.90193281511262, 2143: 10.016496821770199, 2180: 9.76709413647415}]]" }, "geometry": { "type": "Point", "coordinates": [ 468224.765599999576807, 4983658.975600000470877 ] } },
{ "type": "Feature", "properties": { "OBJECTID": 22076, "POINT_X": 468224.86760000046, "POINT_Y": 4983502.4966000002, "Roads": [ [ 3959, 3961, 4023 ] ], "NeighboringIntersections": "[[{2141: 1.6435115124514172, 2142: 10.016496821770199, 2179: 10.824717055352945}]]" }, "geometry": { "type": "Point", "coordinates": [ 468224.867600000463426, 4983502.496600000187755 ] } },
{ "type": "Feature", "properties": { "OBJECTID": 22084, "POINT_X": 468229.53479999956, "POINT_Y": 4983860.7426999994, "Roads": [ [ 3960, 3962, 3980 ] ], "NeighboringIntersections": "[[{2142: 12.90193281511262, 2123: 12.867348845351165, 2156: 4.380326452343739}]]" }, "geometry": { "type": "Point", "coordinates": [ 468229.534799999557436, 4983860.74269999936223 ] } },
{ "type": "Feature", "properties": { "OBJECTID": 22089, "POINT_X": 468231.17729999963, "POINT_Y": 4983362.141000001, "Roads": [ [ 3963, 3967, 4017 ] ], "NeighboringIntersections": "[[{2146: 4.024345221227684, 2148: 8.7390538114272, 2176: 34.86225772572356}]]" }, "geometry": { "type": "Point", "coordinates": [ 468231.177299999631941, 4983362.141000000759959 ] } },
{ "type": "Feature", "properties": { "OBJECTID": 22102, "POINT_X": 468245.88520000037, "POINT_Y": 4983422.8942000009, "Roads": [ [ 3963, 3964, 4019 ] ], "NeighboringIntersections": "[[{2145: 4.024345221227684, 2141: 4.297901146280537, 2177: 8.447571708635758}]]" }, "geometry": { "type": "Point", "coordinates": [ 468245.885200000368059, 4983422.894200000911951 ] } },
{ "type": "Feature", "properties": { "OBJECTID": 22125, "POINT_X": 468261.40919999965, "POINT_Y": 4985475.4338000007, "Roads": [ [ 3965, 3966, 3979 ] ], "NeighboringIntersections": "[[{2084: 27.205219613753037, 2161: 22.455114375080164, 2155: 2.1943003889929384}]]" }, "geometry": { "type": "Point", "coordinates": [ 468261.409199999645352, 4985475.433800000697374 ] } },
{ "type": "Feature", "properties": { "OBJECTID": 22128, "POINT_X": 468264.7893000003, "POINT_Y": 4983233.6756999996, "Roads": [ [ 3967, 3986, 4008 ] ], "NeighboringIntersections": "[[{2145: 8.7390538114272, 2171: 6.670134726881998}]]" }, "geometry": { "type": "Point", "coordinates": [ 468264.789300000295043, 4983233.675699999555945 ] } },
{ "type": "Feature", "properties": { "OBJECTID": 22157, "POINT_X": 468281.51389999967, "POINT_Y": 4987901.8458999991, "Roads": [ [ 3968, 3969, 4013 ] ], "NeighboringIntersections": "[[{2129: 14.714760375187238, 2192: 28.14140126389718, 2174: 5.739562683699952}]]" }, "geometry": { "type": "Point", "coordinates": [ 468281.513899999670684, 4987901.845899999141693 ] } },
{ "type": "Feature", "properties": { "OBJECTID": 22160, "POINT_X": 468282.8041000003, "POINT_Y": 4984222.6075999998, "Roads": [ [ 3970, 3971, 3973 ] ], "NeighboringIntersections": "[[{2139: 7.050804394147684, 2160: 24.967265818994008, 2151: 12.62133054832587}]]" }, "geometry": { "type": "Point", "coordinates": [ 468282.804100000299513, 4984222.607599999755621 ] } },
{ "type": "Feature", "properties": { "OBJECTID": 22171, "POINT_X": 468291.007, "POINT_Y": 4984028.3718999997, "Roads": [ [ 3972, 3973, 3984, 3990 ] ], "NeighboringIntersections": "[[{2139: 19.56144157353615, 2150: 12.62133054832587, 2159: 3.2209053410003845}]]" }, "geometry": { "type": "Point", "coordinates": [ 468291.007000000216067, 4984028.371899999678135 ] } },
{ "type": "Feature", "properties": { "OBJECTID": 22175, "POINT_X": 468294.73060000036, "POINT_Y": 4985080.1821999997, "Roads": [ [ 3974, 3975 ] ], "NeighboringIntersections": "[[{2114: 21.24294748187756, 2154: 40.96146705755503}]]" }, "geometry": { "type": "Point", "coordinates": [ 468294.730600000359118, 4985080.182199999690056 ] } },
{ "type": "Feature", "properties": { "OBJECTID": 22176, "POINT_X": 468294.857, "POINT_Y": 4980681.7906999998, "Roads": [ [ 3976, 3977, 4071, 4092 ] ], "NeighboringIntersections": "[[{2206: 7.848032671299444}]]" }, "geometry": { "type": "Point", "coordinates": [ 468294.856999999843538, 4980681.790699999779463 ] } },
{ "type": "Feature", "properties": { "OBJECTID": 22177, "POINT_X": 468295.3108000001, "POINT_Y": 4985306.9067000002, "Roads": [ [ 3975, 3978 ] ], "NeighboringIntersections": "[[{2152: 40.96146705755503, 2155: 10.770346656845915}]]" }, "geometry": { "type": "Point", "coordinates": [ 468295.310800000093877, 4985306.906700000166893 ] } },
{ "type": "Feature", "properties": { "OBJECTID": 22180, "POINT_X": 468295.74210000038, "POINT_Y": 4985475.4233, "Roads": [ [ 3978, 3979, 4006 ] ], "NeighboringIntersections": "[[{2154: 10.770346656845915, 2147: 2.1943003889929384, 2170: 4.271148837725519}]]" }, "geometry": { "type": "Point", "coordinates": [ 468295.74210000038147, 4985475.4233 ] } },
{ "type": "Feature", "properties": { "OBJECTID": 22189, "POINT_X": 468298.06670000032, "POINT_Y": 4983859.9626000002, "Roads": [ [ 3980, 3981, 3999, 4026 ] ], "NeighboringIntersections": "[[{2144: 4.380326452343739, 2157: 2.7543209491672362, 2167: 2.998050461532153, 2180: 14.191623289785047}]]" }, "geometry": { "type": "Point", "coordinates": [ 468298.066700000315905, 4983859.962600000202656 ] } },
{ "type": "Feature", "properties": { "OBJECTID": 22190, "POINT_X": 468298.52219999954, "POINT_Y": 4983903.0554000009, "Roads": [ [ 3981, 3982, 4000 ] ], "NeighboringIntersections": "[[{2156: 2.7543209491672362, 2158: 1.7190984840465873, 2167: 5.989846023264285}]]" }, "geometry": { "type": "Point", "coordinates": [ 468298.522199999541044, 4983903.055400000885129 ] } },
{ "type": "Feature", "properties": { "OBJECTID": 22192, "POINT_X": 468298.8065, "POINT_Y": 4983929.9516000003, "Roads": [ [ 3982, 3983, 3993 ] ], "NeighboringIntersections": "[[{2157: 1.7190984840465873, 2159: 3.1542882961697742, 2164: 5.475510545726199}]]" }, "geometry": { "type": "Point", "coordinates": [ 468298.806499999947846, 4983929.95160000026226 ] } },
{ "type": "Feature", "properties": { "OBJECTID": 22194, "POINT_X": 468299.32809999958, "POINT_Y": 4983979.3021000009, "Roads": [ [ 3983, 3984, 3985, 3994 ] ], "NeighboringIntersections": "[[{2158: 3.1542882961697742, 2151: 3.2209053410003845, 2195: 23.96160722605766, 2164: 3.511656531144533}]]" }, "geometry": { "type": "Point", "coordinates": [ 468299.328099999576807, 4983979.30210000090301 ] } },
{ "type": "Feature", "properties": { "OBJECTID": 22221, "POINT_X": 468310.98479999974, "POINT_Y": 4984455.7518000007, "Roads": [ [ 3893, 3971, 3987 ] ], "NeighboringIntersections": "[[{2105: 27.909453349286593, 2150: 24.967265818994008}]]" }, "geometry": { "type": "Point", "coordinates": [ 468310.9847999997437, 4984455.751800000667572 ] } },
{ "type": "Feature", "properties": { "OBJECTID": 22241, "POINT_X": 468319.54160000011, "POINT_Y": 4985810.8192999996, "Roads": [ [ 3966, 3988, 3989 ] ], "NeighboringIntersections": "[[{2147: 22.455114375080164, 2120: 20.725494147056793, 2140: 43.77713420840739}]]" }, "geometry": { "type": "Point", "coordinates": [ 468319.541600000113249, 4985810.819299999624491 ] } },
{ "type": "Feature", "properties": { "OBJECTID": 22284, "POINT_X": 468335.11259999964, "POINT_Y": 4981993.6325000003, "Roads": [ [ 3991, 4030, 4051 ] ], "NeighboringIntersections": "[[{2168: 22.682756446447602, 2182: 9.87359078667547, 2194: 19.670813494907055}]]" }, "geometry": { "type": "Point", "coordinates": [ 468335.112599999643862, 4981993.632500000298023 ] } },
{ "type": "Feature", "properties": { "OBJECTID": 22288, "POINT_X": 468336.57919999957, "POINT_Y": 4982429.6083000004, "Roads": [ [ 3992, 3995, 3997 ] ], "NeighboringIntersections": "[[{2178: 25.696107988525625, 2165: 7.591317857725695, 2166: 3.931849426486256}]]" }, "geometry": { "type": "Point", "coordinates": [ 468336.579199999570847, 4982429.608300000429153 ] } },
{ "type": "Feature", "properties": { "OBJECTID": 22290, "POINT_X": 468337.43080000021, "POINT_Y": 4983974.394, "Roads": [ [ 3993, 3994, 4043 ] ], "NeighboringIntersections": "[[{2158: 5.475510545726199, 2159: 3.511656531144533, 2189: 12.442121757140375}]]" }, "geometry": { "type": "Point", "coordinates": [ 468337.430800000205636, 4983974.393999999389052 ] } },
{ "type": "Feature", "properties": { "OBJECTID": 22292, "POINT_X": 468337.9578, "POINT_Y": 4982311.8771000002, "Roads": [ [ 3995, 3996, 4002 ] ], "NeighboringIntersections": "[[{2163: 7.591317857725695, 2169: 3.5516181772438333, 2168: 5.971743691844225}]]" }, "geometry": { "type": "Point", "coordinates": [ 468337.957799999974668, 4982311.877100000157952 ] } },
{ "type": "Feature", "properties": { "OBJECTID": 22300, "POINT_X": 468340.90170000028, "POINT_Y": 4982385.9112999998, "Roads": [ [ 3997, 3998, 4004 ] ], "NeighboringIntersections": "[[{2163: 3.931849426486256, 2173: 2.819811023307153, 2169: 2.415416467940543}]]" }, "geometry": { "type": "Point", "coordinates": [ 468340.901700000278652, 4982385.911299999803305 ] } },
{ "type": "Feature", "properties": { "OBJECTID": 22311, "POINT_X": 468344.97460000031, "POINT_Y": 4983859.6892000008, "Roads": [ [ 3999, 4000, 4041 ] ], "NeighboringIntersections": "[[{2156: 2.998050461532153, 2157: 5.989846023264285, 2188: 3.5921844107146548}]]" }, "geometry": { "type": "Point", "coordinates": [ 468344.974600000306964, 4983859.689200000837445 ] } },
{ "type": "Feature", "properties": { "OBJECTID": 22317, "POINT_X": 468348.281, "POINT_Y": 4982246.1808000002, "Roads": [ [ 3991, 4001, 4002, 4003, 4049 ] ], "NeighboringIntersections": "[[{2162: 22.682756446447602, 2132: 14.350195272597137, 2165: 5.971743691844225, 2169: 6.697530445853806, 2193: 3.6020841907021595}]]" }, "geometry": { "type": "Point", "coordinates": [ 468348.281000000424683, 4982246.180800000205636 ] } },
{ "type": "Feature", "properties": { "OBJECTID": 22320, "POINT_X": 468350.43219999969, "POINT_Y": 4982349.3402999993, "Roads": [ [ 3996, 4003, 4004, 4005 ] ], "NeighboringIntersections": "[[{2165: 3.5516181772438333, 2168: 6.697530445853806, 2166: 2.415416467940543, 2173: 3.3189419150138444}]]" }, "geometry": { "type": "Point", "coordinates": [ 468350.432199999690056, 4982349.340299999341369 ] } },
{ "type": "Feature", "properties": { "OBJECTID": 22345, "POINT_X": 468362.5702, "POINT_Y": 4985475.4026999995, "Roads": [ [ 4006, 4007, 4075, 4078 ] ], "NeighboringIntersections": "[[{2155: 4.271148837725519, 2215: 36.05108796660279, 2208: 24.375419110248018, 2210: 3.4701977834518476}]]" }, "geometry": { "type": "Point", "coordinates": [ 468362.570199999958277, 4985475.402699999511242 ] } },
{ "type": "Feature", "properties": { "OBJECTID": 22363, "POINT_X": 468368.579, "POINT_Y": 4983244.6053999998, "Roads": [ [ 4008, 4009, 4018 ] ], "NeighboringIntersections": "[[{2148: 6.670134726881998, 2175: 4.025142636251206, 2176: 18.960840562323096}]]" }, "geometry": { "type": "Point", "coordinates": [ 468368.578999999910593, 4983244.605399999767542 ] } },
{ "type": "Feature", "properties": { "OBJECTID": 22364, "POINT_X": 468368.8926, "POINT_Y": 4981169.337, "Roads": [ [ 4010, 4011, 4056 ] ], "NeighboringIntersections": "[[{2117: 15.40408857782113, 2198: 28.75118810116043, 2197: 1.5647093533607839}]]" }, "geometry": { "type": "Point", "coordinates": [ 468368.892599999904633, 4981169.33699999935925 ] } },
{ "type": "Feature", "properties": { "OBJECTID": 22365, "POINT_X": 468369.40759999957, "POINT_Y": 4982381.2072000001, "Roads": [ [ 3998, 4005, 4012 ] ], "NeighboringIntersections": "[[{2166: 2.819811023307153, 2169: 3.3189419150138444, 2190: 17.05634160891361}]]" }, "geometry": { "type": "Point", "coordinates": [ 468369.407599999569356, 4982381.2072 ] } },
{ "type": "Feature", "properties": { "OBJECTID": 22371, "POINT_X": 468371.31479999982, "POINT_Y": 4987902.5043000001, "Roads": [ [ 4013, 4014, 4103, 4105 ] ], "NeighboringIntersections": "[[{2149: 5.739562683699952, 2226: 32.42164735841997, 2224: 31.645217011520252, 2225: 3.3045267649613805}]]" }, "geometry": { "type": "Point", "coordinates": [ 468371.314799999818206, 4987902.504300000146031 ] } },
{ "type": "Feature", "properties": { "OBJECTID": 22380, "POINT_X": 468375.28170000017, "POINT_Y": 4983307.2267000005, "Roads": [ [ 4009, 4015, 4016 ] ], "NeighboringIntersections": "[[{2171: 4.025142636251206, 2177: 8.81340154509646}]]" }, "geometry": { "type": "Point", "coordinates": [ 468375.281700000166893, 4983307.226700000464916 ] } },
{ "type": "Feature", "properties": { "OBJECTID": 22381, "POINT_X": 468375.69809999969, "POINT_Y": 4982948.2573000006, "Roads": [ [ 4017, 4018, 4022 ] ], "NeighboringIntersections": "[[{2145: 34.86225772572356, 2171: 18.960840562323096, 2178: 7.890847163356763}]]" }, "geometry": { "type": "Point", "coordinates": [ 468375.698099999688566, 4982948.25730000063777 ] } },
{ "type": "Feature", "properties": { "OBJECTID": 22382, "POINT_X": 468376.1776000001, "POINT_Y": 4983445.1175999995, "Roads": [ [ 4016, 4019, 4020 ] ], "NeighboringIntersections": "[[{2175: 8.81340154509646, 2146: 8.447571708635758, 2179: 6.362282316768426}]]" }, "geometry": { "type": "Point", "coordinates": [ 468376.177600000053644, 4983445.117599999532104 ] } },
{ "type": "Feature", "properties": { "OBJECTID": 22385, "POINT_X": 468376.96019999962, "POINT_Y": 4982824.8004000001, "Roads": [ [ 3992, 4021, 4022 ] ], "NeighboringIntersections": "[[{2163: 25.696107988525625, 2176: 7.890847163356763}]]" }, "geometry": { "type": "Point", "coordinates": [ 468376.960199999623001, 4982824.8004 ] } },
{ "type": "Feature", "properties": { "OBJECTID": 22386, "POINT_X": 468377.322, "POINT_Y": 4983544.6557999998, "Roads": [ [ 4020, 4023, 4024 ] ], "NeighboringIntersections": "[[{2177: 6.362282316768426, 2143: 10.824717055352945, 2180: 7.432605089860398}]]" }, "geometry": { "type": "Point", "coordinates": [ 468377.321999999694526, 4983544.655799999833107 ] } },
{ "type": "Feature", "properties": { "OBJECTID": 22388, "POINT_X": 468377.54420000035, "POINT_Y": 4983660.9491000008, "Roads": [ [ 4024, 4025, 4026 ] ], "NeighboringIntersections": "[[{2179: 7.432605089860398, 2142: 9.76709413647415, 2156: 14.191623289785047}]]" }, "geometry": { "type": "Point", "coordinates": [ 468377.544200000353158, 4983660.949100000783801 ] } },
{ "type": "Feature", "properties": { "OBJECTID": 22392, "POINT_X": 468378.61639999971, "POINT_Y": 4981145.9539000001, "Roads": [ [ 4027, 4028, 4059 ] ], "NeighboringIntersections": "[[{2124: 14.400953465539937, 2200: 26.391457694434745, 2199: 1.1750629054809354}]]" }, "geometry": { "type": "Point", "coordinates": [ 468378.616399999707937, 4981145.9539 ] } },
{ "type": "Feature", "properties": { "OBJECTID": 22398, "POINT_X": 468380.1286000004, "POINT_Y": 4981848.9864000008, "Roads": [ [ 4029, 4030, 4032 ] ], "NeighboringIntersections": "[[{2125: 22.42116648880289, 2162: 9.87359078667547, 2183: 12.799834398437211}]]" }, "geometry": { "type": "Point", "coordinates": [ 468380.128600000403821, 4981848.986400000751019 ] } },
{ "type": "Feature", "properties": { "OBJECTID": 22400, "POINT_X": 468381.41459999979, "POINT_Y": 4981648.7192000002, "Roads": [ [ 3795, 4031, 4032 ] ], "NeighboringIntersections": "[[{2047: 72.35285397589912, 2182: 12.799834398437211}]]" }, "geometry": { "type": "Point", "coordinates": [ 468381.414599999785423, 4981648.719200000166893 ] } },
{ "type": "Feature", "properties": { "OBJECTID": 22405, "POINT_X": 468383.9347000001, "POINT_Y": 4989479.1953999996, "Roads": [ [ 4033, 4034, 4115 ] ], "NeighboringIntersections": "[[{2135: 11.015494900024766, 2232: 28.52160030250108, 2231: 1.9995669959312696}]]" }, "geometry": { "type": "Point", "coordinates": [ 468383.934700000099838, 4989479.19539999961853 ] } },
{ "type": "Feature", "properties": { "OBJECTID": 22410, "POINT_X": 468386.09839999955, "POINT_Y": 4986733.8044000007, "Roads": [ [ 4035, 4036, 4099 ] ], "NeighboringIntersections": "[[{2137: 12.002138958849446, 2220: 29.11351756516026, 2222: 1.7459540183078663}]]" }, "geometry": { "type": "Point", "coordinates": [ 468386.098399999551475, 4986733.804400000721216 ] } },
{ "type": "Feature", "properties": { "OBJECTID": 22412, "POINT_X": 468388.8865, "POINT_Y": 4988694.4943000004, "Roads": [ [ 4037, 4038, 4048 ] ], "NeighboringIntersections": "[[{2097: 64.67663509204024, 2131: 20.689157585761027, 2192: 25.027815862840658}]]" }, "geometry": { "type": "Point", "coordinates": [ 468388.886500000022352, 4988694.494300000369549 ] } },
{ "type": "Feature", "properties": { "OBJECTID": 22434, "POINT_X": 468400.02379999962, "POINT_Y": 4986723.8934000004, "Roads": [ [ 4039, 4040, 4097 ] ], "NeighboringIntersections": "[[{2138: 12.148664537907177, 2219: 28.305991621438654, 2221: 1.0534159255784827}]]" }, "geometry": { "type": "Point", "coordinates": [ 468400.02379999961704, 4986723.893400000408292 ] } },
{ "type": "Feature", "properties": { "OBJECTID": 22437, "POINT_X": 468401.17839999963, "POINT_Y": 4983859.3617000002, "Roads": [ [ 4041, 4042, 4045, 4067 ] ], "NeighboringIntersections": "[[{2167: 3.5921844107146548, 2189: 0.5355415180110454, 2190: 52.5831435170097, 2204: 0.8053178563357044}]]" }, "geometry": { "type": "Point", "coordinates": [ 468401.178399999625981, 4983859.361700000241399 ] } },
{ "type": "Feature", "properties": { "OBJECTID": 22438, "POINT_X": 468401.24459999986, "POINT_Y": 4983872.529, "Roads": [ [ 4042, 4043, 4044 ] ], "NeighboringIntersections": "[[{2188: 0.5355415180110454, 2164: 12.442121757140375, 2195: 16.794066275751526}]]" }, "geometry": { "type": "Point", "coordinates": [ 468401.244599999859929, 4983872.528999999165535 ] } },
{ "type": "Feature", "properties": { "OBJECTID": 22440, "POINT_X": 468402.07540000044, "POINT_Y": 4982566.5211999994, "Roads": [ [ 4012, 4045, 4050 ] ], "NeighboringIntersections": "[[{2173: 17.05634160891361, 2188: 52.5831435170097, 2193: 13.177471283119434}]]" }, "geometry": { "type": "Point", "coordinates": [ 468402.075400000438094, 4982566.521199999377131 ] } },
{ "type": "Feature", "properties": { "OBJECTID": 22442, "POINT_X": 468403.03210000042, "POINT_Y": 4981530.7194999997, "Roads": [ [ 3915, 4046, 4058 ] ], "NeighboringIntersections": "[[{2117: 52.96084449069788, 2194: 11.576129702912057, 2198: 13.186579186010459}]]" }, "geometry": { "type": "Point", "coordinates": [ 468403.032100000418723, 4981530.719499999657273 ] } },
{ "type": "Feature", "properties": { "OBJECTID": 22445, "POINT_X": 468404.49920000043, "POINT_Y": 4988307.577, "Roads": [ [ 3969, 4047, 4048 ] ], "NeighboringIntersections": "[[{2149: 28.14140126389718, 2128: 22.580587686816628, 2186: 25.027815862840658}]]" }, "geometry": { "type": "Point", "coordinates": [ 468404.499200000427663, 4988307.576999999582767 ] } },
{ "type": "Feature", "properties": { "OBJECTID": 22447, "POINT_X": 468404.52259999979, "POINT_Y": 4982242.5349000003, "Roads": [ [ 4049, 4050, 4052, 4069 ] ], "NeighboringIntersections": "[[{2168: 3.6020841907021595, 2190: 13.177471283119434, 2194: 17.37598847769922, 2205: 0.6394456768964867}]]" }, "geometry": { "type": "Point", "coordinates": [ 468404.522599999792874, 4982242.534900000318885 ] } },
{ "type": "Feature", "properties": { "OBJECTID": 22450, "POINT_X": 468405.90280000027, "POINT_Y": 4981815.3126999997, "Roads": [ [ 4046, 4051, 4052 ] ], "NeighboringIntersections": "[[{2191: 11.576129702912057, 2162: 19.670813494907055, 2193: 17.37598847769922}]]" }, "geometry": { "type": "Point", "coordinates": [ 468405.902800000272691, 4981815.312699999660254 ] } },
{ "type": "Feature", "properties": { "OBJECTID": 22452, "POINT_X": 468406.6939000003, "POINT_Y": 4984285.4019000009, "Roads": [ [ 3985, 4044, 4053 ] ], "NeighboringIntersections": "[[{2159: 23.96160722605766, 2189: 16.794066275751526, 2208: 37.60178897713076}]]" }, "geometry": { "type": "Point", "coordinates": [ 468406.693900000303984, 4984285.401900000870228 ] } },
{ "type": "Feature", "properties": { "OBJECTID": 22454, "POINT_X": 468407.1520999996, "POINT_Y": 4989465.6465000007, "Roads": [ [ 4054, 4055, 4113 ] ], "NeighboringIntersections": "[[{2134: 12.17709045677448, 2229: 28.22546054094568, 2230: 0.9442556241375131}]]" }, "geometry": { "type": "Point", "coordinates": [ 468407.152099999599159, 4989465.646500000730157 ] } },
{ "type": "Feature", "properties": { "OBJECTID": 22455, "POINT_X": 468407.31180000026, "POINT_Y": 4981167.4187000003, "Roads": [ [ 4056, 4057, 4060, 4082 ] ], "NeighboringIntersections": "[[{2172: 1.5647093533607839, 2198: 1.5917567774068075, 2199: 0.9198622926618171, 2212: 0.41522940209898007}]]" }, "geometry": { "type": "Point", "coordinates": [ 468407.31180000025779, 4981167.418700000271201 ] } },
{ "type": "Feature", "properties": { "OBJECTID": 22456, "POINT_X": 468407.33050000016, "POINT_Y": 4981206.5555000007, "Roads": [ [ 4011, 4057, 4058 ] ], "NeighboringIntersections": "[[{2172: 28.75118810116043, 2197: 1.5917567774068075, 2191: 13.186579186010459}]]" }, "geometry": { "type": "Point", "coordinates": [ 468407.330500000156462, 4981206.555500000715256 ] } },
{ "type": "Feature", "properties": { "OBJECTID": 22457, "POINT_X": 468407.48170000035, "POINT_Y": 4981144.8025000002, "Roads": [ [ 4059, 4060, 4061, 4084 ] ], "NeighboringIntersections": "[[{2181: 1.1750629054809354, 2197: 0.9198622926618171, 2200: 1.6516096093365318, 2213: 0.41261744230421366}]]" }, "geometry": { "type": "Point", "coordinates": [ 468407.481700000353158, 4981144.802500000223517 ] } },
{ "type": "Feature", "properties": { "OBJECTID": 22460, "POINT_X": 468407.55379999988, "POINT_Y": 4981104.1944999993, "Roads": [ [ 4028, 4061, 4063 ] ], "NeighboringIntersections": "[[{2181: 26.391457694434745, 2199: 1.6516096093365318, 2201: 11.190273612105928}]]" }, "geometry": { "type": "Point", "coordinates": [ 468407.55379999987781, 4981104.194499999284744 ] } },
{ "type": "Feature", "properties": { "OBJECTID": 22464, "POINT_X": 468408.837, "POINT_Y": 4980829.0644000005, "Roads": [ [ 4062, 4063, 4072 ] ], "NeighboringIntersections": "[[{2124: 50.56954941255846, 2200: 11.190273612105928, 2206: 5.074579117035243}]]" }, "geometry": { "type": "Point", "coordinates": [ 468408.837000000290573, 4980829.064400000497699 ] } },
{ "type": "Feature", "properties": { "OBJECTID": 22465, "POINT_X": 468409.19749999978, "POINT_Y": 4983441.7827000003, "Roads": [ [ 4064, 4065, 4066 ] ], "NeighboringIntersections": "[[{2204: 16.975709988681846, 2203: 40.04916110308867}]]" }, "geometry": { "type": "Point", "coordinates": [ 468409.197499999776483, 4983441.782700000330806 ] } },
{ "type": "Feature", "properties": { "OBJECTID": 22477, "POINT_X": 468412.91069999989, "POINT_Y": 4982457.1188999992, "Roads": [ [ 4066, 4070, 4127 ] ], "NeighboringIntersections": "[[{2202: 40.04916110308867, 2205: 8.75523272082628}]]" }, "geometry": { "type": "Point", "coordinates": [ 468412.910699999891222, 4982457.118899999186397 ] } },
{ "type": "Feature", "properties": { "OBJECTID": 22481, "POINT_X": 468413.77649999969, "POINT_Y": 4983859.1249000002, "Roads": [ [ 4064, 4067, 4068, 4162 ] ], "NeighboringIntersections": "[[{2202: 16.975709988681846, 2188: 0.8053178563357044, 2218: 11.481213752319794}]]" }, "geometry": { "type": "Point", "coordinates": [ 468413.776499999687076, 4983859.124900000169873 ] } },
{ "type": "Feature", "properties": { "OBJECTID": 22483, "POINT_X": 468414.50480000023, "POINT_Y": 4982241.8595000003, "Roads": [ [ 4069, 4070, 4073, 4155 ] ], "NeighboringIntersections": "[[{2193: 0.6394456768964867, 2203: 8.75523272082628, 2207: 20.247111385215845}]]" }, "geometry": { "type": "Point", "coordinates": [ 468414.504800000227988, 4982241.85950000025332 ] } },
{ "type": "Feature", "properties": { "OBJECTID": 22484, "POINT_X": 468414.77170000039, "POINT_Y": 4980704.4432999995, "Roads": [ [ 3977, 4071, 4072, 4093, 4110 ] ], "NeighboringIntersections": "[[{2153: 7.848032671299444, 2201: 5.074579117035243, 2228: 0.7556005060842856}]]" }, "geometry": { "type": "Point", "coordinates": [ 468414.77170000039041, 4980704.443299999460578 ] } },
{ "type": "Feature", "properties": { "OBJECTID": 22487, "POINT_X": 468415.96530000027, "POINT_Y": 4981744.0428, "Roads": [ [ 4073, 4074, 4077 ] ], "NeighboringIntersections": "[[{2205: 20.247111385215845, 2209: 9.559922609811657}]]" }, "geometry": { "type": "Point", "coordinates": [ 468415.965300000272691, 4981744.0428 ] } },
{ "type": "Feature", "properties": { "OBJECTID": 22490, "POINT_X": 468416.17080000043, "POINT_Y": 4985209.8356999997, "Roads": [ [ 4053, 4075, 4076 ] ], "NeighboringIntersections": "[[{2195: 37.60178897713076, 2170: 24.375419110248018, 2210: 10.800413659438515}]]" }, "geometry": { "type": "Point", "coordinates": [ 468416.170800000429153, 4985209.835699999704957 ] } },
{ "type": "Feature", "properties": { "OBJECTID": 22491, "POINT_X": 468416.63310000021, "POINT_Y": 4981508.9925999995, "Roads": [ [ 4077, 4080, 4171 ] ], "NeighboringIntersections": "[[{2207: 9.559922609811657, 2211: 11.54942010533983}]]" }, "geometry": { "type": "Point", "coordinates": [ 468416.633100000210106, 4981508.992599999532104 ] } },
{ "type": "Feature", "properties": { "OBJECTID": 22492, "POINT_X": 468416.86629999988, "POINT_Y": 4985475.3859000001, "Roads": [ [ 4076, 4078, 4079, 4120 ] ], "NeighboringIntersections": "[[{2208: 10.800413659438515, 2170: 3.4701977834518476, 2215: 16.216072075704975, 2234: 1.078125263786432}]]" }, "geometry": { "type": "Point", "coordinates": [ 468416.86629999987781, 4985475.385900000110269 ] } },
{ "type": "Feature", "properties": { "OBJECTID": 22493, "POINT_X": 468417.49739999976, "POINT_Y": 4981225.0275999997, "Roads": [ [ 4080, 4081, 4083 ] ], "NeighboringIntersections": "[[{2209: 11.54942010533983, 2212: 2.349967390113263}]]" }, "geometry": { "type": "Point", "coordinates": [ 468417.497399999760091, 4981225.027599999681115 ] } },
{ "type": "Feature", "properties": { "OBJECTID": 22494, "POINT_X": 468417.5195000004, "POINT_Y": 4981167.2485000007, "Roads": [ [ 4082, 4083, 4085, 4152 ] ], "NeighboringIntersections": "[[{2197: 0.41522940209898007, 2211: 2.349967390113263, 2213: 0.9134287890945616}]]" }, "geometry": { "type": "Point", "coordinates": [ 468417.519500000402331, 4981167.248500000685453 ] } },
{ "type": "Feature", "properties": { "OBJECTID": 22495, "POINT_X": 468417.62679999974, "POINT_Y": 4981144.7901000008, "Roads": [ [ 4084, 4085, 4086, 4153 ] ], "NeighboringIntersections": "[[{2199: 0.41261744230421366, 2212: 0.9134287890945616, 2214: 1.0238037918537586}]]" }, "geometry": { "type": "Point", "coordinates": [ 468417.626799999736249, 4981144.790100000798702 ] } },
{ "type": "Feature", "properties": { "OBJECTID": 22496, "POINT_X": 468417.67520000041, "POINT_Y": 4981119.6176999994, "Roads": [ [ 4086, 4090, 4154 ] ], "NeighboringIntersections": "[[{2213: 1.0238037918537586, 2217: 11.025966025689248}]]" }, "geometry": { "type": "Point", "coordinates": [ 468417.675200000405312, 4981119.61769999936223 ] } },
{ "type": "Feature", "properties": { "OBJECTID": 22497, "POINT_X": 468418.07990000024, "POINT_Y": 4985874.09, "Roads": [ [ 4007, 4079, 4087 ] ], "NeighboringIntersections": "[[{2170: 36.05108796660279, 2210: 16.216072075704975, 2216: 16.224956517121655}]]" }, "geometry": { "type": "Point", "coordinates": [ 468418.079900000244379, 4985874.089999999850988 ] } },
{ "type": "Feature", "properties": { "OBJECTID": 22503, "POINT_X": 468419.22879999969, "POINT_Y": 4986273.0141000003, "Roads": [ [ 4087, 4088, 4089 ] ], "NeighboringIntersections": "[[{2215: 16.224956517121655, 2138: 50.04791737353216, 2219: 15.728627468225646}]]" }, "geometry": { "type": "Point", "coordinates": [ 468419.228799999691546, 4986273.01410000026226 ] } },
{ "type": "Feature", "properties": { "OBJECTID": 22504, "POINT_X": 468419.5872, "POINT_Y": 4980848.5395, "Roads": [ [ 4090, 4091, 4111 ] ], "NeighboringIntersections": "[[{2214: 11.025966025689248, 2228: 5.842680438476345}]]" }, "geometry": { "type": "Point", "coordinates": [ 468419.587199999950826, 4980848.5395 ] } },
{ "type": "Feature", "properties": { "OBJECTID": 22513, "POINT_X": 468420.80950000044, "POINT_Y": 4984141.3257, "Roads": [ [ 4068, 4094, 4163 ] ], "NeighboringIntersections": "[[{2204: 11.481213752319794, 2233: 39.95736552525447}]]" }, "geometry": { "type": "Point", "coordinates": [ 468420.809500000439584, 4984141.3257 ] } },
{ "type": "Feature", "properties": { "OBJECTID": 22514, "POINT_X": 468420.819, "POINT_Y": 4986659.732000001, "Roads": [ [ 4040, 4089, 4095 ] ], "NeighboringIntersections": "[[{2187: 28.305991621438654, 2216: 15.728627468225646, 2221: 2.6062875646525736}]]" }, "geometry": { "type": "Point", "coordinates": [ 468420.81900000013411, 4986659.73200000077486 ] } },
{ "type": "Feature", "properties": { "OBJECTID": 22516, "POINT_X": 468421.1908, "POINT_Y": 4986778.8232000005, "Roads": [ [ 4036, 4096, 4100 ] ], "NeighboringIntersections": "[[{2185: 29.11351756516026, 2223: 17.073317128436386, 2222: 1.8319373655889273}]]" }, "geometry": { "type": "Point", "coordinates": [ 468421.190799999982119, 4986778.823200000450015 ] } },
{ "type": "Feature", "properties": { "OBJECTID": 22517, "POINT_X": 468421.215, "POINT_Y": 4986723.8116999995, "Roads": [ [ 4095, 4097, 4098, 4130 ] ], "NeighboringIntersections": "[[{2219: 2.6062875646525736, 2187: 1.0534159255784827, 2222: 0.4054671558495366, 2239: 0.856163376955715}]]" }, "geometry": { "type": "Point", "coordinates": [ 468421.214999999850988, 4986723.811699999496341 ] } },
{ "type": "Feature", "properties": { "OBJECTID": 22518, "POINT_X": 468421.22140000015, "POINT_Y": 4986733.781, "Roads": [ [ 4098, 4099, 4100, 4132 ] ], "NeighboringIntersections": "[[{2221: 0.4054671558495366, 2185: 1.7459540183078663, 2220: 1.8319373655889273, 2240: 0.856296240132798}]]" }, "geometry": { "type": "Point", "coordinates": [ 468421.221400000154972, 4986733.780999999493361 ] } },
{ "type": "Feature", "properties": { "OBJECTID": 22521, "POINT_X": 468422.3981999997, "POINT_Y": 4987198.6056999993, "Roads": [ [ 4096, 4101, 4102 ] ], "NeighboringIntersections": "[[{2220: 17.073317128436386, 2137: 52.211852018047296, 2224: 14.439532401592519}]]" }, "geometry": { "type": "Point", "coordinates": [ 468422.398199999704957, 4987198.605699999257922 ] } },
{ "type": "Feature", "properties": { "OBJECTID": 22522, "POINT_X": 468422.882, "POINT_Y": 4987553.6328999996, "Roads": [ [ 4102, 4103, 4104 ] ], "NeighboringIntersections": "[[{2223: 14.439532401592519, 2174: 31.645217011520252, 2225: 14.20646649808701}]]" }, "geometry": { "type": "Point", "coordinates": [ 468422.882000000216067, 4987553.63289999961853 ] } },
{ "type": "Feature", "properties": { "OBJECTID": 22523, "POINT_X": 468423.017, "POINT_Y": 4987902.9294000007, "Roads": [ [ 4104, 4105, 4106, 4139 ] ], "NeighboringIntersections": "[[{2224: 14.20646649808701, 2174: 3.3045267649613805, 2226: 14.544899738093067, 2244: 1.106113115981791}]]" }, "geometry": { "type": "Point", "coordinates": [ 468423.017, 4987902.929400000721216 ] } },
{ "type": "Feature", "properties": { "OBJECTID": 22524, "POINT_X": 468423.42559999973, "POINT_Y": 4988260.5472, "Roads": [ [ 4014, 4106, 4107 ] ], "NeighboringIntersections": "[[{2174: 32.42164735841997, 2225: 14.544899738093067, 2227: 32.50331216460909}]]" }, "geometry": { "type": "Point", "coordinates": [ 468423.425599999725819, 4988260.5472 ] } },
{ "type": "Feature", "properties": { "OBJECTID": 22527, "POINT_X": 468425.83690000046, "POINT_Y": 4989059.7072000001, "Roads": [ [ 4107, 4108, 4109 ] ], "NeighboringIntersections": "[[{2226: 32.50331216460909, 2134: 50.03246473854606, 2229: 14.332390319520242}]]" }, "geometry": { "type": "Point", "coordinates": [ 468425.836900000460446, 4989059.7072 ] } },
{ "type": "Feature", "properties": { "OBJECTID": 22530, "POINT_X": 468426.57809999958, "POINT_Y": 4980705.0587000009, "Roads": [ [ 4110, 4111, 4124, 4166 ] ], "NeighboringIntersections": "[[{2206: 0.7556005060842856, 2217: 5.842680438476345}]]" }, "geometry": { "type": "Point", "coordinates": [ 468426.578099999576807, 4980705.058700000867248 ] } },
{ "type": "Feature", "properties": { "OBJECTID": 22534, "POINT_X": 468427.78220000025, "POINT_Y": 4989412.0913999993, "Roads": [ [ 4055, 4109, 4112 ] ], "NeighboringIntersections": "[[{2196: 28.22546054094568, 2227: 14.332390319520242, 2230: 2.043601049665619}]]" }, "geometry": { "type": "Point", "coordinates": [ 468427.782200000248849, 4989412.091399999335408 ] } },
{ "type": "Feature", "properties": { "OBJECTID": 22536, "POINT_X": 468427.997, "POINT_Y": 4989462.3368999995, "Roads": [ [ 4112, 4113, 4114, 4145 ] ], "NeighboringIntersections": "[[{2229: 2.043601049665619, 2196: 0.9442556241375131, 2231: 0.41188651373802715, 2248: 0.7880550575181403}]]" }, "geometry": { "type": "Point", "coordinates": [ 468427.997000000439584, 4989462.336899999529123 ] } },
{ "type": "Feature", "properties": { "OBJECTID": 22537, "POINT_X": 468428.11909999978, "POINT_Y": 4989472.4633000009, "Roads": [ [ 4114, 4115, 4116, 4147 ] ], "NeighboringIntersections": "[[{2230: 0.41188651373802715, 2184: 1.9995669959312696, 2232: 2.0771797539600496, 2249: 0.7886362200336043}]]" }, "geometry": { "type": "Point", "coordinates": [ 468428.119099999777973, 4989472.463300000876188 ] } },
{ "type": "Feature", "properties": { "OBJECTID": 22538, "POINT_X": 468428.38370000012, "POINT_Y": 4989523.5344999991, "Roads": [ [ 4034, 4116, 4117 ] ], "NeighboringIntersections": "[[{2184: 28.52160030250108, 2231: 2.0771797539600496, 2235: 16.522937690909835}]]" }, "geometry": { "type": "Point", "coordinates": [ 468428.38370000012219, 4989523.534499999135733 ] } },
{ "type": "Feature", "properties": { "OBJECTID": 22555, "POINT_X": 468433.19539999962, "POINT_Y": 4985123.6477000006, "Roads": [ [ 4094, 4118, 4119 ] ], "NeighboringIntersections": "[[{2218: 39.95736552525447, 2234: 14.297039354485271}]]" }, "geometry": { "type": "Point", "coordinates": [ 468433.19539999961853, 4985123.647700000554323 ] } },
{ "type": "Feature", "properties": { "OBJECTID": 22557, "POINT_X": 468433.73369999975, "POINT_Y": 4985475.1701999996, "Roads": [ [ 4118, 4120, 4121, 4160 ] ], "NeighboringIntersections": "[[{2233: 14.297039354485271, 2210: 1.078125263786432, 2236: 13.38498127608951}]]" }, "geometry": { "type": "Point", "coordinates": [ 468433.73369999974966, 4985475.170199999585748 ] } },
{ "type": "Feature", "properties": { "OBJECTID": 22561, "POINT_X": 468434.56709999964, "POINT_Y": 4989929.7379000001, "Roads": [ [ 4117, 4122, 4123 ] ], "NeighboringIntersections": "[[{2232: 16.522937690909835, 2135: 50.49633256186623}]]" }, "geometry": { "type": "Point", "coordinates": [ 468434.567099999636412, 4989929.7379 ] } },
{ "type": "Feature", "properties": { "OBJECTID": 22565, "POINT_X": 468435.21530000027, "POINT_Y": 4985804.2643999998, "Roads": [ [ 4121, 4125, 4161 ] ], "NeighboringIntersections": "[[{2234: 13.38498127608951, 2237: 16.26049906031586}]]" }, "geometry": { "type": "Point", "coordinates": [ 468435.215300000272691, 4985804.264399999752641 ] } },
{ "type": "Feature", "properties": { "OBJECTID": 22566, "POINT_X": 468436.21829999983, "POINT_Y": 4986204.0592, "Roads": [ [ 4125, 4126, 4167 ] ], "NeighboringIntersections": "[[{2236: 16.26049906031586, 2238: 19.67289243150056}]]" }, "geometry": { "type": "Point", "coordinates": [ 468436.218299999833107, 4986204.0592 ] } },
{ "type": "Feature", "properties": { "OBJECTID": 22573, "POINT_X": 468438.30840000045, "POINT_Y": 4986687.7544, "Roads": [ [ 4126, 4128, 4129 ] ], "NeighboringIntersections": "[[{2237: 19.67289243150056, 2239: 1.4710919432148144}]]" }, "geometry": { "type": "Point", "coordinates": [ 468438.308400000445545, 4986687.7544 ] } },
{ "type": "Feature", "properties": { "OBJECTID": 22574, "POINT_X": 468438.43790000025, "POINT_Y": 4986723.9242000002, "Roads": [ [ 4128, 4130, 4131, 4159 ] ], "NeighboringIntersections": "[[{2238: 1.4710919432148144, 2221: 0.856163376955715, 2240: 0.4037183720393794}]]" }, "geometry": { "type": "Point", "coordinates": [ 468438.43790000025183, 4986723.924200000241399 ] } },
{ "type": "Feature", "properties": { "OBJECTID": 22575, "POINT_X": 468438.44720000029, "POINT_Y": 4986733.8505000006, "Roads": [ [ 4131, 4132, 4133, 4158 ] ], "NeighboringIntersections": "[[{2239: 0.4037183720393794, 2222: 0.856296240132798, 2241: 2.3923027311964082}]]" }, "geometry": { "type": "Point", "coordinates": [ 468438.447200000286102, 4986733.85050000064075 ] } },
{ "type": "Feature", "properties": { "OBJECTID": 22576, "POINT_X": 468438.5022, "POINT_Y": 4986792.6704999991, "Roads": [ [ 4133, 4134, 4135 ] ], "NeighboringIntersections": "[[{2240: 2.3923027311964082, 2242: 15.748037210432788}]]" }, "geometry": { "type": "Point", "coordinates": [ 468438.502199999988079, 4986792.670499999076128 ] } },
{ "type": "Feature", "properties": { "OBJECTID": 22578, "POINT_X": 468439.94070000015, "POINT_Y": 4987179.8662, "Roads": [ [ 4134, 4136, 4169 ] ], "NeighboringIntersections": "[[{2241: 15.748037210432788, 2243: 15.189705072401914}]]" }, "geometry": { "type": "Point", "coordinates": [ 468439.940700000151992, 4987179.8662 ] } },
{ "type": "Feature", "properties": { "OBJECTID": 22580, "POINT_X": 468440.23379999958, "POINT_Y": 4987553.3377, "Roads": [ [ 4136, 4137, 4138 ] ], "NeighboringIntersections": "[[{2242: 15.189705072401914, 2244: 14.213196446170834}]]" }, "geometry": { "type": "Point", "coordinates": [ 468440.233799999579787, 4987553.3377 ] } },
{ "type": "Feature", "properties": { "OBJECTID": 22582, "POINT_X": 468440.32320000045, "POINT_Y": 4987902.7994, "Roads": [ [ 4137, 4139, 4140, 4164 ] ], "NeighboringIntersections": "[[{2243: 14.213196446170834, 2225: 1.106113115981791, 2245: 12.194428602830262}]]" }, "geometry": { "type": "Point", "coordinates": [ 468440.323200000450015, 4987902.7994 ] } },
{ "type": "Feature", "properties": { "OBJECTID": 22583, "POINT_X": 468440.7697000001, "POINT_Y": 4988202.6256000008, "Roads": [ [ 4140, 4141, 4165 ] ], "NeighboringIntersections": "[[{2244: 12.194428602830262, 2246: 31.67497044616259}]]" }, "geometry": { "type": "Point", "coordinates": [ 468440.769700000062585, 4988202.625600000843406 ] } },
{ "type": "Feature", "properties": { "OBJECTID": 22585, "POINT_X": 468442.5115, "POINT_Y": 4988981.4182999991, "Roads": [ [ 4141, 4142, 4168 ] ], "NeighboringIntersections": "[[{2245: 31.67497044616259, 2247: 17.54838362612562}]]" }, "geometry": { "type": "Point", "coordinates": [ 468442.511500000022352, 4988981.418299999088049 ] } },
{ "type": "Feature", "properties": { "OBJECTID": 22588, "POINT_X": 468444.91469999962, "POINT_Y": 4989412.8735000007, "Roads": [ [ 4142, 4143, 4144 ] ], "NeighboringIntersections": "[[{2246: 17.54838362612562, 2248: 1.8995328555562982}]]" }, "geometry": { "type": "Point", "coordinates": [ 468444.91469999961555, 4989412.873500000685453 ] } },
{ "type": "Feature", "properties": { "OBJECTID": 22590, "POINT_X": 468445.3937, "POINT_Y": 4989459.5747999996, "Roads": [ [ 4143, 4145, 4146, 4157 ] ], "NeighboringIntersections": "[[{2247: 1.8995328555562982, 2230: 0.7880550575181403, 2249: 0.4144527681764727}]]" }, "geometry": { "type": "Point", "coordinates": [ 468445.393699999898672, 4989459.574799999594688 ] } },
{ "type": "Feature", "properties": { "OBJECTID": 22591, "POINT_X": 468445.53880000021, "POINT_Y": 4989469.764, "Roads": [ [ 4146, 4147, 4148, 4156 ] ], "NeighboringIntersections": "[[{2248: 0.4144527681764727, 2231: 0.7886362200336043, 2250: 2.213730021333325}]]" }, "geometry": { "type": "Point", "coordinates": [ 468445.538800000213087, 4989469.764000000432134 ] } },
{ "type": "Feature", "properties": { "OBJECTID": 22592, "POINT_X": 468445.81649999972, "POINT_Y": 4989524.1919, "Roads": [ [ 4148, 4149, 4150 ] ], "NeighboringIntersections": "[[{2249: 2.213730021333325, 2251: 13.834940220499394}]]" }, "geometry": { "type": "Point", "coordinates": [ 468445.816499999724329, 4989524.1919 ] } },
{ "type": "Feature", "properties": { "OBJECTID": 22600, "POINT_X": 468450.68489999976, "POINT_Y": 4989864.3179000001, "Roads": [ [ 4149, 4151, 4170 ] ], "NeighboringIntersections": "[[{2250: 13.834940220499394}]]" }, "geometry": { "type": "Point", "coordinates": [ 468450.684899999760091, 4989864.317900000140071 ] } }
]
}
